Fighter Name,Height,Reach,Wins,Losses,Age,Weight,Fight_ID,Result,Sig_Strikes,Takedowns,Knockdowns,Control_Time,Sub_Attempts,Opp_Sig_Strikes,Opp_Takedowns,Opp_Knockdowns,Opp_Control_Time,Opp_Sub_Attempts,Round,Fighter_Link
Charles Oliveira,70,74,35,10,32,155.0,1,1,73,0,0,5:41,3,58,0,1,0:35,0,3,http://www.ufcstats.com/fighter-details/07225ba28ae309b6
Charles Oliveira,70,74,35,10,32,155.0,2,1,30,0,1,0:39,2,21,0,1,0:13,0,1,http://www.ufcstats.com/fighter-details/07225ba28ae309b6
Charles Oliveira,70,74,35,10,33,155.0,3,0,19,0,0,0:42,0,30,2,1,5:05,1,2,http://www.ufcstats.com/fighter-details/07225ba28ae309b6
Charles Oliveira,70,74,35,10,33,155.0,4,1,26,0,1,0:31,0,12,0,0,2:44,0,1,http://www.ufcstats.com/fighter-details/07225ba28ae309b6
Charles Oliveira,70,74,35,10,34,155.0,5,0,19,0,0,2:32,4,49,2,0,8:41,0,3,http://www.ufcstats.com/fighter-details/07225ba28ae309b6
Charles Oliveira,70,74,35,10,35,155.0,6,1,88,5,0,14:52,2,84,0,0,1:59,0,5,http://www.ufcstats.com/fighter-details/07225ba28ae309b6
Shavkat Rakhmonov,73,77,19,0,26,170.0,1,1,21,1,0,3:25,1,6,0,0,0:58,0,2,http://www.ufcstats.com/fighter-details/01afe0916a40c7c5
Shavkat Rakhmonov,73,77,19,0,27,170.0,2,1,13,1,1,0:52,0,10,0,0,0:44,0,1,http://www.ufcstats.com/fighter-details/01afe0916a40c7c5
Shavkat Rakhmonov,73,77,19,0,27,170.0,3,1,19,2,0,9:06,1,11,0,0,0:07,0,2,http://www.ufcstats.com/fighter-details/01afe0916a40c7c5
Shavkat Rakhmonov,73,77,19,0,28,170.0,4,1,113,0,0,3:43,1,69,0,0,1:12,0,3,http://www.ufcstats.com/fighter-details/01afe0916a40c7c5
Shavkat Rakhmonov,73,77,19,0,29,170.0,5,1,28,1,0,7:45,2,16,0,0,0:00,0,2,http://www.ufcstats.com/fighter-details/01afe0916a40c7c5
Shavkat Rakhmonov,73,77,19,0,30,170.0,6,1,37,2,0,11:41,0,42,1,0,2:32,2,5,http://www.ufcstats.com/fighter-details/01afe0916a40c7c5
Song Kenan,72,71,22,9,31,170.0,1,0,14,0,0,0:00,0,17,0,1,0:28,0,1,http://www.ufcstats.com/fighter-details/32490e80ddab1e5a
Song Kenan,72,71,22,9,32,170.0,2,0,55,2,1,0:44,0,127,0,1,0:05,0,3,http://www.ufcstats.com/fighter-details/32490e80ddab1e5a
Song Kenan,72,71,22,9,33,170.0,3,1,75,0,1,0:40,0,112,0,0,0:33,0,3,http://www.ufcstats.com/fighter-details/32490e80ddab1e5a
Song Kenan,72,71,22,9,33,170.0,4,0,62,0,0,0:00,0,134,1,0,1:26,0,3,http://www.ufcstats.com/fighter-details/32490e80ddab1e5a
Song Kenan,72,71,22,9,34,170.0,5,1,87,1,0,0:48,0,40,2,0,3:32,0,3,http://www.ufcstats.com/fighter-details/32490e80ddab1e5a
Song Kenan,72,71,22,9,34,170.0,6,0,9,0,0,0:19,0,20,0,1,0:02,0,1,http://www.ufcstats.com/fighter-details/32490e80ddab1e5a
Arman Tsarukyan,67,72,22,3,25,155.0,1,1,36,2,0,6:08,0,7,0,0,0:00,0,2,http://www.ufcstats.com/fighter-details/eae48ff31db420c2
Arman Tsarukyan,67,72,22,3,25,155.0,2,0,95,1,1,1:39,0,81,6,0,4:58,0,5,http://www.ufcstats.com/fighter-details/eae48ff31db420c2
Arman Tsarukyan,67,72,22,3,26,155.0,3,1,34,7,0,9:25,0,36,0,0,0:06,0,3,http://www.ufcstats.com/fighter-details/eae48ff31db420c2
Arman Tsarukyan,67,72,22,3,26,155.0,4,1,80,4,0,9:01,0,23,0,0,0:00,0,3,http://www.ufcstats.com/fighter-details/eae48ff31db420c2
Arman Tsarukyan,67,72,22,3,27,155.0,5,1,8,0,1,0:03,0,2,0,0,0:00,0,1,http://www.ufcstats.com/fighter-details/eae48ff31db420c2
Arman Tsarukyan,67,72,22,3,27,155.0,6,1,49,2,0,8:41,0,19,0,0,2:32,4,3,http://www.ufcstats.com/fighter-details/eae48ff31db420c2
Beneil Dariush,70,72,22,6,31,155.0,1,1,36,0,1,1:57,0,9,0,0,0:24,0,1,http://www.ufcstats.com/fighter-details/08af939f41b5a57b
Beneil Dariush,70,72,22,6,31,155.0,2,1,62,5,0,7:23,0,54,0,0,0:58,0,3,http://www.ufcstats.com/fighter-details/08af939f41b5a57b
Beneil Dariush,70,72,22,6,32,155.0,3,1,23,3,0,12:15,1,15,0,0,0:05,1,3,http://www.ufcstats.com/fighter-details/08af939f41b5a57b
Beneil Dariush,70,72,22,6,33,155.0,4,1,59,0,1,0:34,0,33,4,0,2:07,0,3,http://www.ufcstats.com/fighter-details/08af939f41b5a57b
Beneil Dariush,70,72,22,6,34,155.0,5,0,12,0,0,2:44,0,26,0,1,0:31,0,1,http://www.ufcstats.com/fighter-details/08af939f41b5a57b
Beneil Dariush,70,72,22,6,34,155.0,6,0,2,0,0,0:00,0,8,0,1,0:03,0,1,http://www.ufcstats.com/fighter-details/08af939f41b5a57b
Dustin Poirier,69,72,30,9,32,155.0,1,1,36,1,0,3:18,0,27,0,0,0:00,1,1,http://www.ufcstats.com/fighter-details/029eaff01e6bb8f0
Dustin Poirier,69,72,30,9,32,155.0,2,0,58,0,1,0:35,0,73,0,0,5:41,3,3,http://www.ufcstats.com/fighter-details/029eaff01e6bb8f0
Dustin Poirier,69,72,30,9,33,155.0,3,1,38,0,0,0:47,2,43,3,0,5:39,0,3,http://www.ufcstats.com/fighter-details/029eaff01e6bb8f0
Dustin Poirier,69,72,30,9,34,155.0,4,0,27,0,0,0:00,0,41,0,1,0:01,0,2,http://www.ufcstats.com/fighter-details/029eaff01e6bb8f0
Dustin Poirier,69,72,30,9,35,155.0,5,1,28,0,1,0:31,4,50,3,0,4:53,1,2,http://www.ufcstats.com/fighter-details/029eaff01e6bb8f0
Dustin Poirier,69,72,30,9,35,155.0,6,0,74,0,0,0:30,0,88,5,0,10:23,2,5,http://www.ufcstats.com/fighter-details/029eaff01e6bb8f0
Geoff Neal,71,75,16,6,30,170.0,1,0,35,1,0,3:50,0,55,2,0,1:43,0,3,http://www.ufcstats.com/fighter-details/b997be68943010fc
Geoff Neal,71,75,16,6,31,170.0,2,1,85,0,0,0:03,0,91,1,0,0:23,0,3,http://www.ufcstats.com/fighter-details/b997be68943010fc
Geoff Neal,71,75,16,6,31,170.0,3,1,121,1,2,0:47,0,97,0,0,0:00,0,3,http://www.ufcstats.com/fighter-details/b997be68943010fc
Geoff Neal,71,75,16,6,32,170.0,4,0,69,0,0,1:12,0,113,0,0,3:43,1,3,http://www.ufcstats.com/fighter-details/b997be68943010fc
Geoff Neal,71,75,16,6,33,170.0,5,0,46,0,0,3:45,0,67,0,0,0:12,0,3,http://www.ufcstats.com/fighter-details/b997be68943010fc
Geoff Neal,71,75,16,6,34,170.0,6,1,18,1,1,0:27,0,4,0,0,0:00,0,1,http://www.ufcstats.com/fighter-details/b997be68943010fc
Neil Magny,75,80,29,14,35,170.0,1,0,4,0,0,0:00,0,5,1,0,2:35,1,1,http://www.ufcstats.com/fighter-details/84b3e7d38f2d2ec5
Neil Magny,75,80,29,14,35,170.0,2,1,29,0,0,4:31,0,34,1,0,4:38,0,3,http://www.ufcstats.com/fighter-details/84b3e7d38f2d2ec5
Neil Magny,75,80,29,14,36,170.0,3,0,27,0,0,1:10,0,91,2,0,2:32,0,3,http://www.ufcstats.com/fighter-details/84b3e7d38f2d2ec5
Neil Magny,75,80,29,14,36,170.0,4,1,57,1,0,1:47,0,45,4,0,6:02,0,3,http://www.ufcstats.com/fighter-details/84b3e7d38f2d2ec5
Neil Magny,75,80,29,14,37,170.0,5,0,5,0,0,2:05,0,34,0,1,1:16,0,1,http://www.ufcstats.com/fighter-details/84b3e7d38f2d2ec5
Neil Magny,75,80,29,14,37,170.0,6,0,10,0,0,1:31,0,12,1,2,1:09,0,1,http://www.ufcstats.com/fighter-details/84b3e7d38f2d2ec5
Dan Hooker,72,75,24,12,31,155.0,1,1,73,3,0,7:04,0,27,0,0,0:03,0,3,http://www.ufcstats.com/fighter-details/193b9d1858bc4df3
Dan Hooker,72,75,24,12,31,155.0,2,0,4,0,0,0:00,0,2,1,0,1:48,2,1,http://www.ufcstats.com/fighter-details/193b9d1858bc4df3
Dan Hooker,72,75,24,12,32,145.0,3,0,14,0,0,0:00,0,49,0,0,0:02,0,1,http://www.ufcstats.com/fighter-details/193b9d1858bc4df3
Dan Hooker,72,75,24,12,32,155.0,4,1,29,0,1,2:08,1,5,0,0,0:08,1,2,http://www.ufcstats.com/fighter-details/193b9d1858bc4df3
Dan Hooker,72,75,24,12,33,155.0,5,1,125,0,1,3:09,1,100,1,0,0:18,0,3,http://www.ufcstats.com/fighter-details/193b9d1858bc4df3
Dan Hooker,72,75,24,12,34,155.0,6,1,65,0,0,1:28,0,64,5,0,4:59,0,3,http://www.ufcstats.com/fighter-details/193b9d1858bc4df3
Rafael Dos Anjos,68,70,32,17,37,170.0,1,1,149,5,1,13:22,0,88,0,0,0:30,0,5,http://www.ufcstats.com/fighter-details/6a2f7c151031653d
Rafael Dos Anjos,68,70,32,17,37,155.0,2,0,54,2,0,6:13,0,64,0,1,2:59,0,5,http://www.ufcstats.com/fighter-details/6a2f7c151031653d
Rafael Dos Anjos,68,70,32,17,38,170.0,3,1,20,4,0,6:36,2,14,0,0,0:35,0,2,http://www.ufcstats.com/fighter-details/6a2f7c151031653d
Rafael Dos Anjos,68,70,32,17,38,170.0,4,0,66,2,0,3:54,1,72,8,0,12:01,0,5,http://www.ufcstats.com/fighter-details/6a2f7c151031653d
Rafael Dos Anjos,68,70,32,17,39,155.0,5,0,36,0,1,0:11,0,57,11,0,7:01,0,3,http://www.ufcstats.com/fighter-details/6a2f7c151031653d
Rafael Dos Anjos,68,70,32,17,40,170.0,6,0,4,0,0,0:00,0,18,1,1,0:27,0,1,http://www.ufcstats.com/fighter-details/6a2f7c151031653d
Brian Ortega,68,69,16,4,27,145.0,1,0,110,2,0,2:25,0,290,1,0,0:16,0,4,http://www.ufcstats.com/fighter-details/def8166ff24bd237
Brian Ortega,68,69,16,4,29,145.0,2,1,127,3,2,0:57,0,62,0,0,0:00,0,5,http://www.ufcstats.com/fighter-details/def8166ff24bd237
Brian Ortega,68,69,16,4,30,145.0,3,0,88,2,0,0:54,3,214,0,0,3:51,0,5,http://www.ufcstats.com/fighter-details/def8166ff24bd237
Brian Ortega,68,69,16,4,31,145.0,4,0,22,1,0,2:24,0,23,0,0,0:00,0,1,http://www.ufcstats.com/fighter-details/def8166ff24bd237
Brian Ortega,68,69,16,4,33,145.0,5,1,28,3,0,5:21,1,55,0,1,1:32,0,3,http://www.ufcstats.com/fighter-details/def8166ff24bd237
Brian Ortega,68,69,16,4,33,145.0,6,0,63,0,0,0:06,0,106,1,0,2:45,0,3,http://www.ufcstats.com/fighter-details/def8166ff24bd237
Gavin Tucker,66,66,13,3,31,145.0,1,0,23,0,0,0:15,1,142,4,1,7:46,1,3,http://www.ufcstats.com/fighter-details/da816417a579a0bd
Gavin Tucker,66,66,13,3,33,145.0,2,1,37,5,0,6:05,2,23,2,0,0:49,0,3,http://www.ufcstats.com/fighter-details/da816417a579a0bd
Gavin Tucker,66,66,13,3,34,145.0,3,1,87,1,0,1:24,4,41,0,1,0:38,1,3,http://www.ufcstats.com/fighter-details/da816417a579a0bd
Gavin Tucker,66,66,13,3,34,145.0,4,1,106,7,0,5:14,0,84,0,0,0:25,0,3,http://www.ufcstats.com/fighter-details/da816417a579a0bd
Gavin Tucker,66,66,13,3,34,145.0,5,0,1,0,0,0:00,0,1,0,1,0:01,0,1,http://www.ufcstats.com/fighter-details/da816417a579a0bd
Gavin Tucker,66,66,13,3,37,145.0,6,0,0,1,0,0:39,0,0,0,0,0:00,3,1,http://www.ufcstats.com/fighter-details/da816417a579a0bd
Movsar Evloev,67,72,19,0,26,145.0,1,1,82,2,0,4:36,0,46,1,0,1:26,2,3,http://www.ufcstats.com/fighter-details/76e2870ffafbe38f
Movsar Evloev,67,72,19,0,27,145.0,2,1,42,9,0,8:55,2,39,0,0,0:16,0,3,http://www.ufcstats.com/fighter-details/76e2870ffafbe38f
Movsar Evloev,67,72,19,0,28,145.0,3,1,68,9,0,6:47,0,42,0,0,0:10,0,3,http://www.ufcstats.com/fighter-details/76e2870ffafbe38f
Movsar Evloev,67,72,19,0,29,145.0,4,1,88,4,0,8:30,0,37,0,0,0:41,4,3,http://www.ufcstats.com/fighter-details/76e2870ffafbe38f
Movsar Evloev,67,72,19,0,29,145.0,5,1,51,5,0,3:31,0,59,0,0,0:03,1,3,http://www.ufcstats.com/fighter-details/76e2870ffafbe38f
Movsar Evloev,67,72,19,0,30,145.0,6,1,8,4,0,6:09,0,12,6,0,6:16,0,3,http://www.ufcstats.com/fighter-details/76e2870ffafbe38f
Arnold Allen,68,70,20,3,27,145.0,1,1,21,2,1,5:09,0,47,0,0,2:33,1,3,http://www.ufcstats.com/fighter-details/040a74bb0a465c54
Arnold Allen,68,70,20,3,28,145.0,2,1,49,0,0,0:02,0,14,0,0,0:00,0,1,http://www.ufcstats.com/fighter-details/040a74bb0a465c54
Arnold Allen,68,70,20,3,28,145.0,3,1,28,0,0,0:23,0,14,0,0,0:00,0,2,http://www.ufcstats.com/fighter-details/040a74bb0a465c54
Arnold Allen,68,70,20,3,29,145.0,4,0,76,0,0,0:42,0,147,0,0,0:03,0,5,http://www.ufcstats.com/fighter-details/040a74bb0a465c54
Arnold Allen,68,70,20,3,29,145.0,5,0,59,0,0,0:03,1,51,5,0,3:31,0,3,http://www.ufcstats.com/fighter-details/040a74bb0a465c54
Arnold Allen,68,70,20,3,30,145.0,6,1,61,0,0,0:00,0,38,0,0,0:00,0,3,http://www.ufcstats.com/fighter-details/040a74bb0a465c54
Ilia Topuria,67,69,16,0,24,145.0,1,1,18,0,0,1:20,0,10,0,0,0:00,0,1,http://www.ufcstats.com/fighter-details/54f64b5e283b0ce7
Ilia Topuria,67,69,16,0,25,155.0,2,1,20,1,1,2:41,0,22,0,1,0:07,0,2,http://www.ufcstats.com/fighter-details/54f64b5e283b0ce7
Ilia Topuria,67,69,16,0,25,145.0,3,1,40,0,1,1:18,1,36,1,0,1:29,0,2,http://www.ufcstats.com/fighter-details/54f64b5e283b0ce7
Ilia Topuria,67,69,16,0,26,145.0,4,1,152,3,1,3:35,0,87,0,0,0:00,0,5,http://www.ufcstats.com/fighter-details/54f64b5e283b0ce7
Ilia Topuria,67,69,16,0,27,145.0,5,1,35,0,1,0:03,0,47,0,0,0:00,0,2,http://www.ufcstats.com/fighter-details/54f64b5e283b0ce7
Ilia Topuria,67,69,16,0,27,145.0,6,1,75,2,1,0:45,0,79,0,0,0:00,0,3,http://www.ufcstats.com/fighter-details/54f64b5e283b0ce7
Max Holloway,71,69,26,8,29,145.0,1,1,230,3,0,6:49,1,159,1,0,1:20,0,5,http://www.ufcstats.com/fighter-details/150ff4cc642270b9
Max Holloway,71,69,26,8,30,145.0,2,0,127,0,0,0:16,0,199,0,0,1:57,0,5,http://www.ufcstats.com/fighter-details/150ff4cc642270b9
Max Holloway,71,69,26,8,31,145.0,3,1,147,0,0,0:03,0,76,0,0,0:42,0,5,http://www.ufcstats.com/fighter-details/150ff4cc642270b9
Max Holloway,71,69,26,8,31,145.0,4,1,75,0,2,0:57,1,34,0,0,0:15,0,3,http://www.ufcstats.com/fighter-details/150ff4cc642270b9
Max Holloway,71,69,26,8,32,155.0,5,1,181,0,1,0:00,0,103,0,0,0:00,0,5,http://www.ufcstats.com/fighter-details/150ff4cc642270b9
Max Holloway,71,69,26,8,32,145.0,6,0,79,0,0,0:00,0,75,2,1,0:45,0,3,http://www.ufcstats.com/fighter-details/150ff4cc642270b9
Petr Yan,67,67,18,5,28,135.0,1,1,149,0,1,1:09,1,169,1,0,0:20,0,5,http://www.ufcstats.com/fighter-details/d661ce4da776fc20
Petr Yan,67,67,18,5,29,135.0,2,0,63,0,0,5:52,0,62,2,0,8:31,0,5,http://www.ufcstats.com/fighter-details/d661ce4da776fc20
Petr Yan,67,67,18,5,29,135.0,3,0,58,6,0,5:44,0,84,0,0,0:02,0,3,http://www.ufcstats.com/fighter-details/d661ce4da776fc20
Petr Yan,67,67,18,5,30,135.0,4,0,75,1,0,1:50,0,147,11,0,6:53,0,5,http://www.ufcstats.com/fighter-details/d661ce4da776fc20
Petr Yan,67,67,18,5,31,135.0,5,1,99,2,0,1:47,0,86,1,0,1:40,0,3,http://www.ufcstats.com/fighter-details/d661ce4da776fc20
Petr Yan,67,67,18,5,31,135.0,6,1,121,1,0,3:21,0,53,2,0,3:00,0,5,http://www.ufcstats.com/fighter-details/d661ce4da776fc20
Colby Covington,71,72,17,5,31,170.0,1,0,143,0,0,0:00,0,175,0,2,0:11,0,5,http://www.ufcstats.com/fighter-details/dc9572dd6ec74859
Colby Covington,71,72,17,5,32,170.0,2,1,78,3,0,12:01,0,34,1,0,0:14,0,5,http://www.ufcstats.com/fighter-details/dc9572dd6ec74859
Colby Covington,71,72,17,5,33,170.0,3,0,107,0,0,1:54,0,123,1,2,1:16,0,5,http://www.ufcstats.com/fighter-details/dc9572dd6ec74859
Colby Covington,71,72,17,5,34,170.0,4,1,94,6,0,16:14,1,67,0,0,0:21,0,5,http://www.ufcstats.com/fighter-details/dc9572dd6ec74859
Colby Covington,71,72,17,5,35,170.0,5,0,44,2,0,5:04,0,57,2,0,1:27,2,5,http://www.ufcstats.com/fighter-details/dc9572dd6ec74859
Colby Covington,71,72,17,5,36,170.0,6,0,37,1,0,3:40,0,75,0,0,1:18,1,3,http://www.ufcstats.com/fighter-details/dc9572dd6ec74859
Stephen Thompson,72,75,17,8,37,170.0,1,1,171,0,0,0:00,0,85,0,0,3:46,0,5,http://www.ufcstats.com/fighter-details/4a28cb716c19157a
Stephen Thompson,72,75,17,8,38,170.0,2,0,19,0,0,0:00,0,29,3,0,7:13,0,3,http://www.ufcstats.com/fighter-details/4a28cb716c19157a
Stephen Thompson,72,75,17,8,38,170.0,3,0,19,0,0,0:52,0,58,7,0,11:57,1,3,http://www.ufcstats.com/fighter-details/4a28cb716c19157a
Stephen Thompson,72,75,17,8,39,170.0,4,1,163,0,0,0:47,0,119,2,0,1:21,0,4,http://www.ufcstats.com/fighter-details/4a28cb716c19157a
Stephen Thompson,72,75,17,8,40,170.0,5,0,16,0,0,0:00,0,28,1,0,7:45,2,2,http://www.ufcstats.com/fighter-details/4a28cb716c19157a
Stephen Thompson,72,75,17,8,41,170.0,6,0,49,0,0,0:03,0,34,4,1,4:13,0,3,http://www.ufcstats.com/fighter-details/4a28cb716c19157a
Andre Fialho,72,74,16,8,28,170.0,1,1,32,0,1,0:03,0,24,0,0,0:00,0,1,http://www.ufcstats.com/fighter-details/33efaf2d0941cfcf
Andre Fialho,72,74,16,8,28,170.0,2,1,17,0,1,0:02,0,19,0,0,0:00,0,1,http://www.ufcstats.com/fighter-details/33efaf2d0941cfcf
Andre Fialho,72,74,16,8,28,170.0,3,0,18,0,0,0:00,0,47,0,1,0:00,0,2,http://www.ufcstats.com/fighter-details/33efaf2d0941cfcf
Andre Fialho,72,74,16,8,28,170.0,4,0,17,0,0,0:20,0,56,1,0,3:07,0,3,http://www.ufcstats.com/fighter-details/33efaf2d0941cfcf
Andre Fialho,72,74,16,8,29,170.0,5,0,22,0,0,0:07,0,26,2,1,0:23,0,2,http://www.ufcstats.com/fighter-details/33efaf2d0941cfcf
Andre Fialho,72,74,16,8,29,170.0,6,0,51,1,0,0:48,0,104,0,2,2:51,0,3,http://www.ufcstats.com/fighter-details/33efaf2d0941cfcf
Aleksandar Rakic,76,78,14,5,27,205.0,1,0,75,1,0,2:38,1,63,0,0,0:32,0,3,http://www.ufcstats.com/fighter-details/333b9e5c723ac873
Aleksandar Rakic,76,78,14,5,28,205.0,2,1,44,0,1,12:14,0,9,0,0,0:36,0,3,http://www.ufcstats.com/fighter-details/333b9e5c723ac873
Aleksandar Rakic,76,78,14,5,29,205.0,3,1,36,0,0,2:32,0,49,0,0,0:00,0,3,http://www.ufcstats.com/fighter-details/333b9e5c723ac873
Aleksandar Rakic,76,78,14,5,30,205.0,4,0,27,1,0,4:33,0,31,0,0,0:01,1,3,http://www.ufcstats.com/fighter-details/333b9e5c723ac873
Aleksandar Rakic,76,78,14,5,32,205.0,5,0,58,0,0,0:00,0,69,1,0,0:38,0,2,http://www.ufcstats.com/fighter-details/333b9e5c723ac873
Aleksandar Rakic,76,78,14,5,32,205.0,6,0,53,0,0,1:00,0,55,0,0,1:31,0,3,http://www.ufcstats.com/fighter-details/333b9e5c723ac873
Glover Teixeira,74,76,33,9,39,205.0,1,1,43,1,0,4:22,2,47,2,0,4:39,1,3,http://www.ufcstats.com/fighter-details/7ff97850e8c32bda
Glover Teixeira,74,76,33,9,40,205.0,2,1,138,1,1,7:58,0,86,1,0,0:07,0,5,http://www.ufcstats.com/fighter-details/7ff97850e8c32bda
Glover Teixeira,74,76,33,9,41,205.0,3,1,46,4,0,9:03,2,40,0,1,1:18,0,3,http://www.ufcstats.com/fighter-details/7ff97850e8c32bda
Glover Teixeira,74,76,33,9,42,205.0,4,1,23,2,0,5:17,2,28,0,0,0:15,0,2,http://www.ufcstats.com/fighter-details/7ff97850e8c32bda
Glover Teixeira,74,76,33,9,42,205.0,5,0,111,5,0,9:47,1,120,0,0,4:29,1,5,http://www.ufcstats.com/fighter-details/7ff97850e8c32bda
Glover Teixeira,74,76,33,9,43,205.0,6,0,75,2,0,3:26,0,232,0,0,3:26,0,5,http://www.ufcstats.com/fighter-details/7ff97850e8c32bda
Volkan Oezdemir,74,75,20,8,32,205.0,1,0,48,0,0,0:00,0,66,1,1,1:45,0,3,http://www.ufcstats.com/fighter-details/0845c81e37d3bcb3
Volkan Oezdemir,74,75,20,8,32,205.0,2,1,72,1,0,5:09,0,33,0,0,0:07,0,3,http://www.ufcstats.com/fighter-details/0845c81e37d3bcb3
Volkan Oezdemir,74,75,20,8,33,205.0,3,0,42,1,0,0:47,0,57,7,0,9:17,1,3,http://www.ufcstats.com/fighter-details/0845c81e37d3bcb3
Volkan Oezdemir,74,75,20,8,33,205.0,4,1,26,1,1,1:23,1,8,0,0,0:00,0,1,http://www.ufcstats.com/fighter-details/0845c81e37d3bcb3
Volkan Oezdemir,74,75,20,8,34,205.0,5,1,37,0,2,0:06,0,15,0,0,0:00,0,1,http://www.ufcstats.com/fighter-details/0845c81e37d3bcb3
Volkan Oezdemir,74,75,20,8,35,205.0,6,0,96,0,0,0:03,0,98,0,0,0:00,0,3,http://www.ufcstats.com/fighter-details/0845c81e37d3bcb3
Khalil Rountree Jr.,73,76,14,6,31,205.0,1,1,38,0,1,0:00,0,23,0,0,0:00,0,2,http://www.ufcstats.com/fighter-details/749f572d1d3161fb
Khalil Rountree Jr.,73,76,14,6,32,205.0,2,1,26,0,2,0:15,0,17,0,0,0:00,0,2,http://www.ufcstats.com/fighter-details/749f572d1d3161fb
Khalil Rountree Jr.,73,76,14,6,32,205.0,3,1,85,0,0,0:00,0,120,0,0,0:05,0,3,http://www.ufcstats.com/fighter-details/749f572d1d3161fb
Khalil Rountree Jr.,73,76,14,6,33,205.0,4,1,16,0,1,0:31,0,8,0,0,0:04,0,1,http://www.ufcstats.com/fighter-details/749f572d1d3161fb
Khalil Rountree Jr.,73,76,14,6,33,205.0,5,1,53,0,1,0:58,0,47,0,0,0:11,0,3,http://www.ufcstats.com/fighter-details/749f572d1d3161fb
Khalil Rountree Jr.,73,76,14,6,34,205.0,6,0,61,0,0,0:00,0,127,0,1,0:02,0,4,http://www.ufcstats.com/fighter-details/749f572d1d3161fb
Ryan Hall,70,70,9,2,30,155.0,1,1,23,1,0,7:25,1,2,0,0,5:05,0,3,http://www.ufcstats.com/fighter-details/8866c6f509c19089
Ryan Hall,70,70,9,2,31,145.0,2,1,46,0,0,0:00,0,12,0,0,2:58,0,3,http://www.ufcstats.com/fighter-details/8866c6f509c19089
Ryan Hall,70,70,9,2,33,155.0,3,1,6,0,0,0:00,1,3,0,0,1:34,0,1,http://www.ufcstats.com/fighter-details/8866c6f509c19089
Ryan Hall,70,70,9,2,34,145.0,4,1,36,0,2,0:07,1,29,0,0,1:50,0,3,http://www.ufcstats.com/fighter-details/8866c6f509c19089
Ryan Hall,70,70,9,2,36,145.0,5,0,10,0,0,0:00,0,18,0,0,1:20,0,1,http://www.ufcstats.com/fighter-details/8866c6f509c19089
Ryan Hall,70,70,9,2,36,145.0,6,1,40,0,0,5:37,7,26,1,0,4:58,0,3,http://www.ufcstats.com/fighter-details/8866c6f509c19089
Chan Sung Jung,67,72,17,8,32,145.0,1,1,16,0,1,0:26,0,0,0,0,0:00,0,1,http://www.ufcstats.com/fighter-details/c451d67c09c55418
Chan Sung Jung,67,72,17,8,32,145.0,2,1,46,0,1,0:00,0,9,0,0,2:12,0,1,http://www.ufcstats.com/fighter-details/c451d67c09c55418
Chan Sung Jung,67,72,17,8,33,145.0,3,0,62,0,0,0:00,0,127,3,2,0:57,0,5,http://www.ufcstats.com/fighter-details/c451d67c09c55418
Chan Sung Jung,67,72,17,8,34,145.0,4,1,92,3,0,10:10,3,80,0,0,1:53,0,5,http://www.ufcstats.com/fighter-details/c451d67c09c55418
Chan Sung Jung,67,72,17,8,35,145.0,5,0,48,0,0,0:00,0,138,4,1,2:52,0,4,http://www.ufcstats.com/fighter-details/c451d67c09c55418
Chan Sung Jung,67,72,17,8,36,145.0,6,0,34,0,0,0:15,0,75,0,2,0:57,1,3,http://www.ufcstats.com/fighter-details/c451d67c09c55418
Aljamain Sterling,67,71,24,5,32,135.0,1,1,62,2,0,8:31,0,63,0,0,5:52,0,5,http://www.ufcstats.com/fighter-details/cb696ebfb6598724
Aljamain Sterling,67,71,24,5,33,135.0,2,1,72,5,0,7:06,2,8,0,0,0:03,0,2,http://www.ufcstats.com/fighter-details/cb696ebfb6598724
Aljamain Sterling,67,71,24,5,33,135.0,3,1,135,4,0,4:00,0,99,3,0,5:06,0,5,http://www.ufcstats.com/fighter-details/cb696ebfb6598724
Aljamain Sterling,67,71,24,5,34,135.0,4,0,17,0,0,0:34,0,25,0,1,0:18,0,2,http://www.ufcstats.com/fighter-details/cb696ebfb6598724
Aljamain Sterling,67,71,24,5,34,145.0,5,1,39,8,0,10:43,0,8,0,0,0:05,0,3,http://www.ufcstats.com/fighter-details/cb696ebfb6598724
Aljamain Sterling,67,71,24,5,35,145.0,6,0,12,6,0,6:16,0,8,4,0,6:09,0,3,http://www.ufcstats.com/fighter-details/cb696ebfb6598724
Robert Whittaker,72,73,27,8,31,185.0,1,0,59,4,0,3:40,0,79,0,1,0:00,0,5,http://www.ufcstats.com/fighter-details/e1147d3d2dabe1ce
Robert Whittaker,72,73,27,8,31,185.0,2,1,74,1,0,0:12,0,33,0,0,0:28,0,3,http://www.ufcstats.com/fighter-details/e1147d3d2dabe1ce
Robert Whittaker,72,73,27,8,32,185.0,3,0,31,1,0,0:23,0,62,1,1,0:57,0,2,http://www.ufcstats.com/fighter-details/e1147d3d2dabe1ce
Robert Whittaker,72,73,27,8,33,185.0,4,1,95,0,0,0:00,0,67,0,0,0:00,0,3,http://www.ufcstats.com/fighter-details/e1147d3d2dabe1ce
Robert Whittaker,72,73,27,8,33,185.0,5,1,14,0,1,0:03,0,5,0,0,0:00,0,1,http://www.ufcstats.com/fighter-details/e1147d3d2dabe1ce
Robert Whittaker,72,73,27,8,33,185.0,6,0,2,0,0,0:00,0,3,2,0,3:20,1,1,http://www.ufcstats.com/fighter-details/e1147d3d2dabe1ce
Jon Jones,76,84,28,1,31,205.0,1,1,59,1,0,1:29,0,22,0,0,0:00,0,3,http://www.ufcstats.com/fighter-details/07f72a2a7591b409
Jon Jones,76,84,28,1,31,205.0,2,1,125,3,0,12:59,0,36,0,0,0:00,0,5,http://www.ufcstats.com/fighter-details/07f72a2a7591b409
Jon Jones,76,84,28,1,31,205.0,3,1,59,0,0,0:00,0,43,0,0,0:00,0,5,http://www.ufcstats.com/fighter-details/07f72a2a7591b409
Jon Jones,76,84,28,1,32,205.0,4,1,104,2,0,1:41,0,116,0,0,0:00,0,5,http://www.ufcstats.com/fighter-details/07f72a2a7591b409
Jon Jones,76,84,28,1,35,265.0,5,1,5,2,0,0:57,1,6,0,0,0:00,0,1,http://www.ufcstats.com/fighter-details/07f72a2a7591b409
Jon Jones,76,84,28,1,37,265.0,6,1,96,1,1,3:51,0,37,0,0,0:00,0,3,http://www.ufcstats.com/fighter-details/07f72a2a7591b409
Daniel Zellhuber,73,77,15,2,22,155.0,1,1,115,1,0,2:51,0,96,0,0,0:24,0,3,http://www.ufcstats.com/fighter-details/4148802ae4a50768
Daniel Zellhuber,73,77,15,2,23,155.0,2,0,52,0,0,0:00,0,71,1,0,0:38,0,3,http://www.ufcstats.com/fighter-details/4148802ae4a50768
Daniel Zellhuber,73,77,15,2,23,155.0,3,1,78,0,1,1:44,0,51,0,0,0:06,0,3,http://www.ufcstats.com/fighter-details/4148802ae4a50768
Daniel Zellhuber,73,77,15,2,24,155.0,4,1,36,0,0,0:17,1,38,0,0,0:11,0,2,http://www.ufcstats.com/fighter-details/4148802ae4a50768
Daniel Zellhuber,73,77,15,2,24,155.0,5,1,120,0,0,0:05,0,90,0,0,0:25,0,3,http://www.ufcstats.com/fighter-details/4148802ae4a50768
Daniel Zellhuber,73,77,15,2,25,155.0,6,0,121,0,1,0:15,0,156,0,0,0:00,0,3,http://www.ufcstats.com/fighter-details/4148802ae4a50768
Jonathan Martinez,68,70,19,6,28,135.0,1,1,88,2,0,0:41,0,51,0,0,0:14,0,3,http://www.ufcstats.com/fighter-details/f2477cf43c4975cc
Jonathan Martinez,68,70,19,6,28,135.0,2,1,62,0,2,3:30,0,51,1,0,0:20,0,2,http://www.ufcstats.com/fighter-details/f2477cf43c4975cc
Jonathan Martinez,68,70,19,6,28,135.0,3,1,38,0,0,6:09,1,47,3,0,4:21,2,3,http://www.ufcstats.com/fighter-details/f2477cf43c4975cc
Jonathan Martinez,68,70,19,6,29,135.0,4,1,36,0,2,0:19,0,20,0,0,0:10,0,2,http://www.ufcstats.com/fighter-details/f2477cf43c4975cc
Jonathan Martinez,68,70,19,6,30,135.0,5,0,52,0,0,1:20,0,77,1,0,1:45,0,3,http://www.ufcstats.com/fighter-details/f2477cf43c4975cc
Jonathan Martinez,68,70,19,6,30,135.0,6,0,48,0,0,0:57,0,102,0,0,0:00,0,3,http://www.ufcstats.com/fighter-details/f2477cf43c4975cc
Pedro Munhoz,66,65,20,10,34,135.0,1,0,75,0,0,0:10,0,114,0,0,0:00,0,3,http://www.ufcstats.com/fighter-details/6bd02119599741a4
Pedro Munhoz,66,65,20,10,35,135.0,2,0,74,0,1,0:10,0,103,1,0,0:06,0,3,http://www.ufcstats.com/fighter-details/6bd02119599741a4
Pedro Munhoz,66,65,20,10,36,135.0,3,1,60,0,1,2:54,0,77,0,0,0:06,0,3,http://www.ufcstats.com/fighter-details/6bd02119599741a4
Pedro Munhoz,66,65,20,10,36,135.0,4,0,113,0,0,0:00,0,141,0,0,0:00,0,3,http://www.ufcstats.com/fighter-details/6bd02119599741a4
Pedro Munhoz,66,65,20,10,37,135.0,5,0,52,1,0,0:24,0,114,0,0,0:02,0,3,http://www.ufcstats.com/fighter-details/6bd02119599741a4
Pedro Munhoz,66,65,20,10,38,135.0,6,0,95,0,0,0:02,0,109,0,0,0:00,0,3,http://www.ufcstats.com/fighter-details/6bd02119599741a4
Marlon Vera,68,70,23,10,29,135.0,1,1,159,0,3,2:05,0,271,1,0,0:18,0,5,http://www.ufcstats.com/fighter-details/7c7332319c14094c
Marlon Vera,68,70,23,10,29,135.0,2,1,61,0,3,0:10,0,92,2,0,1:05,0,4,http://www.ufcstats.com/fighter-details/7c7332319c14094c
Marlon Vera,68,70,23,10,30,135.0,3,0,58,0,0,0:09,1,128,3,0,7:08,0,5,http://www.ufcstats.com/fighter-details/7c7332319c14094c
Marlon Vera,68,70,23,10,30,135.0,4,1,141,0,0,0:00,0,113,0,0,0:00,0,3,http://www.ufcstats.com/fighter-details/7c7332319c14094c
Marlon Vera,68,70,23,10,31,135.0,5,0,89,0,0,0:00,0,230,0,0,0:03,0,5,http://www.ufcstats.com/fighter-details/7c7332319c14094c
Marlon Vera,68,70,23,10,31,135.0,6,0,52,0,0,0:08,0,45,2,1,2:30,0,3,http://www.ufcstats.com/fighter-details/7c7332319c14094c
Paulo Costa,73,72,14,4,28,185.0,1,1,118,0,1,0:06,0,125,1,1,0:13,0,3,http://www.ufcstats.com/fighter-details/2e5c2aa8e4ab9d82
Paulo Costa,73,72,14,4,29,185.0,2,0,12,0,0,0:01,0,55,0,1,0:09,0,2,http://www.ufcstats.com/fighter-details/2e5c2aa8e4ab9d82
Paulo Costa,73,72,14,4,30,205.0,3,0,163,1,0,0:47,0,190,1,0,3:27,0,5,http://www.ufcstats.com/fighter-details/2e5c2aa8e4ab9d82
Paulo Costa,73,72,14,4,31,185.0,4,1,73,2,0,5:28,0,51,1,0,0:47,0,3,http://www.ufcstats.com/fighter-details/2e5c2aa8e4ab9d82
Paulo Costa,73,72,14,4,32,185.0,5,0,67,0,0,0:00,0,95,0,0,0:00,0,3,http://www.ufcstats.com/fighter-details/2e5c2aa8e4ab9d82
Paulo Costa,73,72,14,4,33,185.0,6,0,158,0,0,0:00,0,182,0,0,0:01,0,5,http://www.ufcstats.com/fighter-details/2e5c2aa8e4ab9d82
Khamzat Chimaev,74,75,14,0,26,185.0,1,1,4,0,1,0:02,0,0,0,0,0:00,0,1,http://www.ufcstats.com/fighter-details/767755fd74662dbf
Khamzat Chimaev,74,75,14,0,27,170.0,2,1,25,1,0,3:01,3,0,0,0,0:00,0,1,http://www.ufcstats.com/fighter-details/767755fd74662dbf
Khamzat Chimaev,74,75,14,0,27,170.0,3,1,108,2,1,2:23,0,119,0,0,0:06,0,3,http://www.ufcstats.com/fighter-details/767755fd74662dbf
Khamzat Chimaev,74,75,14,0,28,185.0,4,1,0,2,0,1:56,2,0,0,0,0:00,0,1,http://www.ufcstats.com/fighter-details/767755fd74662dbf
Khamzat Chimaev,74,75,14,0,29,185.0,5,1,38,4,0,7:16,1,36,0,0,0:04,0,3,http://www.ufcstats.com/fighter-details/767755fd74662dbf
Khamzat Chimaev,74,75,14,0,30,185.0,6,1,3,2,0,3:20,1,2,0,0,0:00,0,1,http://www.ufcstats.com/fighter-details/767755fd74662dbf
Jorge Masvidal,71,74,35,17,34,170.0,1,1,3,0,1,0:02,0,0,0,0,0:00,0,1,http://www.ufcstats.com/fighter-details/47b9e0e7703a4868
Jorge Masvidal,71,74,35,17,34,170.0,2,1,112,1,2,6:56,0,43,0,0,0:44,0,3,http://www.ufcstats.com/fighter-details/47b9e0e7703a4868
Jorge Masvidal,71,74,35,17,35,170.0,3,0,66,0,0,0:00,0,94,5,0,16:38,0,5,http://www.ufcstats.com/fighter-details/47b9e0e7703a4868
Jorge Masvidal,71,74,35,17,36,170.0,4,0,31,0,0,0:00,0,21,2,1,1:42,0,2,http://www.ufcstats.com/fighter-details/47b9e0e7703a4868
Jorge Masvidal,71,74,35,17,37,170.0,5,0,67,0,0,0:21,0,94,6,0,16:14,1,5,http://www.ufcstats.com/fighter-details/47b9e0e7703a4868
Jorge Masvidal,71,74,35,17,38,170.0,6,0,39,0,0,0:05,0,42,4,0,5:41,0,3,http://www.ufcstats.com/fighter-details/47b9e0e7703a4868
Demian Maia,73,72,28,11,40,170.0,1,0,27,0,0,2:01,0,66,0,1,4:19,0,5,http://www.ufcstats.com/fighter-details/427b5953ac8e3a27
Demian Maia,73,72,28,11,41,170.0,2,1,0,2,0,2:11,2,0,0,0,0:00,0,1,http://www.ufcstats.com/fighter-details/427b5953ac8e3a27
Demian Maia,73,72,28,11,41,170.0,3,1,3,3,0,6:03,0,22,0,0,1:11,0,3,http://www.ufcstats.com/fighter-details/427b5953ac8e3a27
Demian Maia,73,72,28,11,41,170.0,4,1,69,0,0,1:30,1,63,4,0,1:54,0,3,http://www.ufcstats.com/fighter-details/427b5953ac8e3a27
Demian Maia,73,72,28,11,42,170.0,5,0,4,2,0,1:23,0,13,0,1,0:04,0,1,http://www.ufcstats.com/fighter-details/427b5953ac8e3a27
Demian Maia,73,72,28,11,43,170.0,6,0,21,1,0,4:14,0,45,0,0,0:00,0,3,http://www.ufcstats.com/fighter-details/427b5953ac8e3a27
Johnny Walker,78,82,21,9,29,205.0,1,0,12,0,0,0:22,0,6,0,1,0:03,0,1,http://www.ufcstats.com/fighter-details/c21f26bbde777573
Johnny Walker,78,82,21,9,30,205.0,2,1,3,1,0,2:10,3,3,1,0,2:02,0,1,http://www.ufcstats.com/fighter-details/c21f26bbde777573
Johnny Walker,78,82,21,9,30,205.0,3,1,16,0,1,0:04,0,3,0,0,0:00,0,1,http://www.ufcstats.com/fighter-details/c21f26bbde777573
Johnny Walker,78,82,21,9,31,205.0,4,1,92,1,0,0:32,0,38,1,0,1:22,0,3,http://www.ufcstats.com/fighter-details/c21f26bbde777573
Johnny Walker,78,82,21,9,31,205.0,5,0,24,0,0,0:00,0,39,0,1,0:05,0,2,http://www.ufcstats.com/fighter-details/c21f26bbde777573
Johnny Walker,78,82,21,9,32,205.0,6,0,15,0,0,0:00,0,37,0,2,0:06,0,1,http://www.ufcstats.com/fighter-details/c21f26bbde777573
Thiago Santos,74,76,22,11,35,205.0,1,0,43,0,0,0:00,0,59,0,0,0:00,0,5,http://www.ufcstats.com/fighter-details/dea070ed4a2a8281
Thiago Santos,74,76,22,11,36,205.0,2,0,40,0,1,1:18,0,46,4,0,9:03,2,3,http://www.ufcstats.com/fighter-details/dea070ed4a2a8281
Thiago Santos,74,76,22,11,37,205.0,3,0,49,0,0,0:00,0,36,0,0,2:32,0,3,http://www.ufcstats.com/fighter-details/dea070ed4a2a8281
Thiago Santos,74,76,22,11,37,205.0,4,1,44,0,0,0:00,0,48,0,0,0:00,0,5,http://www.ufcstats.com/fighter-details/dea070ed4a2a8281
Thiago Santos,74,76,22,11,38,205.0,5,0,60,0,1,0:17,0,78,1,0,3:35,0,5,http://www.ufcstats.com/fighter-details/dea070ed4a2a8281
Thiago Santos,74,76,22,11,38,205.0,6,0,53,6,0,5:54,0,89,0,0,1:26,0,4,http://www.ufcstats.com/fighter-details/dea070ed4a2a8281
Stipe Miocic,76,80,20,5,35,265.0,1,1,70,6,0,15:05,0,21,0,0,0:02,1,5,http://www.ufcstats.com/fighter-details/d28dee5c705991df
Stipe Miocic,76,80,20,5,35,265.0,2,0,24,1,0,1:20,0,25,0,1,0:06,0,1,http://www.ufcstats.com/fighter-details/d28dee5c705991df
Stipe Miocic,76,80,20,5,36,265.0,3,1,123,1,1,1:31,0,181,1,0,3:01,0,4,http://www.ufcstats.com/fighter-details/d28dee5c705991df
Stipe Miocic,76,80,20,5,37,265.0,4,1,115,0,1,5:52,0,105,1,0,0:53,0,5,http://www.ufcstats.com/fighter-details/d28dee5c705991df
Stipe Miocic,76,80,20,5,38,265.0,5,0,12,0,0,0:04,0,36,1,2,0:22,0,2,http://www.ufcstats.com/fighter-details/d28dee5c705991df
Stipe Miocic,76,80,20,5,42,265.0,6,0,37,0,0,0:00,0,96,1,1,3:51,0,3,http://www.ufcstats.com/fighter-details/d28dee5c705991df
Ciryl Gane,76,81,13,2,31,265.0,1,1,98,0,0,1:21,0,16,0,0,0:08,0,3,http://www.ufcstats.com/fighter-details/787bb1f087ccff8a
Ciryl Gane,76,81,13,2,31,265.0,2,0,63,1,0,2:51,3,43,4,0,8:29,0,5,http://www.ufcstats.com/fighter-details/787bb1f087ccff8a
Ciryl Gane,76,81,13,2,32,265.0,3,1,110,0,1,0:01,0,29,0,1,0:04,0,3,http://www.ufcstats.com/fighter-details/787bb1f087ccff8a
Ciryl Gane,76,81,13,2,32,265.0,4,0,6,0,0,0:00,0,5,2,0,0:57,1,1,http://www.ufcstats.com/fighter-details/787bb1f087ccff8a
Ciryl Gane,76,81,13,2,33,265.0,5,1,109,0,0,0:09,0,11,0,0,0:02,0,2,http://www.ufcstats.com/fighter-details/787bb1f087ccff8a
Ciryl Gane,76,81,13,2,34,265.0,6,1,43,2,0,3:40,2,39,3,0,4:32,1,3,http://www.ufcstats.com/fighter-details/787bb1f087ccff8a
Alexander Gustafsson,77,79,18,8,29,205.0,1,1,50,4,0,10:43,0,28,0,0,0:00,0,3,http://www.ufcstats.com/fighter-details/3c6976f8182d9527
Alexander Gustafsson,77,79,18,8,30,205.0,2,1,97,1,2,2:49,0,42,1,0,0:34,0,5,http://www.ufcstats.com/fighter-details/3c6976f8182d9527
Alexander Gustafsson,77,79,18,8,31,205.0,3,0,22,0,0,0:00,0,59,1,0,1:29,0,3,http://www.ufcstats.com/fighter-details/3c6976f8182d9527
Alexander Gustafsson,77,79,18,8,32,205.0,4,0,72,1,0,0:39,0,49,0,0,1:24,1,4,http://www.ufcstats.com/fighter-details/3c6976f8182d9527
Alexander Gustafsson,77,79,18,8,33,265.0,5,0,11,0,0,0:12,0,4,1,0,1:06,1,1,http://www.ufcstats.com/fighter-details/3c6976f8182d9527
Alexander Gustafsson,77,79,18,8,35,205.0,6,0,5,0,0,0:07,0,26,0,2,0:09,0,1,http://www.ufcstats.com/fighter-details/3c6976f8182d9527
Christos Giagos,70,71,20,12,31,155.0,1,1,22,3,0,0:59,1,33,0,0,0:00,0,2,http://www.ufcstats.com/fighter-details/de45aaae23dfa392
Christos Giagos,70,71,20,12,31,155.0,2,0,1,0,0,0:49,0,22,0,1,0:11,0,1,http://www.ufcstats.com/fighter-details/de45aaae23dfa392
Christos Giagos,70,71,20,12,32,155.0,3,0,2,0,0,0:00,0,3,1,0,2:34,1,1,http://www.ufcstats.com/fighter-details/de45aaae23dfa392
Christos Giagos,70,71,20,12,33,155.0,4,1,9,0,1,0:02,0,2,0,0,0:00,0,1,http://www.ufcstats.com/fighter-details/de45aaae23dfa392
Christos Giagos,70,71,20,12,33,155.0,5,0,38,0,0,0:11,0,36,0,0,0:17,1,2,http://www.ufcstats.com/fighter-details/de45aaae23dfa392
Christos Giagos,70,71,20,12,34,155.0,6,0,17,0,0,0:10,0,40,0,1,0:15,0,1,http://www.ufcstats.com/fighter-details/de45aaae23dfa392
Lando Vannata,69,71,12,7,27,155.0,1,0,25,0,0,0:06,0,40,4,0,5:08,0,3,http://www.ufcstats.com/fighter-details/f9b200db02b488d9
Lando Vannata,69,71,12,7,27,155.0,2,1,99,0,0,0:04,0,68,0,0,0:00,0,3,http://www.ufcstats.com/fighter-details/f9b200db02b488d9
Lando Vannata,69,71,12,7,28,155.0,3,0,54,1,0,0:27,0,115,3,1,3:05,0,3,http://www.ufcstats.com/fighter-details/f9b200db02b488d9
Lando Vannata,69,71,12,7,29,145.0,4,1,80,1,0,0:23,0,32,3,0,2:37,0,3,http://www.ufcstats.com/fighter-details/f9b200db02b488d9
Lando Vannata,69,71,12,7,30,145.0,5,0,8,1,0,0:57,0,4,0,0,0:19,1,1,http://www.ufcstats.com/fighter-details/f9b200db02b488d9
Lando Vannata,69,71,12,7,31,155.0,6,0,51,0,0,0:06,0,78,0,1,1:44,0,3,http://www.ufcstats.com/fighter-details/f9b200db02b488d9
Kamuela Kirk,70,75,12,6,25,145.0,1,0,55,2,0,--,0,127,0,0,--,0,3,http://www.ufcstats.com/fighter-details/c7d7fda69ec410d3
Kamuela Kirk,70,75,12,6,27,145.0,2,1,28,0,0,1:34,3,20,5,0,6:50,0,3,http://www.ufcstats.com/fighter-details/c7d7fda69ec410d3
Kamuela Kirk,70,75,12,6,27,145.0,3,0,22,0,0,0:00,0,32,2,0,5:37,1,2,http://www.ufcstats.com/fighter-details/c7d7fda69ec410d3
Kamuela Kirk,70,75,12,6,29,155.0,4,0,56,3,0,6:20,1,115,2,0,1:15,0,3,http://www.ufcstats.com/fighter-details/c7d7fda69ec410d3
Loik Radzhabov,71,69,18,6,32,155.0,1,1,40,11,0,7:39,0,66,0,1,0:31,1,3,http://www.ufcstats.com/fighter-details/8c169fbe1ac33637
Loik Radzhabov,71,69,18,6,32,155.0,2,0,19,0,0,0:03,0,54,1,2,1:57,1,2,http://www.ufcstats.com/fighter-details/8c169fbe1ac33637
Loik Radzhabov,71,69,18,6,33,155.0,3,1,39,4,1,1:27,0,38,3,0,2:44,0,3,http://www.ufcstats.com/fighter-details/8c169fbe1ac33637
Loik Radzhabov,71,69,18,6,33,155.0,4,0,42,0,0,1:36,0,24,4,0,9:47,2,3,http://www.ufcstats.com/fighter-details/8c169fbe1ac33637
Thomas Paull,67,67,11,4,27,155.0,1,0,11,0,0,0:00,0,13,0,1,0:04,0,1,http://www.ufcstats.com/fighter-details/dda67d7d3df6b406
Matt Frevola,69,71,11,5,31,155.0,1,0,0,0,0,0:00,0,4,0,1,0:00,0,1,http://www.ufcstats.com/fighter-details/dccb63727f2f5f74
Matt Frevola,69,71,11,5,31,155.0,2,1,60,0,4,1:07,0,10,0,0,0:08,0,1,http://www.ufcstats.com/fighter-details/dccb63727f2f5f74
Matt Frevola,69,71,11,5,32,155.0,3,1,11,0,1,0:02,0,10,0,0,0:00,0,1,http://www.ufcstats.com/fighter-details/dccb63727f2f5f74
Matt Frevola,69,71,11,5,32,155.0,4,1,35,0,1,0:08,0,20,0,0,0:00,0,1,http://www.ufcstats.com/fighter-details/dccb63727f2f5f74
Matt Frevola,69,71,11,5,33,155.0,5,0,5,2,0,0:25,0,6,0,1,0:19,0,1,http://www.ufcstats.com/fighter-details/dccb63727f2f5f74
Matt Frevola,69,71,11,5,34,155.0,6,0,16,1,0,2:47,1,58,4,1,4:43,1,3,http://www.ufcstats.com/fighter-details/dccb63727f2f5f74
Jamie Mullarkey,72,74,17,8,27,155.0,1,1,96,0,0,0:17,0,66,0,1,0:37,0,3,http://www.ufcstats.com/fighter-details/af9f42e6894047fc
Jamie Mullarkey,72,74,17,8,28,155.0,2,1,59,3,0,4:47,0,28,0,0,0:10,1,3,http://www.ufcstats.com/fighter-details/af9f42e6894047fc
Jamie Mullarkey,72,74,17,8,28,155.0,3,0,39,3,0,2:28,0,28,0,1,0:01,0,2,http://www.ufcstats.com/fighter-details/af9f42e6894047fc
Jamie Mullarkey,72,74,17,8,29,155.0,4,1,88,0,0,0:00,0,83,0,0,0:00,0,3,http://www.ufcstats.com/fighter-details/af9f42e6894047fc
Jamie Mullarkey,72,74,17,8,29,155.0,5,0,8,0,0,0:00,0,16,0,2,0:05,0,1,http://www.ufcstats.com/fighter-details/af9f42e6894047fc
Jamie Mullarkey,72,74,17,8,29,155.0,6,0,14,0,0,0:00,0,25,0,1,0:04,0,1,http://www.ufcstats.com/fighter-details/af9f42e6894047fc
Charles Jourdain,69,69,16,8,26,145.0,1,0,86,1,0,0:24,0,97,5,0,4:30,0,3,http://www.ufcstats.com/fighter-details/f1d64ae34e088832
Charles Jourdain,69,69,16,8,27,145.0,2,1,80,0,0,6:48,0,32,0,0,0:43,0,3,http://www.ufcstats.com/fighter-details/f1d64ae34e088832
Charles Jourdain,69,69,16,8,27,145.0,3,1,8,0,0,0:00,1,0,2,0,1:58,1,1,http://www.ufcstats.com/fighter-details/f1d64ae34e088832
Charles Jourdain,69,69,16,8,28,145.0,4,0,60,0,0,1:58,1,80,1,0,0:39,0,3,http://www.ufcstats.com/fighter-details/f1d64ae34e088832
Charles Jourdain,69,69,16,8,28,145.0,5,0,23,3,0,1:17,0,34,0,2,0:09,0,2,http://www.ufcstats.com/fighter-details/f1d64ae34e088832
Charles Jourdain,69,69,16,8,28,135.0,6,1,39,0,0,0:17,1,24,4,0,3:49,0,2,http://www.ufcstats.com/fighter-details/f1d64ae34e088832
Demetrious Johnson,63,66,27,3,29,125.0,1,1,88,4,0,4:59,0,58,1,0,2:55,0,5,http://www.ufcstats.com/fighter-details/8a304bfd6bf04a57
Demetrious Johnson,63,66,27,3,29,125.0,2,1,21,0,1,0:16,0,6,1,0,0:33,0,1,http://www.ufcstats.com/fighter-details/8a304bfd6bf04a57
Demetrious Johnson,63,66,27,3,30,125.0,3,1,28,5,0,16:38,3,24,4,0,3:38,2,5,http://www.ufcstats.com/fighter-details/8a304bfd6bf04a57
Demetrious Johnson,63,66,27,3,30,125.0,4,1,108,1,0,2:19,1,16,0,0,0:01,0,3,http://www.ufcstats.com/fighter-details/8a304bfd6bf04a57
Demetrious Johnson,63,66,27,3,31,125.0,5,1,64,8,0,17:49,2,13,3,0,2:08,0,5,http://www.ufcstats.com/fighter-details/8a304bfd6bf04a57
Demetrious Johnson,63,66,27,3,31,125.0,6,0,81,1,0,0:36,0,51,3,0,4:38,0,5,http://www.ufcstats.com/fighter-details/8a304bfd6bf04a57
Zhalgas Zhumagulov,64,66,14,9,32,125.0,1,0,59,1,0,0:27,0,68,2,0,3:38,0,3,http://www.ufcstats.com/fighter-details/55fa6ce3e522c8bb
Zhalgas Zhumagulov,64,66,14,9,32,125.0,2,1,10,0,0,0:12,1,11,0,0,0:00,0,1,http://www.ufcstats.com/fighter-details/55fa6ce3e522c8bb
Zhalgas Zhumagulov,64,66,14,9,33,125.0,3,0,31,0,0,0:00,0,53,0,2,0:03,0,1,http://www.ufcstats.com/fighter-details/55fa6ce3e522c8bb
Zhalgas Zhumagulov,64,66,14,9,33,125.0,4,0,37,2,0,5:32,0,56,0,0,0:14,0,3,http://www.ufcstats.com/fighter-details/55fa6ce3e522c8bb
Zhalgas Zhumagulov,64,66,14,9,34,125.0,5,0,119,1,0,1:03,0,115,0,0,0:57,0,3,http://www.ufcstats.com/fighter-details/55fa6ce3e522c8bb
Zhalgas Zhumagulov,64,66,14,9,34,125.0,6,0,103,1,0,1:10,0,120,0,0,0:01,0,3,http://www.ufcstats.com/fighter-details/55fa6ce3e522c8bb
John Makdessi,68,68,18,9,33,155.0,1,1,131,0,0,0:00,0,79,0,0,0:18,0,3,http://www.ufcstats.com/fighter-details/c21a036b4e012f1c
John Makdessi,68,68,18,9,33,155.0,2,1,73,0,0,0:02,0,37,0,0,0:00,0,3,http://www.ufcstats.com/fighter-details/c21a036b4e012f1c
John Makdessi,68,68,18,9,34,155.0,3,0,67,0,0,0:00,0,55,0,0,0:00,0,3,http://www.ufcstats.com/fighter-details/c21a036b4e012f1c
John Makdessi,68,68,18,9,35,155.0,4,1,124,0,0,0:13,0,112,0,0,1:14,0,3,http://www.ufcstats.com/fighter-details/c21a036b4e012f1c
John Makdessi,68,68,18,9,37,155.0,5,0,73,0,0,0:00,0,64,2,1,0:35,0,3,http://www.ufcstats.com/fighter-details/c21a036b4e012f1c
John Makdessi,68,68,18,9,38,155.0,6,0,83,0,0,0:00,0,88,0,0,0:00,0,3,http://www.ufcstats.com/fighter-details/c21a036b4e012f1c
Michael Johnson,70,73,24,19,35,155.0,1,1,30,1,1,2:01,0,22,0,0,0:12,0,2,http://www.ufcstats.com/fighter-details/511e82663651438d
Michael Johnson,70,73,24,19,36,155.0,2,0,66,0,1,0:37,0,96,0,0,0:17,0,3,http://www.ufcstats.com/fighter-details/511e82663651438d
Michael Johnson,70,73,24,19,36,155.0,3,1,83,0,0,0:30,0,55,0,0,0:00,0,3,http://www.ufcstats.com/fighter-details/511e82663651438d
Michael Johnson,70,73,24,19,36,155.0,4,0,32,0,0,0:00,0,30,0,1,0:01,0,2,http://www.ufcstats.com/fighter-details/511e82663651438d
Michael Johnson,70,73,24,19,37,155.0,5,1,61,4,0,6:02,0,33,0,0,0:43,0,3,http://www.ufcstats.com/fighter-details/511e82663651438d
Michael Johnson,70,73,24,19,38,155.0,6,1,19,0,1,0:12,0,16,0,0,0:00,0,2,http://www.ufcstats.com/fighter-details/511e82663651438d
Ricky Glenn,72,70,22,9,29,145.0,1,1,48,0,0,0:34,1,42,6,0,4:18,0,3,http://www.ufcstats.com/fighter-details/814ff3018127e8fc
Ricky Glenn,72,70,22,9,29,145.0,2,0,74,0,0,0:27,0,86,0,1,2:07,0,3,http://www.ufcstats.com/fighter-details/814ff3018127e8fc
Ricky Glenn,72,70,22,9,32,155.0,3,1,10,0,2,0:08,0,1,0,0,0:00,0,1,http://www.ufcstats.com/fighter-details/814ff3018127e8fc
Ricky Glenn,72,70,22,9,34,155.0,4,0,2,0,0,0:00,0,9,0,1,0:02,0,1,http://www.ufcstats.com/fighter-details/814ff3018127e8fc
Ricky Glenn,72,70,22,9,34,155.0,5,0,5,0,0,0:00,0,30,0,1,0:31,0,1,http://www.ufcstats.com/fighter-details/814ff3018127e8fc
Ricky Glenn,72,70,22,9,35,170.0,6,0,40,2,0,3:32,0,87,1,0,0:48,0,3,http://www.ufcstats.com/fighter-details/814ff3018127e8fc
Rafael Alves,68,68,20,12,29,145.0,1,1,16,0,0,0:00,1,29,0,0,0:45,0,2,http://www.ufcstats.com/fighter-details/029afd138865d20a
Rafael Alves,68,68,20,12,30,155.0,2,0,30,0,1,0:16,1,56,2,0,7:40,0,3,http://www.ufcstats.com/fighter-details/029afd138865d20a
Rafael Alves,68,68,20,12,30,155.0,3,1,6,0,0,0:00,1,3,0,0,0:03,0,1,http://www.ufcstats.com/fighter-details/029afd138865d20a
Rafael Alves,68,68,20,12,31,155.0,4,0,37,1,0,2:21,0,62,0,1,0:04,0,3,http://www.ufcstats.com/fighter-details/029afd138865d20a
Rafael Alves,68,68,20,12,32,155.0,5,0,6,0,0,1:18,2,19,3,0,10:51,0,3,http://www.ufcstats.com/fighter-details/029afd138865d20a
Kron Gracie,69,70,5,3,30,145.0,1,1,2,1,0,1:14,1,4,0,0,0:00,0,1,http://www.ufcstats.com/fighter-details/242d36d241b43c12
Kron Gracie,69,70,5,3,31,145.0,2,0,86,0,0,0:04,0,135,0,0,0:36,0,3,http://www.ufcstats.com/fighter-details/242d36d241b43c12
Kron Gracie,69,70,5,3,34,145.0,3,0,32,0,0,0:43,0,80,0,0,6:48,0,3,http://www.ufcstats.com/fighter-details/242d36d241b43c12
Kron Gracie,69,70,5,3,36,145.0,4,0,6,0,0,0:02,1,26,2,0,8:33,0,3,http://www.ufcstats.com/fighter-details/242d36d241b43c12
Fernando Padilla,73,76,16,6,26,145.0,1,1,20,0,1,0:02,0,15,0,0,0:00,0,1,http://www.ufcstats.com/fighter-details/d2f43cfaf8ca3560
Fernando Padilla,73,76,16,6,26,145.0,2,0,72,0,0,0:07,0,82,0,0,0:00,0,3,http://www.ufcstats.com/fighter-details/d2f43cfaf8ca3560
Fernando Padilla,73,76,16,6,27,145.0,3,1,34,0,1,0:47,1,5,0,0,0:00,0,1,http://www.ufcstats.com/fighter-details/d2f43cfaf8ca3560
Fernando Padilla,73,76,16,6,27,145.0,4,0,22,0,0,0:09,0,38,0,1,1:03,0,1,http://www.ufcstats.com/fighter-details/d2f43cfaf8ca3560
Alex Caceres,70,73,21,15,33,145.0,1,1,46,0,0,0:49,1,33,0,1,0:15,0,2,http://www.ufcstats.com/fighter-details/7aa3d6964eff4877
Alex Caceres,70,73,21,15,33,145.0,2,0,66,1,0,0:21,0,64,1,0,2:42,0,3,http://www.ufcstats.com/fighter-details/7aa3d6964eff4877
Alex Caceres,70,73,21,15,34,145.0,3,1,16,0,1,0:05,0,10,0,0,0:00,0,1,http://www.ufcstats.com/fighter-details/7aa3d6964eff4877
Alex Caceres,70,73,21,15,34,145.0,4,1,60,1,0,4:26,0,27,3,0,3:57,1,3,http://www.ufcstats.com/fighter-details/7aa3d6964eff4877
Alex Caceres,70,73,21,15,35,145.0,5,0,62,0,0,0:00,0,65,0,0,0:00,0,3,http://www.ufcstats.com/fighter-details/7aa3d6964eff4877
Alex Caceres,70,73,21,15,35,145.0,6,0,82,0,0,0:12,0,101,0,0,0:00,0,3,http://www.ufcstats.com/fighter-details/7aa3d6964eff4877
Dennis Buzukja,69,70,12,5,22,145.0,1,0,57,2,0,2:08,1,102,0,0,3:32,0,3,http://www.ufcstats.com/fighter-details/c4d039123e62f6a9
Dennis Buzukja,69,70,12,5,24,145.0,2,1,49,1,1,2:04,0,39,1,0,8:17,1,3,http://www.ufcstats.com/fighter-details/c4d039123e62f6a9
Dennis Buzukja,69,70,12,5,25,145.0,3,0,42,0,0,2:30,0,71,4,0,5:52,0,3,http://www.ufcstats.com/fighter-details/c4d039123e62f6a9
Dennis Buzukja,69,70,12,5,26,145.0,4,0,3,0,0,0:00,0,14,0,1,0:03,0,1,http://www.ufcstats.com/fighter-details/c4d039123e62f6a9
Dennis Buzukja,69,70,12,5,26,145.0,5,1,83,0,1,0:07,0,60,1,0,0:40,0,3,http://www.ufcstats.com/fighter-details/c4d039123e62f6a9
Dennis Buzukja,69,70,12,5,26,155.0,6,0,66,0,0,0:08,0,57,1,1,5:26,0,3,http://www.ufcstats.com/fighter-details/c4d039123e62f6a9
Collin Anglin,69,71,8,3,27,145.0,1,1,88,3,0,4:34,0,52,0,0,1:39,0,3,http://www.ufcstats.com/fighter-details/047a91d3d9c79b05
Collin Anglin,69,71,8,3,28,145.0,2,0,25,1,0,0:18,0,44,0,1,1:11,0,2,http://www.ufcstats.com/fighter-details/047a91d3d9c79b05
Collin Anglin,69,71,8,3,28,145.0,3,0,8,0,0,0:13,0,50,0,1,0:22,0,1,http://www.ufcstats.com/fighter-details/047a91d3d9c79b05
Edson Barboza,71,75,24,12,35,145.0,1,1,98,0,1,0:00,0,80,0,0,0:03,0,3,http://www.ufcstats.com/fighter-details/64a50dad704d1d49
Edson Barboza,71,75,24,12,35,145.0,2,0,33,0,0,0:00,0,60,0,2,0:41,2,3,http://www.ufcstats.com/fighter-details/64a50dad704d1d49
Edson Barboza,71,75,24,12,36,145.0,3,0,16,0,0,0:02,0,34,4,1,11:28,0,3,http://www.ufcstats.com/fighter-details/64a50dad704d1d49
Edson Barboza,71,75,24,12,37,145.0,4,1,21,0,1,0:02,0,19,0,0,0:39,0,1,http://www.ufcstats.com/fighter-details/64a50dad704d1d49
Edson Barboza,71,75,24,12,37,145.0,5,1,164,3,1,3:04,0,178,1,1,3:56,0,5,http://www.ufcstats.com/fighter-details/64a50dad704d1d49
Edson Barboza,71,75,24,12,38,145.0,6,0,79,0,0,0:17,0,220,4,0,5:19,0,5,http://www.ufcstats.com/fighter-details/64a50dad704d1d49
Josh Culibao,70,73,11,4,26,145.0,1,1,53,0,0,0:04,1,17,2,0,6:06,0,3,http://www.ufcstats.com/fighter-details/6751eacd16bd59bc
Josh Culibao,70,73,11,4,28,145.0,2,1,51,0,2,0:58,0,46,1,0,2:30,0,3,http://www.ufcstats.com/fighter-details/6751eacd16bd59bc
Josh Culibao,70,73,11,4,28,145.0,3,1,16,0,0,0:14,1,26,0,0,0:00,0,2,http://www.ufcstats.com/fighter-details/6751eacd16bd59bc
Josh Culibao,70,73,11,4,29,145.0,4,0,23,0,0,1:30,0,59,3,1,7:38,2,3,http://www.ufcstats.com/fighter-details/6751eacd16bd59bc
Josh Culibao,70,73,11,4,29,145.0,5,0,87,0,0,0:03,0,45,4,0,5:28,1,3,http://www.ufcstats.com/fighter-details/6751eacd16bd59bc
Josh Culibao,70,73,11,4,30,145.0,6,0,70,0,1,1:30,0,27,1,0,4:09,1,3,http://www.ufcstats.com/fighter-details/6751eacd16bd59bc
Makwan Amirkhani,70,72,17,9,31,145.0,1,0,11,3,0,3:13,0,32,0,2,1:38,1,3,http://www.ufcstats.com/fighter-details/87a1dc546b1c5caf
Makwan Amirkhani,70,72,17,9,32,145.0,2,0,20,5,0,6:50,0,28,0,0,1:34,3,3,http://www.ufcstats.com/fighter-details/87a1dc546b1c5caf
Makwan Amirkhani,70,72,17,9,32,145.0,3,0,4,5,0,4:05,0,4,0,1,0:09,0,2,http://www.ufcstats.com/fighter-details/87a1dc546b1c5caf
Makwan Amirkhani,70,72,17,9,33,145.0,4,1,0,0,0,0:15,1,0,1,0,0:31,0,1,http://www.ufcstats.com/fighter-details/87a1dc546b1c5caf
Makwan Amirkhani,70,72,17,9,33,145.0,5,0,11,3,0,1:25,0,90,4,0,4:46,0,2,http://www.ufcstats.com/fighter-details/87a1dc546b1c5caf
Makwan Amirkhani,70,72,17,9,34,145.0,6,0,10,1,0,3:31,0,28,1,0,2:15,1,2,http://www.ufcstats.com/fighter-details/87a1dc546b1c5caf
Douglas Silva de Andrade,67,68,29,6,35,145.0,1,0,39,1,0,1:21,0,48,1,0,1:51,0,3,http://www.ufcstats.com/fighter-details/3a314d9fa7c6825d
Douglas Silva de Andrade,67,68,29,6,36,135.0,2,1,10,0,1,0:19,0,5,0,0,0:00,0,1,http://www.ufcstats.com/fighter-details/3a314d9fa7c6825d
Douglas Silva de Andrade,67,68,29,6,36,135.0,3,1,37,0,3,0:55,2,32,1,1,2:30,0,2,http://www.ufcstats.com/fighter-details/3a314d9fa7c6825d
Douglas Silva de Andrade,67,68,29,6,37,135.0,4,0,28,1,0,4:12,0,42,1,0,0:22,0,3,http://www.ufcstats.com/fighter-details/3a314d9fa7c6825d
Douglas Silva de Andrade,67,68,29,6,37,135.0,5,1,61,0,0,0:00,0,54,1,1,1:59,0,3,http://www.ufcstats.com/fighter-details/3a314d9fa7c6825d
Douglas Silva de Andrade,67,68,29,6,38,135.0,6,0,36,0,0,0:07,0,50,0,0,0:05,0,3,http://www.ufcstats.com/fighter-details/3a314d9fa7c6825d
Ray Borg,64,63,13,5,23,125.0,1,1,36,0,0,4:22,0,30,0,0,3:25,0,3,http://www.ufcstats.com/fighter-details/a4de54ea806fb525
Ray Borg,64,63,13,5,24,125.0,2,0,13,3,0,2:08,0,64,8,0,17:49,2,5,http://www.ufcstats.com/fighter-details/a4de54ea806fb525
Ray Borg,64,63,13,5,25,135.0,3,0,17,7,0,6:33,0,32,2,0,6:24,0,3,http://www.ufcstats.com/fighter-details/a4de54ea806fb525
Ray Borg,64,63,13,5,25,135.0,4,1,15,6,0,8:32,1,8,1,0,4:26,0,3,http://www.ufcstats.com/fighter-details/a4de54ea806fb525
Ray Borg,64,63,13,5,26,125.0,5,1,35,10,0,11:23,0,9,0,0,1:43,0,3,http://www.ufcstats.com/fighter-details/a4de54ea806fb525
Ray Borg,64,63,13,5,26,135.0,6,0,47,0,0,0:30,0,67,7,0,5:23,0,3,http://www.ufcstats.com/fighter-details/a4de54ea806fb525
Wilson Reis,64,65,23,10,32,125.0,1,1,34,6,0,8:46,2,34,0,0,1:08,0,3,http://www.ufcstats.com/fighter-details/5aedf14771ca82d2
Wilson Reis,64,65,23,10,32,125.0,2,0,16,0,0,0:01,0,108,1,0,2:19,1,3,http://www.ufcstats.com/fighter-details/5aedf14771ca82d2
Wilson Reis,64,65,23,10,32,125.0,3,0,5,0,0,0:00,0,34,2,1,0:45,0,2,http://www.ufcstats.com/fighter-details/5aedf14771ca82d2
Wilson Reis,64,65,23,10,33,125.0,4,0,12,8,0,7:43,0,46,0,0,0:42,1,3,http://www.ufcstats.com/fighter-details/5aedf14771ca82d2
Wilson Reis,64,65,23,10,33,125.0,5,1,32,7,0,5:57,1,39,0,0,0:25,0,3,http://www.ufcstats.com/fighter-details/5aedf14771ca82d2
Wilson Reis,64,65,23,10,34,125.0,6,0,1,1,0,0:46,0,23,0,1,0:14,0,1,http://www.ufcstats.com/fighter-details/5aedf14771ca82d2
Tim Elliott,67,66,21,13,34,125.0,1,1,25,4,0,13:19,0,13,0,0,0:00,0,3,http://www.ufcstats.com/fighter-details/c96d9178c9ed9e62
Tim Elliott,67,66,21,13,34,125.0,2,0,70,1,0,2:28,0,64,1,0,2:08,0,3,http://www.ufcstats.com/fighter-details/c96d9178c9ed9e62
Tim Elliott,67,66,21,13,35,125.0,3,1,79,3,1,0:52,0,90,2,0,4:55,1,3,http://www.ufcstats.com/fighter-details/c96d9178c9ed9e62
Tim Elliott,67,66,21,13,36,125.0,4,1,28,6,0,11:13,0,19,1,0,1:04,0,3,http://www.ufcstats.com/fighter-details/c96d9178c9ed9e62
Tim Elliott,67,66,21,13,36,125.0,5,0,30,1,0,2:23,2,14,3,0,8:24,1,3,http://www.ufcstats.com/fighter-details/c96d9178c9ed9e62
Tim Elliott,67,66,21,13,36,135.0,6,1,10,1,0,2:05,1,10,0,0,0:00,0,1,http://www.ufcstats.com/fighter-details/c96d9178c9ed9e62
John Dodson,63,66,22,12,33,135.0,1,0,43,2,1,0:27,0,45,1,0,1:05,1,3,http://www.ufcstats.com/fighter-details/99506df1af6c8b3b
John Dodson,63,66,22,12,33,135.0,2,1,76,0,0,0:00,0,69,1,0,1:02,0,3,http://www.ufcstats.com/fighter-details/99506df1af6c8b3b
John Dodson,63,66,22,12,33,135.0,3,0,41,0,0,0:02,0,62,0,0,0:04,0,3,http://www.ufcstats.com/fighter-details/99506df1af6c8b3b
John Dodson,63,66,22,12,34,135.0,4,0,30,2,1,0:37,0,80,2,0,1:29,0,3,http://www.ufcstats.com/fighter-details/99506df1af6c8b3b
John Dodson,63,66,22,12,35,135.0,5,1,39,0,1,1:59,0,46,1,0,0:48,0,3,http://www.ufcstats.com/fighter-details/99506df1af6c8b3b
John Dodson,63,66,22,12,35,135.0,6,0,27,0,0,0:04,0,50,2,0,3:44,0,3,http://www.ufcstats.com/fighter-details/99506df1af6c8b3b
Brian Kelleher,66,66,24,16,35,135.0,1,1,28,3,0,12:49,2,3,0,0,1:29,0,3,http://www.ufcstats.com/fighter-details/7be14eaed4c74856
Brian Kelleher,66,66,24,16,35,145.0,2,1,38,6,1,6:26,0,60,0,0,0:47,0,3,http://www.ufcstats.com/fighter-details/7be14eaed4c74856
Brian Kelleher,66,66,24,16,35,145.0,3,0,1,0,0,0:06,0,18,1,0,1:27,1,1,http://www.ufcstats.com/fighter-details/7be14eaed4c74856
Brian Kelleher,66,66,24,16,35,135.0,4,0,2,0,0,0:00,0,6,2,0,1:28,1,1,http://www.ufcstats.com/fighter-details/7be14eaed4c74856
Brian Kelleher,66,66,24,16,37,135.0,5,0,17,0,0,0:36,0,20,0,1,0:21,0,1,http://www.ufcstats.com/fighter-details/7be14eaed4c74856
Brian Kelleher,66,66,24,16,37,135.0,6,0,2,0,0,0:05,0,13,2,0,2:38,1,1,http://www.ufcstats.com/fighter-details/7be14eaed4c74856
Trevin Jones,67,70,13,10,30,135.0,1,1,23,0,1,1:26,0,21,0,0,0:09,0,2,http://www.ufcstats.com/fighter-details/ec23c1be628d8057
Trevin Jones,67,70,13,10,31,135.0,2,0,12,1,0,8:59,0,36,2,0,1:07,4,3,http://www.ufcstats.com/fighter-details/ec23c1be628d8057
Trevin Jones,67,70,13,10,31,135.0,3,0,62,0,0,0:03,0,89,0,0,0:00,0,3,http://www.ufcstats.com/fighter-details/ec23c1be628d8057
Trevin Jones,67,70,13,10,32,135.0,4,0,11,0,0,0:00,0,73,2,1,7:07,0,3,http://www.ufcstats.com/fighter-details/ec23c1be628d8057
Trevin Jones,67,70,13,10,32,135.0,5,0,20,1,0,1:39,1,26,2,0,2:32,0,3,http://www.ufcstats.com/fighter-details/ec23c1be628d8057
Kai Kara-France,64,69,25,11,27,125.0,1,1,13,0,1,0:01,0,6,1,0,3:15,2,1,http://www.ufcstats.com/fighter-details/853eb0dd5c0e2149
Kai Kara-France,64,69,25,11,28,125.0,2,1,23,0,2,0:06,0,9,0,0,0:06,0,1,http://www.ufcstats.com/fighter-details/853eb0dd5c0e2149
Kai Kara-France,64,69,25,11,29,125.0,3,1,51,0,0,0:00,0,27,2,0,5:14,2,3,http://www.ufcstats.com/fighter-details/853eb0dd5c0e2149
Kai Kara-France,64,69,25,11,29,125.0,4,0,53,1,0,0:24,0,58,0,1,0:45,0,3,http://www.ufcstats.com/fighter-details/853eb0dd5c0e2149
Kai Kara-France,64,69,25,11,30,125.0,5,0,99,2,0,0:58,0,43,1,0,6:10,1,5,http://www.ufcstats.com/fighter-details/853eb0dd5c0e2149
Kai Kara-France,64,69,25,11,31,125.0,6,1,18,0,2,0:08,0,9,0,0,0:00,0,1,http://www.ufcstats.com/fighter-details/853eb0dd5c0e2149
Raphael Assuncao,65,66,28,10,36,135.0,1,0,2,0,0,0:00,0,10,0,1,1:15,1,1,http://www.ufcstats.com/fighter-details/2f13e4020cea5b38
Raphael Assuncao,65,66,28,10,37,135.0,2,0,45,4,0,2:11,0,62,0,0,3:46,0,3,http://www.ufcstats.com/fighter-details/2f13e4020cea5b38
Raphael Assuncao,65,66,28,10,37,135.0,3,0,17,0,0,0:00,0,19,0,1,0:03,0,2,http://www.ufcstats.com/fighter-details/2f13e4020cea5b38
Raphael Assuncao,65,66,28,10,39,135.0,4,0,7,0,0,0:00,0,18,2,1,4:02,0,2,http://www.ufcstats.com/fighter-details/2f13e4020cea5b38
Raphael Assuncao,65,66,28,10,40,135.0,5,1,60,2,0,4:29,0,55,0,0,0:03,0,3,http://www.ufcstats.com/fighter-details/2f13e4020cea5b38
Raphael Assuncao,65,66,28,10,40,135.0,6,0,42,5,0,4:17,0,65,0,1,0:52,1,3,http://www.ufcstats.com/fighter-details/2f13e4020cea5b38
Jeff Molina,66,69,11,2,23,125.0,1,1,76,0,0,2:23,0,83,2,0,0:48,0,3,http://www.ufcstats.com/fighter-details/008ea710276c9606
Jeff Molina,66,69,11,2,23,125.0,2,1,189,0,2,0:43,0,116,3,0,2:00,0,3,http://www.ufcstats.com/fighter-details/008ea710276c9606
Jeff Molina,66,69,11,2,24,125.0,3,1,47,0,1,3:26,0,20,0,0,0:55,0,2,http://www.ufcstats.com/fighter-details/008ea710276c9606
Jeff Molina,66,69,11,2,24,125.0,4,1,56,0,0,0:14,0,37,2,0,5:32,0,3,http://www.ufcstats.com/fighter-details/008ea710276c9606
Jerome Rivera,70,72,10,6,25,125.0,1,1,48,0,0,3:36,0,19,2,0,6:33,2,3,http://www.ufcstats.com/fighter-details/c9587d81e1d33925
Jerome Rivera,70,72,10,6,25,135.0,2,0,30,0,0,0:00,0,36,0,1,0:23,0,2,http://www.ufcstats.com/fighter-details/c9587d81e1d33925
Jerome Rivera,70,72,10,6,25,125.0,3,0,31,0,0,1:07,0,29,4,0,7:07,0,3,http://www.ufcstats.com/fighter-details/c9587d81e1d33925
Jerome Rivera,70,72,10,6,25,145.0,4,0,2,0,0,0:00,0,5,0,1,0:02,0,1,http://www.ufcstats.com/fighter-details/c9587d81e1d33925
Jerome Rivera,70,72,10,6,26,125.0,5,0,11,0,0,0:00,0,10,0,0,0:12,1,1,http://www.ufcstats.com/fighter-details/c9587d81e1d33925
Amir Albazi,65,68,17,2,26,135.0,1,1,12,1,0,2:21,1,3,0,0,0:22,0,1,http://www.ufcstats.com/fighter-details/6d35bf94f7d30241
Amir Albazi,65,68,17,2,27,125.0,2,1,68,2,0,3:38,0,59,1,0,0:27,0,3,http://www.ufcstats.com/fighter-details/6d35bf94f7d30241
Amir Albazi,65,68,17,2,28,125.0,3,1,12,2,0,2:36,1,11,0,0,0:00,0,1,http://www.ufcstats.com/fighter-details/6d35bf94f7d30241
Amir Albazi,65,68,17,2,29,125.0,4,1,37,1,2,5:54,0,17,0,0,0:00,0,3,http://www.ufcstats.com/fighter-details/6d35bf94f7d30241
Amir Albazi,65,68,17,2,29,125.0,5,1,43,1,0,6:10,1,99,2,0,0:58,0,5,http://www.ufcstats.com/fighter-details/6d35bf94f7d30241
Amir Albazi,65,68,17,2,31,125.0,6,0,63,1,0,0:09,0,132,0,0,0:00,0,5,http://www.ufcstats.com/fighter-details/6d35bf94f7d30241
Damon Jackson,71,71,23,8,34,145.0,1,1,11,1,0,0:32,0,1,0,0,0:00,0,1,http://www.ufcstats.com/fighter-details/29af297d9f1de0f8
Damon Jackson,71,71,23,8,34,145.0,2,0,36,0,0,0:01,0,34,1,1,0:18,0,2,http://www.ufcstats.com/fighter-details/29af297d9f1de0f8
Damon Jackson,71,71,23,8,34,145.0,3,0,67,3,0,6:10,0,100,0,0,1:51,1,3,http://www.ufcstats.com/fighter-details/29af297d9f1de0f8
Damon Jackson,71,71,23,8,35,145.0,4,1,42,3,0,6:18,0,32,0,1,2:22,0,3,http://www.ufcstats.com/fighter-details/29af297d9f1de0f8
Damon Jackson,71,71,23,8,36,145.0,5,0,32,1,0,4:18,0,73,5,0,8:31,0,3,http://www.ufcstats.com/fighter-details/29af297d9f1de0f8
Damon Jackson,71,71,23,8,36,155.0,6,0,16,0,0,0:27,0,10,0,0,0:00,1,1,http://www.ufcstats.com/fighter-details/29af297d9f1de0f8
Li Jingliang,72,71,19,9,31,170.0,1,0,16,2,0,3:39,0,74,4,0,5:06,0,3,http://www.ufcstats.com/fighter-details/e64b96c07d7ce999
Li Jingliang,72,71,19,9,32,170.0,2,1,21,0,1,0:02,0,11,0,0,0:00,0,1,http://www.ufcstats.com/fighter-details/e64b96c07d7ce999
Li Jingliang,72,71,19,9,33,170.0,3,0,0,0,0,0:00,0,25,1,0,3:01,3,1,http://www.ufcstats.com/fighter-details/e64b96c07d7ce999
Li Jingliang,72,71,19,9,34,170.0,4,1,38,1,1,0:30,0,23,1,0,1:10,0,2,http://www.ufcstats.com/fighter-details/e64b96c07d7ce999
Li Jingliang,72,71,19,9,34,170.0,5,0,78,1,0,0:02,0,88,0,0,0:00,0,3,http://www.ufcstats.com/fighter-details/e64b96c07d7ce999
Li Jingliang,72,71,19,9,36,170.0,6,0,41,0,0,0:23,0,55,0,3,0:04,0,2,http://www.ufcstats.com/fighter-details/e64b96c07d7ce999
Matthew Semelsberger,73,75,11,8,29,170.0,1,0,74,1,1,2:38,0,106,0,0,0:24,0,3,http://www.ufcstats.com/fighter-details/4aa58269d0664b5b
Matthew Semelsberger,73,75,11,8,30,170.0,2,1,45,3,3,4:16,0,32,1,0,1:42,1,3,http://www.ufcstats.com/fighter-details/4aa58269d0664b5b
Matthew Semelsberger,73,75,11,8,30,170.0,3,0,20,0,2,1:29,0,36,6,0,11:12,0,3,http://www.ufcstats.com/fighter-details/4aa58269d0664b5b
Matthew Semelsberger,73,75,11,8,30,170.0,4,0,52,0,1,1:13,0,69,1,1,0:22,0,3,http://www.ufcstats.com/fighter-details/4aa58269d0664b5b
Matthew Semelsberger,73,75,11,8,31,170.0,5,0,28,1,0,3:08,2,47,7,0,6:26,2,3,http://www.ufcstats.com/fighter-details/4aa58269d0664b5b
Matthew Semelsberger,73,75,11,8,31,170.0,6,0,2,0,0,0:00,0,7,0,0,0:00,0,1,http://www.ufcstats.com/fighter-details/4aa58269d0664b5b
Brandon Royval,69,68,17,7,29,125.0,1,1,40,0,0,1:43,3,28,8,0,7:41,0,3,http://www.ufcstats.com/fighter-details/6e15f63b6c2e2c15
Brandon Royval,69,68,17,7,29,125.0,2,1,14,0,0,0:13,1,12,0,1,0:54,0,1,http://www.ufcstats.com/fighter-details/6e15f63b6c2e2c15
Brandon Royval,69,68,17,7,30,125.0,3,1,13,0,1,0:07,0,2,0,0,0:00,0,1,http://www.ufcstats.com/fighter-details/6e15f63b6c2e2c15
Brandon Royval,69,68,17,7,31,125.0,4,0,111,0,0,0:47,0,95,8,0,15:51,1,5,http://www.ufcstats.com/fighter-details/6e15f63b6c2e2c15
Brandon Royval,69,68,17,7,31,125.0,5,1,145,1,0,0:35,0,112,3,0,2:54,0,5,http://www.ufcstats.com/fighter-details/6e15f63b6c2e2c15
Brandon Royval,69,68,17,7,32,125.0,6,1,124,3,0,2:23,3,42,6,0,12:13,1,5,http://www.ufcstats.com/fighter-details/6e15f63b6c2e2c15
Tatsuro Taira,67,70,16,1,22,125.0,1,1,22,3,0,6:19,2,19,0,0,0:36,0,2,http://www.ufcstats.com/fighter-details/4461d7e47375a895
Tatsuro Taira,67,70,16,1,23,125.0,2,1,1,1,0,3:49,2,2,0,0,0:23,1,1,http://www.ufcstats.com/fighter-details/4461d7e47375a895
Tatsuro Taira,67,70,16,1,23,125.0,3,1,61,2,0,9:53,1,25,0,1,0:25,2,3,http://www.ufcstats.com/fighter-details/4461d7e47375a895
Tatsuro Taira,67,70,16,1,23,125.0,4,1,33,0,1,3:36,0,2,0,0,0:53,0,2,http://www.ufcstats.com/fighter-details/4461d7e47375a895
Tatsuro Taira,67,70,16,1,24,125.0,5,1,31,2,0,0:48,0,41,1,0,0:24,0,2,http://www.ufcstats.com/fighter-details/4461d7e47375a895
Tatsuro Taira,67,70,16,1,24,125.0,6,0,42,6,0,12:13,1,124,3,0,2:23,3,5,http://www.ufcstats.com/fighter-details/4461d7e47375a895
Kyler Phillips,68,72,12,3,25,135.0,1,1,59,3,0,1:36,0,67,0,0,1:06,0,3,http://www.ufcstats.com/fighter-details/60425d07ef4b91a7
Kyler Phillips,68,72,12,3,26,135.0,2,0,74,4,1,3:02,0,51,2,0,3:32,0,3,http://www.ufcstats.com/fighter-details/60425d07ef4b91a7
Kyler Phillips,68,72,12,3,26,135.0,3,1,80,3,0,2:33,2,55,0,0,0:30,0,3,http://www.ufcstats.com/fighter-details/60425d07ef4b91a7
Kyler Phillips,68,72,12,3,28,135.0,4,1,72,1,1,0:47,0,46,3,0,1:42,0,3,http://www.ufcstats.com/fighter-details/60425d07ef4b91a7
Kyler Phillips,68,72,12,3,28,135.0,5,1,114,0,0,0:02,0,52,1,0,0:24,0,3,http://www.ufcstats.com/fighter-details/60425d07ef4b91a7
Kyler Phillips,68,72,12,3,29,135.0,6,0,38,4,0,4:42,0,61,0,0,1:19,0,3,http://www.ufcstats.com/fighter-details/60425d07ef4b91a7
Paul Craig,75,76,17,9,34,205.0,1,0,33,0,0,0:07,0,72,1,0,5:09,0,3,http://www.ufcstats.com/fighter-details/eabf206b162b3b83
Paul Craig,75,76,17,9,35,205.0,2,0,3,0,0,0:00,0,16,0,1,0:04,0,1,http://www.ufcstats.com/fighter-details/eabf206b162b3b83
Paul Craig,75,76,17,9,35,185.0,3,1,40,2,0,2:56,1,24,2,0,1:47,0,2,http://www.ufcstats.com/fighter-details/eabf206b162b3b83
Paul Craig,75,76,17,9,35,185.0,4,0,6,0,0,0:34,1,32,2,0,7:58,2,3,http://www.ufcstats.com/fighter-details/eabf206b162b3b83
Paul Craig,75,76,17,9,36,185.0,5,0,22,0,0,0:30,0,36,0,1,0:19,0,2,http://www.ufcstats.com/fighter-details/eabf206b162b3b83
Paul Craig,75,76,17,9,36,185.0,6,0,47,0,0,0:00,0,54,0,0,0:00,0,3,http://www.ufcstats.com/fighter-details/eabf206b162b3b83
Gabriel Benitez,68,71,23,13,32,155.0,1,1,38,0,1,0:00,0,22,0,0,0:00,0,1,http://www.ufcstats.com/fighter-details/436f970c9ea9169c
Gabriel Benitez,68,71,23,13,33,145.0,2,0,57,0,1,0:50,1,100,3,1,8:40,1,3,http://www.ufcstats.com/fighter-details/436f970c9ea9169c
Gabriel Benitez,68,71,23,13,33,145.0,3,0,46,0,0,0:00,0,36,0,1,0:10,0,1,http://www.ufcstats.com/fighter-details/436f970c9ea9169c
Gabriel Benitez,68,71,23,13,34,155.0,4,1,37,1,0,1:24,0,22,0,0,0:00,0,1,http://www.ufcstats.com/fighter-details/436f970c9ea9169c
Gabriel Benitez,68,71,23,13,35,155.0,5,0,80,0,0,0:01,0,80,2,0,3:55,1,3,http://www.ufcstats.com/fighter-details/436f970c9ea9169c
Gabriel Benitez,68,71,23,13,35,155.0,6,0,121,0,0,0:00,0,97,0,0,0:03,0,3,http://www.ufcstats.com/fighter-details/436f970c9ea9169c
Jesse Butler,70,73,12,6,31,155.0,1,0,1,0,0,0:00,0,3,0,1,0:01,0,1,http://www.ufcstats.com/fighter-details/a75a48bfe776b2c2
Jesse Butler,70,73,12,6,32,135.0,2,0,30,0,0,0:00,0,68,3,0,10:50,0,3,http://www.ufcstats.com/fighter-details/a75a48bfe776b2c2
Donald Cerrone,73,73,36,17,36,155.0,1,0,68,1,0,0:07,0,104,0,0,0:00,0,2,http://www.ufcstats.com/fighter-details/1d00756835ca67c9
Donald Cerrone,73,73,36,17,36,155.0,2,0,17,0,0,0:00,0,40,0,1,0:04,0,1,http://www.ufcstats.com/fighter-details/1d00756835ca67c9
Donald Cerrone,73,73,36,17,36,170.0,3,0,0,0,0,0:00,0,19,0,1,0:13,0,1,http://www.ufcstats.com/fighter-details/1d00756835ca67c9
Donald Cerrone,73,73,36,17,37,170.0,4,0,62,2,0,1:46,0,63,0,0,0:00,0,3,http://www.ufcstats.com/fighter-details/1d00756835ca67c9
Donald Cerrone,73,73,36,17,38,170.0,5,0,17,0,0,0:02,0,35,0,0,0:47,0,1,http://www.ufcstats.com/fighter-details/1d00756835ca67c9
Donald Cerrone,73,73,36,17,39,170.0,6,0,21,0,0,1:24,0,24,1,0,1:03,1,2,http://www.ufcstats.com/fighter-details/1d00756835ca67c9
Billy Quarantillo,70,70,18,7,32,145.0,1,0,164,0,0,2:09,0,193,0,0,2:26,0,3,http://www.ufcstats.com/fighter-details/aa171d55d4b5208f
Billy Quarantillo,70,70,18,7,34,145.0,2,1,87,2,0,1:20,0,48,2,0,4:08,1,2,http://www.ufcstats.com/fighter-details/aa171d55d4b5208f
Billy Quarantillo,70,70,18,7,34,145.0,3,0,19,0,0,0:39,0,21,0,1,0:02,0,1,http://www.ufcstats.com/fighter-details/aa171d55d4b5208f
Billy Quarantillo,70,70,18,7,34,145.0,4,1,100,0,0,1:51,1,67,3,0,6:10,0,3,http://www.ufcstats.com/fighter-details/aa171d55d4b5208f
Billy Quarantillo,70,70,18,7,35,145.0,5,0,10,0,0,0:21,0,33,2,0,2:55,2,2,http://www.ufcstats.com/fighter-details/aa171d55d4b5208f
Billy Quarantillo,70,70,18,7,36,145.0,6,0,97,3,0,2:07,0,99,0,1,0:10,0,3,http://www.ufcstats.com/fighter-details/aa171d55d4b5208f
Muslim Salikhov,71,70,21,5,38,170.0,1,0,23,1,0,1:10,0,38,1,1,0:30,0,2,http://www.ufcstats.com/fighter-details/447f9858ae78f921
Muslim Salikhov,71,70,21,5,38,170.0,2,1,56,1,0,3:07,0,17,0,0,0:20,0,3,http://www.ufcstats.com/fighter-details/447f9858ae78f921
Muslim Salikhov,71,70,21,5,39,170.0,3,0,57,2,0,0:55,0,86,2,0,6:36,0,3,http://www.ufcstats.com/fighter-details/447f9858ae78f921
Muslim Salikhov,71,70,21,5,39,170.0,4,0,10,0,0,0:00,0,13,0,1,0:03,0,1,http://www.ufcstats.com/fighter-details/447f9858ae78f921
Muslim Salikhov,71,70,21,5,40,170.0,5,1,46,0,0,0:00,0,41,2,0,2:29,0,3,http://www.ufcstats.com/fighter-details/447f9858ae78f921
Muslim Salikhov,71,70,21,5,40,170.0,6,1,20,0,1,0:02,0,9,0,0,0:19,0,1,http://www.ufcstats.com/fighter-details/447f9858ae78f921
Trevin Giles,72,74,16,7,29,170.0,1,0,8,1,0,1:12,1,26,0,1,1:05,0,1,http://www.ufcstats.com/fighter-details/b27a1fcb56a3035a
Trevin Giles,72,74,16,7,30,170.0,2,1,25,2,0,2:09,0,10,1,0,3:36,1,3,http://www.ufcstats.com/fighter-details/b27a1fcb56a3035a
Trevin Giles,72,74,16,7,30,170.0,3,1,55,0,0,4:14,0,42,3,0,5:16,3,3,http://www.ufcstats.com/fighter-details/b27a1fcb56a3035a
Trevin Giles,72,74,16,7,30,170.0,4,0,1,0,0,0:14,0,3,1,0,0:26,1,1,http://www.ufcstats.com/fighter-details/b27a1fcb56a3035a
Trevin Giles,72,74,16,7,31,170.0,5,0,68,0,0,1:28,0,37,0,1,0:01,0,2,http://www.ufcstats.com/fighter-details/b27a1fcb56a3035a
Trevin Giles,72,74,16,7,32,170.0,6,0,34,0,0,0:00,0,59,0,0,0:00,0,3,http://www.ufcstats.com/fighter-details/b27a1fcb56a3035a
Mitch Ramirez,71,71,8,2,30,170.0,1,0,23,1,0,1:18,0,30,0,1,0:22,0,2,http://www.ufcstats.com/fighter-details/e99eb0ef25885de5
Mitch Ramirez,71,71,8,2,31,155.0,2,0,16,0,0,0:21,0,25,2,1,6:36,1,3,http://www.ufcstats.com/fighter-details/e99eb0ef25885de5
Jeremiah Wells,69,74,12,4,34,170.0,1,1,21,0,1,3:32,0,15,0,0,0:22,1,2,http://www.ufcstats.com/fighter-details/d66a46de8d705353
Jeremiah Wells,69,74,12,4,35,170.0,2,1,15,1,0,4:25,1,1,0,0,0:03,0,1,http://www.ufcstats.com/fighter-details/d66a46de8d705353
Jeremiah Wells,69,74,12,4,35,170.0,3,1,7,0,1,0:02,0,3,0,0,0:00,0,1,http://www.ufcstats.com/fighter-details/d66a46de8d705353
Jeremiah Wells,69,74,12,4,36,170.0,4,1,36,6,0,11:12,0,20,0,2,1:29,0,3,http://www.ufcstats.com/fighter-details/d66a46de8d705353
Jeremiah Wells,69,74,12,4,36,170.0,5,0,18,3,0,9:26,2,5,0,0,0:13,1,3,http://www.ufcstats.com/fighter-details/d66a46de8d705353
Jeremiah Wells,69,74,12,4,37,170.0,6,0,32,1,0,1:40,0,26,1,0,1:40,0,3,http://www.ufcstats.com/fighter-details/d66a46de8d705353
Alexandre Pantoja,65,67,29,5,31,125.0,1,1,22,3,0,2:51,2,17,1,0,0:08,0,2,http://www.ufcstats.com/fighter-details/a0f0004aadf10b71
Alexandre Pantoja,65,67,29,5,32,125.0,2,1,8,1,0,1:06,1,10,0,0,0:00,0,1,http://www.ufcstats.com/fighter-details/a0f0004aadf10b71
Alexandre Pantoja,65,67,29,5,33,125.0,3,1,129,6,1,8:26,0,147,2,0,4:01,0,5,http://www.ufcstats.com/fighter-details/a0f0004aadf10b71
Alexandre Pantoja,65,67,29,5,33,125.0,4,1,95,8,0,15:51,1,111,0,0,0:47,0,5,http://www.ufcstats.com/fighter-details/a0f0004aadf10b71
Alexandre Pantoja,65,67,29,5,34,125.0,5,1,125,9,0,8:15,0,111,1,0,0:32,0,5,http://www.ufcstats.com/fighter-details/a0f0004aadf10b71
Alexandre Pantoja,65,67,29,5,34,125.0,6,1,32,3,0,2:46,1,17,0,0,0:24,0,2,http://www.ufcstats.com/fighter-details/a0f0004aadf10b71
Alessandro Costa,64,67,14,4,26,125.0,1,1,45,0,1,0:16,0,49,0,0,0:37,0,3,http://www.ufcstats.com/fighter-details/3fa97913cfd205d3
Alessandro Costa,64,67,14,4,26,125.0,2,0,17,0,0,0:00,0,37,1,2,5:54,0,3,http://www.ufcstats.com/fighter-details/3fa97913cfd205d3
Alessandro Costa,64,67,14,4,27,125.0,3,1,65,0,1,0:50,0,14,0,0,0:14,0,2,http://www.ufcstats.com/fighter-details/3fa97913cfd205d3
Alessandro Costa,64,67,14,4,27,125.0,4,0,54,1,0,1:14,0,74,1,0,6:29,1,3,http://www.ufcstats.com/fighter-details/3fa97913cfd205d3
Alessandro Costa,64,67,14,4,28,125.0,5,1,46,0,1,0:43,0,18,0,0,0:00,0,2,http://www.ufcstats.com/fighter-details/3fa97913cfd205d3
David Dvorak,65,68,20,6,27,125.0,1,1,67,0,0,1:13,0,45,3,0,1:31,0,3,http://www.ufcstats.com/fighter-details/9ada30894bf04e19
David Dvorak,65,68,20,6,28,125.0,2,1,68,0,0,0:04,0,50,0,0,0:00,0,3,http://www.ufcstats.com/fighter-details/9ada30894bf04e19
David Dvorak,65,68,20,6,28,125.0,3,1,9,0,0,0:23,1,11,0,0,0:00,0,1,http://www.ufcstats.com/fighter-details/9ada30894bf04e19
David Dvorak,65,68,20,6,29,125.0,4,0,39,0,0,1:25,0,36,0,1,0:48,0,3,http://www.ufcstats.com/fighter-details/9ada30894bf04e19
David Dvorak,65,68,20,6,30,125.0,5,0,33,2,0,2:42,0,58,0,1,0:57,2,3,http://www.ufcstats.com/fighter-details/9ada30894bf04e19
David Dvorak,65,68,20,6,31,125.0,6,0,53,1,0,1:57,0,54,3,0,1:29,1,3,http://www.ufcstats.com/fighter-details/9ada30894bf04e19
Matheus Nicolau,66,66,19,6,28,125.0,1,1,64,1,0,2:08,0,70,1,0,2:28,0,3,http://www.ufcstats.com/fighter-details/1a31ef98efce7a79
Matheus Nicolau,66,66,19,6,29,125.0,2,1,36,0,1,0:48,0,39,0,0,1:25,0,3,http://www.ufcstats.com/fighter-details/1a31ef98efce7a79
Matheus Nicolau,66,66,19,6,29,125.0,3,1,32,1,2,0:47,0,20,0,0,0:00,0,2,http://www.ufcstats.com/fighter-details/1a31ef98efce7a79
Matheus Nicolau,66,66,19,6,30,125.0,4,0,2,0,0,0:00,0,13,0,1,0:07,0,1,http://www.ufcstats.com/fighter-details/1a31ef98efce7a79
Matheus Nicolau,66,66,19,6,31,125.0,5,0,22,0,0,0:00,0,28,0,1,0:02,0,2,http://www.ufcstats.com/fighter-details/1a31ef98efce7a79
Matheus Nicolau,66,66,19,6,31,125.0,6,0,16,0,0,0:00,1,22,1,1,5:17,0,3,http://www.ufcstats.com/fighter-details/1a31ef98efce7a79
Rogerio Bontorin,65,67,16,4,26,125.0,1,1,41,2,0,--,1,39,0,0,--,0,2,http://www.ufcstats.com/fighter-details/07a2bdaa0afdd831
Rogerio Bontorin,65,67,16,4,26,125.0,2,1,40,1,0,2:58,2,58,4,0,2:16,0,3,http://www.ufcstats.com/fighter-details/07a2bdaa0afdd831
Rogerio Bontorin,65,67,16,4,27,125.0,3,1,8,2,0,1:19,0,3,0,0,0:00,0,1,http://www.ufcstats.com/fighter-details/07a2bdaa0afdd831
Rogerio Bontorin,65,67,16,4,27,125.0,4,0,9,0,0,1:43,0,35,10,0,11:23,0,3,http://www.ufcstats.com/fighter-details/07a2bdaa0afdd831
Rogerio Bontorin,65,67,16,4,28,125.0,5,0,6,1,0,3:15,2,13,0,1,0:01,0,1,http://www.ufcstats.com/fighter-details/07a2bdaa0afdd831
Rogerio Bontorin,65,67,16,4,29,125.0,6,0,28,8,0,7:41,0,40,0,0,1:43,3,3,http://www.ufcstats.com/fighter-details/07a2bdaa0afdd831
Max Griffin,71,76,20,11,35,170.0,1,1,93,1,1,1:11,0,63,0,0,0:00,0,3,http://www.ufcstats.com/fighter-details/b0d6a1d8ac3d563d
Max Griffin,71,76,20,11,36,170.0,2,0,67,0,1,0:39,0,54,1,0,4:33,0,3,http://www.ufcstats.com/fighter-details/b0d6a1d8ac3d563d
Max Griffin,71,76,20,11,36,170.0,3,1,42,3,1,5:13,0,47,3,0,1:27,0,3,http://www.ufcstats.com/fighter-details/b0d6a1d8ac3d563d
Max Griffin,71,76,20,11,37,170.0,4,0,36,0,0,2:10,0,72,1,0,0:27,0,3,http://www.ufcstats.com/fighter-details/b0d6a1d8ac3d563d
Max Griffin,71,76,20,11,38,170.0,5,1,26,1,0,1:40,0,32,1,0,1:40,0,3,http://www.ufcstats.com/fighter-details/b0d6a1d8ac3d563d
Max Griffin,71,76,20,11,39,170.0,6,0,10,0,0,1:19,0,13,2,0,3:48,1,3,http://www.ufcstats.com/fighter-details/b0d6a1d8ac3d563d
Adam Fugitt,73,77,10,4,33,170.0,1,0,64,1,0,1:51,0,83,0,2,0:12,0,3,http://www.ufcstats.com/fighter-details/a01a62132460a98d
Adam Fugitt,73,77,10,4,34,170.0,2,1,21,4,0,2:53,0,10,0,0,0:01,0,1,http://www.ufcstats.com/fighter-details/a01a62132460a98d
Adam Fugitt,73,77,10,4,34,170.0,3,0,9,0,0,0:07,0,19,2,1,1:26,1,2,http://www.ufcstats.com/fighter-details/a01a62132460a98d
Adam Fugitt,73,77,10,4,35,170.0,4,1,80,0,0,0:00,0,53,0,0,0:00,0,3,http://www.ufcstats.com/fighter-details/a01a62132460a98d
Alex Perez,66,65,25,9,28,125.0,1,1,29,0,2,0:04,0,18,0,0,0:00,0,1,http://www.ufcstats.com/fighter-details/ab2b4ff41d6ebe0f
Alex Perez,66,65,25,9,28,125.0,2,0,6,0,0,0:37,0,5,0,0,0:00,1,1,http://www.ufcstats.com/fighter-details/ab2b4ff41d6ebe0f
Alex Perez,66,65,25,9,30,125.0,3,0,10,0,0,0:00,0,8,1,0,1:06,1,1,http://www.ufcstats.com/fighter-details/ab2b4ff41d6ebe0f
Alex Perez,66,65,25,9,31,125.0,4,0,30,0,0,3:44,0,47,3,0,4:29,0,3,http://www.ufcstats.com/fighter-details/ab2b4ff41d6ebe0f
Alex Perez,66,65,25,9,32,125.0,5,1,28,0,1,0:02,0,22,0,0,0:00,0,2,http://www.ufcstats.com/fighter-details/ab2b4ff41d6ebe0f
Alex Perez,66,65,25,9,32,125.0,6,0,41,1,0,0:24,0,31,2,0,0:48,0,2,http://www.ufcstats.com/fighter-details/ab2b4ff41d6ebe0f
Marcelo Rojo,68,71,16,10,32,145.0,1,0,74,1,0,0:28,0,106,0,2,2:57,0,3,http://www.ufcstats.com/fighter-details/2804ce8dadab5770
Marcelo Rojo,68,71,16,10,33,135.0,2,0,55,0,0,0:30,0,80,3,0,2:33,2,3,http://www.ufcstats.com/fighter-details/2804ce8dadab5770
Marcelo Rojo,68,71,16,10,34,145.0,3,0,31,0,0,0:00,0,23,1,1,2:47,0,2,http://www.ufcstats.com/fighter-details/2804ce8dadab5770
Raulian Paiva,68,69,21,5,23,125.0,1,0,3,0,0,0:00,0,8,2,0,1:19,0,1,http://www.ufcstats.com/fighter-details/82b4e942781b1046
Raulian Paiva,68,69,21,5,24,125.0,2,1,54,0,1,1:48,0,45,0,0,0:00,0,2,http://www.ufcstats.com/fighter-details/82b4e942781b1046
Raulian Paiva,68,69,21,5,24,125.0,3,1,52,0,0,0:43,0,66,2,0,0:29,0,3,http://www.ufcstats.com/fighter-details/82b4e942781b1046
Raulian Paiva,68,69,21,5,25,135.0,4,1,51,2,0,3:32,0,74,4,1,3:02,0,3,http://www.ufcstats.com/fighter-details/82b4e942781b1046
Raulian Paiva,68,69,21,5,26,135.0,5,0,11,0,0,0:00,0,39,0,1,0:02,0,1,http://www.ufcstats.com/fighter-details/82b4e942781b1046
Raulian Paiva,68,69,21,5,26,135.0,6,0,63,1,0,0:13,0,68,2,0,4:35,0,3,http://www.ufcstats.com/fighter-details/82b4e942781b1046
Caio Borralho,73,75,17,1,29,185.0,1,1,12,4,0,10:09,0,31,0,0,1:19,0,3,http://www.ufcstats.com/fighter-details/4126a78111c0855a
Caio Borralho,73,75,17,1,29,185.0,2,1,19,1,0,5:32,2,14,2,0,4:44,0,3,http://www.ufcstats.com/fighter-details/4126a78111c0855a
Caio Borralho,73,75,17,1,30,185.0,3,1,34,3,0,2:39,1,30,0,0,0:13,0,2,http://www.ufcstats.com/fighter-details/4126a78111c0855a
Caio Borralho,73,75,17,1,30,185.0,4,1,51,0,1,2:17,0,38,0,0,0:00,0,3,http://www.ufcstats.com/fighter-details/4126a78111c0855a
Caio Borralho,73,75,17,1,31,185.0,5,1,36,0,1,0:19,0,22,0,0,0:30,0,2,http://www.ufcstats.com/fighter-details/4126a78111c0855a
Caio Borralho,73,75,17,1,31,185.0,6,1,153,0,1,1:59,1,83,0,0,0:00,0,5,http://www.ufcstats.com/fighter-details/4126a78111c0855a
Jack Hermansson,73,77,24,8,32,185.0,1,0,122,2,0,0:28,0,164,0,1,5:47,1,5,http://www.ufcstats.com/fighter-details/0a1942069c9ad6b6
Jack Hermansson,73,77,24,8,32,185.0,2,1,55,3,0,7:11,0,40,0,0,1:51,1,3,http://www.ufcstats.com/fighter-details/0a1942069c9ad6b6
Jack Hermansson,73,77,24,8,33,185.0,3,0,137,0,0,0:31,0,153,0,0,0:00,0,5,http://www.ufcstats.com/fighter-details/0a1942069c9ad6b6
Jack Hermansson,73,77,24,8,34,185.0,4,1,100,0,0,0:00,0,43,0,0,0:00,0,3,http://www.ufcstats.com/fighter-details/0a1942069c9ad6b6
Jack Hermansson,73,77,24,8,34,185.0,5,0,47,2,0,1:52,0,25,0,0,0:30,3,2,http://www.ufcstats.com/fighter-details/0a1942069c9ad6b6
Jack Hermansson,73,77,24,8,35,185.0,6,1,121,1,0,3:08,0,92,0,0,0:50,0,5,http://www.ufcstats.com/fighter-details/0a1942069c9ad6b6
Jimmy Crute,74,74,12,4,23,205.0,1,0,21,0,0,0:44,0,6,1,0,2:30,1,1,http://www.ufcstats.com/fighter-details/70e1f8a821b72c8b
Jimmy Crute,74,74,12,4,23,205.0,2,1,2,8,0,3:03,1,3,0,0,0:00,0,1,http://www.ufcstats.com/fighter-details/70e1f8a821b72c8b
Jimmy Crute,74,74,12,4,24,205.0,3,1,17,0,2,0:25,0,7,0,0,0:00,0,1,http://www.ufcstats.com/fighter-details/70e1f8a821b72c8b
Jimmy Crute,74,74,12,4,25,205.0,4,0,18,3,0,0:57,0,26,0,0,0:02,0,1,http://www.ufcstats.com/fighter-details/70e1f8a821b72c8b
Jimmy Crute,74,74,12,4,25,205.0,5,0,6,0,0,0:00,0,4,0,1,0:01,0,1,http://www.ufcstats.com/fighter-details/70e1f8a821b72c8b
Jimmy Crute,74,74,12,4,27,205.0,6,0,26,1,0,1:12,0,21,0,0,1:45,1,2,http://www.ufcstats.com/fighter-details/70e1f8a821b72c8b
Misha Cirkunov,75,77,15,9,32,205.0,1,0,1,0,0,0:00,0,4,0,1,0:04,0,1,http://www.ufcstats.com/fighter-details/67f272324a030d00
Misha Cirkunov,75,77,15,9,32,205.0,2,1,6,1,0,2:30,1,21,0,0,0:44,0,1,http://www.ufcstats.com/fighter-details/67f272324a030d00
Misha Cirkunov,75,77,15,9,34,205.0,3,0,5,0,0,0:00,0,16,0,1,0:13,0,1,http://www.ufcstats.com/fighter-details/67f272324a030d00
Misha Cirkunov,75,77,15,9,34,185.0,4,0,41,5,0,4:06,0,41,1,0,0:44,0,3,http://www.ufcstats.com/fighter-details/67f272324a030d00
Misha Cirkunov,75,77,15,9,34,185.0,5,0,30,1,0,3:04,1,15,0,0,2:15,2,2,http://www.ufcstats.com/fighter-details/67f272324a030d00
Misha Cirkunov,75,77,15,9,35,205.0,6,0,5,0,0,0:00,0,8,0,1,0:03,0,1,http://www.ufcstats.com/fighter-details/67f272324a030d00
Askar Mozharov,75,74,19,13,27,205.0,1,0,2,0,0,0:00,0,19,2,0,4:19,0,1,http://www.ufcstats.com/fighter-details/e92901944ce91909
Derrick Lewis,75,79,28,12,37,265.0,1,0,27,2,0,1:48,0,24,0,1,2:06,0,2,http://www.ufcstats.com/fighter-details/d3df1add9d9a7efb
Derrick Lewis,75,79,28,12,37,265.0,2,0,4,0,0,0:00,0,15,0,1,0:02,0,1,http://www.ufcstats.com/fighter-details/d3df1add9d9a7efb
Derrick Lewis,75,79,28,12,37,265.0,3,0,0,0,0,0:00,0,12,6,0,2:32,1,1,http://www.ufcstats.com/fighter-details/d3df1add9d9a7efb
Derrick Lewis,75,79,28,12,38,265.0,4,1,17,0,1,0:29,0,1,0,0,0:00,0,1,http://www.ufcstats.com/fighter-details/d3df1add9d9a7efb
Derrick Lewis,75,79,28,12,38,265.0,5,0,20,0,0,0:57,0,38,6,0,21:10,4,5,http://www.ufcstats.com/fighter-details/d3df1add9d9a7efb
Derrick Lewis,75,79,28,12,39,265.0,6,1,41,1,1,3:23,0,27,1,0,4:46,0,3,http://www.ufcstats.com/fighter-details/d3df1add9d9a7efb
Curtis Blaydes,76,80,18,5,30,265.0,1,1,32,3,0,6:19,0,18,0,0,0:00,0,3,http://www.ufcstats.com/fighter-details/fa6796c55d6c5440
Curtis Blaydes,76,80,18,5,31,265.0,2,1,30,0,1,0:03,0,13,0,0,0:00,0,2,http://www.ufcstats.com/fighter-details/fa6796c55d6c5440
Curtis Blaydes,76,80,18,5,31,265.0,3,1,4,0,0,0:01,0,3,0,0,0:00,0,1,http://www.ufcstats.com/fighter-details/fa6796c55d6c5440
Curtis Blaydes,76,80,18,5,32,265.0,4,0,14,0,0,0:00,0,36,0,1,0:02,0,1,http://www.ufcstats.com/fighter-details/fa6796c55d6c5440
Curtis Blaydes,76,80,18,5,33,265.0,5,1,16,0,0,0:09,0,1,9,0,4:39,0,2,http://www.ufcstats.com/fighter-details/fa6796c55d6c5440
Curtis Blaydes,76,80,18,5,33,265.0,6,0,5,0,0,0:00,0,14,0,1,0:13,0,1,http://www.ufcstats.com/fighter-details/fa6796c55d6c5440
Tom Aspinall,77,78,15,3,28,265.0,1,1,16,0,1,0:03,0,0,0,0,0:00,0,1,http://www.ufcstats.com/fighter-details/399afbabc02376b5
Tom Aspinall,77,78,15,3,28,265.0,2,1,29,2,0,1:54,1,13,0,0,0:00,0,1,http://www.ufcstats.com/fighter-details/399afbabc02376b5
Tom Aspinall,77,78,15,3,29,265.0,3,0,3,0,0,0:00,0,4,0,0,0:01,0,1,http://www.ufcstats.com/fighter-details/399afbabc02376b5
Tom Aspinall,77,78,15,3,30,265.0,4,1,13,0,1,0:05,0,4,0,0,0:00,0,1,http://www.ufcstats.com/fighter-details/399afbabc02376b5
Tom Aspinall,77,78,15,3,30,265.0,5,1,10,0,1,0:02,0,1,0,0,0:00,0,1,http://www.ufcstats.com/fighter-details/399afbabc02376b5
Tom Aspinall,77,78,15,3,31,265.0,6,1,14,0,1,0:13,0,5,0,0,0:00,0,1,http://www.ufcstats.com/fighter-details/399afbabc02376b5
Josh Fremd,76,76,11,6,28,185.0,1,0,31,1,0,2:37,1,48,8,0,10:45,3,3,http://www.ufcstats.com/fighter-details/ca43de99b07b6b40
Josh Fremd,76,76,11,6,28,185.0,2,0,24,0,0,0:39,0,10,3,0,2:46,1,2,http://www.ufcstats.com/fighter-details/ca43de99b07b6b40
Josh Fremd,76,76,11,6,29,185.0,3,1,33,2,0,4:27,2,20,0,0,0:07,0,2,http://www.ufcstats.com/fighter-details/ca43de99b07b6b40
Josh Fremd,76,76,11,6,29,185.0,4,1,31,0,0,7:15,2,14,2,0,3:01,0,3,http://www.ufcstats.com/fighter-details/ca43de99b07b6b40
Josh Fremd,76,76,11,6,29,185.0,5,0,38,0,0,0:50,0,49,0,1,0:03,0,2,http://www.ufcstats.com/fighter-details/ca43de99b07b6b40
Josh Fremd,76,76,11,6,30,185.0,6,0,16,0,0,0:13,0,12,3,0,12:50,1,3,http://www.ufcstats.com/fighter-details/ca43de99b07b6b40
Antonio Trocoli,78,79,12,5,33,185.0,1,0,16,0,0,4:42,0,82,0,1,0:17,0,3,http://www.ufcstats.com/fighter-details/6d48a2df51749d91
Antonio Trocoli,78,79,12,5,33,185.0,2,0,2,0,0,0:13,0,3,1,0,0:45,1,1,http://www.ufcstats.com/fighter-details/6d48a2df51749d91
Rodrigo Nascimento,74,80,11,3,27,265.0,1,1,32,2,0,2:23,1,27,0,0,1:33,0,2,http://www.ufcstats.com/fighter-details/d31a5546c0e9b213
Rodrigo Nascimento,74,80,11,3,29,265.0,2,1,36,3,0,8:01,1,62,0,0,0:58,0,3,http://www.ufcstats.com/fighter-details/d31a5546c0e9b213
Rodrigo Nascimento,74,80,11,3,30,265.0,3,1,68,0,0,0:00,0,49,2,0,3:50,0,3,http://www.ufcstats.com/fighter-details/d31a5546c0e9b213
Rodrigo Nascimento,74,80,11,3,30,265.0,4,1,70,0,0,2:21,0,79,0,0,0:39,0,3,http://www.ufcstats.com/fighter-details/d31a5546c0e9b213
Rodrigo Nascimento,74,80,11,3,31,265.0,5,0,27,1,0,4:46,0,41,1,1,3:23,0,3,http://www.ufcstats.com/fighter-details/d31a5546c0e9b213
Rodrigo Nascimento,74,80,11,3,31,265.0,6,0,31,0,0,0:00,0,45,6,0,7:33,1,3,http://www.ufcstats.com/fighter-details/d31a5546c0e9b213
Marcos Rogerio de Lima,73,75,22,10,36,265.0,1,1,14,0,0,0:00,0,2,0,0,0:00,0,1,http://www.ufcstats.com/fighter-details/ab943cd2c3c17825
Marcos Rogerio de Lima,73,75,22,10,36,265.0,2,0,68,1,0,2:04,0,62,0,0,3:52,0,3,http://www.ufcstats.com/fighter-details/ab943cd2c3c17825
Marcos Rogerio de Lima,73,75,22,10,37,265.0,3,1,6,0,1,1:30,1,2,0,0,0:00,0,1,http://www.ufcstats.com/fighter-details/ab943cd2c3c17825
Marcos Rogerio de Lima,73,75,22,10,37,265.0,4,1,59,3,0,5:01,0,82,0,0,0:34,0,3,http://www.ufcstats.com/fighter-details/ab943cd2c3c17825
Marcos Rogerio de Lima,73,75,22,10,38,265.0,5,0,1,0,0,0:00,0,17,0,1,0:29,0,1,http://www.ufcstats.com/fighter-details/ab943cd2c3c17825
Marcos Rogerio de Lima,73,75,22,10,38,265.0,6,1,33,1,1,3:26,0,11,0,0,0:00,0,2,http://www.ufcstats.com/fighter-details/ab943cd2c3c17825
Tai Tuivasa,74,75,15,8,28,265.0,1,1,24,0,1,2:06,0,27,2,0,1:48,0,2,http://www.ufcstats.com/fighter-details/c62fbc117d57b943
Tai Tuivasa,74,75,15,8,29,265.0,2,0,29,0,1,0:04,0,110,0,1,0:01,0,3,http://www.ufcstats.com/fighter-details/c62fbc117d57b943
Tai Tuivasa,74,75,15,8,29,265.0,3,0,2,0,0,0:00,0,23,0,2,0:09,0,1,http://www.ufcstats.com/fighter-details/c62fbc117d57b943
Tai Tuivasa,74,75,15,8,30,265.0,4,0,28,0,0,0:00,0,93,0,1,2:35,1,2,http://www.ufcstats.com/fighter-details/c62fbc117d57b943
Tai Tuivasa,74,75,15,8,31,265.0,5,0,15,0,0,0:00,0,27,1,0,2:48,1,1,http://www.ufcstats.com/fighter-details/c62fbc117d57b943
Tai Tuivasa,74,75,15,8,31,265.0,6,0,37,0,0,0:01,0,91,0,0,0:01,0,3,http://www.ufcstats.com/fighter-details/c62fbc117d57b943
Chris Daukaus,75,76,12,7,31,265.0,1,1,34,0,0,0:19,0,5,0,0,0:24,0,1,http://www.ufcstats.com/fighter-details/d0aaedcf7ccd0b45
Chris Daukaus,75,76,12,7,32,265.0,2,1,38,0,2,0:48,0,23,0,0,0:00,0,2,http://www.ufcstats.com/fighter-details/d0aaedcf7ccd0b45
Chris Daukaus,75,76,12,7,32,265.0,3,0,10,0,0,0:00,0,14,0,1,0:00,0,1,http://www.ufcstats.com/fighter-details/d0aaedcf7ccd0b45
Chris Daukaus,75,76,12,7,32,265.0,4,0,13,0,0,0:00,0,30,0,1,0:03,0,2,http://www.ufcstats.com/fighter-details/d0aaedcf7ccd0b45
Chris Daukaus,75,76,12,7,33,265.0,5,0,1,0,0,0:00,0,12,0,1,0:06,0,1,http://www.ufcstats.com/fighter-details/d0aaedcf7ccd0b45
Chris Daukaus,75,76,12,7,33,205.0,6,0,8,0,0,0:04,0,16,0,1,0:31,0,1,http://www.ufcstats.com/fighter-details/d0aaedcf7ccd0b45
Alexander Volkov,79,80,38,11,33,265.0,1,0,13,0,0,0:00,0,29,2,0,1:54,1,1,http://www.ufcstats.com/fighter-details/279566840aa55bf2
Alexander Volkov,79,80,38,11,33,265.0,2,1,21,0,0,0:00,0,6,0,0,0:00,0,1,http://www.ufcstats.com/fighter-details/279566840aa55bf2
Alexander Volkov,79,80,38,11,34,265.0,3,1,12,0,0,1:03,0,0,0,0,0:38,0,1,http://www.ufcstats.com/fighter-details/279566840aa55bf2
Alexander Volkov,79,80,38,11,34,265.0,4,1,93,0,1,2:35,1,28,0,0,0:00,0,2,http://www.ufcstats.com/fighter-details/279566840aa55bf2
Alexander Volkov,79,80,38,11,35,265.0,5,1,83,0,0,0:00,0,46,0,0,0:15,0,3,http://www.ufcstats.com/fighter-details/279566840aa55bf2
Alexander Volkov,79,80,38,11,36,265.0,6,0,39,3,0,4:32,1,43,2,0,3:40,2,3,http://www.ufcstats.com/fighter-details/279566840aa55bf2
Nate Maness,70,72,16,3,29,125.0,1,1,33,1,1,0:30,1,55,0,0,0:40,0,2,http://www.ufcstats.com/fighter-details/6e9f40c706f91f32
Nate Maness,70,72,16,3,30,135.0,2,1,31,1,1,0:15,0,36,1,1,2:26,0,2,http://www.ufcstats.com/fighter-details/6e9f40c706f91f32
Nate Maness,70,72,16,3,30,135.0,3,0,2,0,0,0:00,0,74,3,0,10:49,0,3,http://www.ufcstats.com/fighter-details/6e9f40c706f91f32
Nate Maness,70,72,16,3,31,125.0,4,0,4,0,0,0:00,0,4,1,0,1:34,1,1,http://www.ufcstats.com/fighter-details/6e9f40c706f91f32
Nate Maness,70,72,16,3,32,125.0,5,1,29,0,0,1:31,0,3,0,0,1:14,0,1,http://www.ufcstats.com/fighter-details/6e9f40c706f91f32
Nate Maness,70,72,16,3,32,125.0,6,1,89,0,0,4:23,2,37,1,0,2:41,2,3,http://www.ufcstats.com/fighter-details/6e9f40c706f91f32
Sergey Morozov,66,67,19,5,31,135.0,1,0,7,0,0,0:08,0,25,5,0,2:57,1,2,http://www.ufcstats.com/fighter-details/2f6a993c7f547c13
Sergey Morozov,66,67,19,5,32,135.0,2,1,50,6,0,8:34,0,33,0,0,0:00,0,3,http://www.ufcstats.com/fighter-details/2f6a993c7f547c13
Sergey Morozov,66,67,19,5,32,135.0,3,0,32,1,1,2:30,0,37,0,3,0:55,2,2,http://www.ufcstats.com/fighter-details/2f6a993c7f547c13
Sergey Morozov,66,67,19,5,33,135.0,4,1,68,2,0,4:35,0,63,1,0,0:13,0,3,http://www.ufcstats.com/fighter-details/2f6a993c7f547c13
Sergey Morozov,66,67,19,5,33,135.0,5,1,30,6,0,6:59,0,26,0,0,0:00,0,3,http://www.ufcstats.com/fighter-details/2f6a993c7f547c13
Zac Pauga,74,76,7,3,34,265.0,1,0,32,0,0,0:00,0,12,0,1,0:02,0,2,http://www.ufcstats.com/fighter-details/56f7d7ee06be4aab
Zac Pauga,74,76,7,3,34,205.0,2,1,59,0,0,8:40,0,29,0,0,0:13,0,3,http://www.ufcstats.com/fighter-details/56f7d7ee06be4aab
Zac Pauga,74,76,7,3,35,205.0,3,0,67,1,0,2:17,0,56,0,0,1:20,0,3,http://www.ufcstats.com/fighter-details/56f7d7ee06be4aab
Zac Pauga,74,76,7,3,35,205.0,4,0,17,0,0,1:04,0,10,0,1,0:04,0,1,http://www.ufcstats.com/fighter-details/56f7d7ee06be4aab
Frankie Edgar,66,68,23,11,37,145.0,1,0,96,1,0,1:46,0,129,0,0,0:00,0,5,http://www.ufcstats.com/fighter-details/f2688492b9a525a3
Frankie Edgar,66,68,23,11,38,145.0,2,0,9,0,0,2:12,0,46,0,1,0:00,0,1,http://www.ufcstats.com/fighter-details/f2688492b9a525a3
Frankie Edgar,66,68,23,11,38,135.0,3,1,135,2,0,0:18,0,166,0,0,0:00,0,5,http://www.ufcstats.com/fighter-details/f2688492b9a525a3
Frankie Edgar,66,68,23,11,39,135.0,4,0,2,0,0,0:00,0,2,0,1,0:00,0,1,http://www.ufcstats.com/fighter-details/f2688492b9a525a3
Frankie Edgar,66,68,23,11,40,135.0,5,0,94,3,0,4:25,0,88,0,1,0:01,1,3,http://www.ufcstats.com/fighter-details/f2688492b9a525a3
Frankie Edgar,66,68,23,11,41,135.0,6,0,2,0,0,0:00,0,10,0,1,0:01,0,1,http://www.ufcstats.com/fighter-details/f2688492b9a525a3
Batgerel Danaa,67,70,12,5,30,135.0,1,1,17,0,1,0:03,0,11,0,0,0:00,0,1,http://www.ufcstats.com/fighter-details/3b0a516d2921e0d6
Batgerel Danaa,67,70,12,5,31,135.0,2,1,7,0,1,0:04,0,3,0,0,0:00,0,1,http://www.ufcstats.com/fighter-details/3b0a516d2921e0d6
Batgerel Danaa,67,70,12,5,32,135.0,3,1,22,0,1,0:05,0,7,0,0,0:00,0,1,http://www.ufcstats.com/fighter-details/3b0a516d2921e0d6
Batgerel Danaa,67,70,12,5,32,135.0,4,0,30,1,0,0:24,0,41,0,1,0:13,0,2,http://www.ufcstats.com/fighter-details/3b0a516d2921e0d6
Batgerel Danaa,67,70,12,5,32,135.0,5,0,109,0,0,0:03,0,100,0,0,0:00,0,3,http://www.ufcstats.com/fighter-details/3b0a516d2921e0d6
Batgerel Danaa,67,70,12,5,33,135.0,6,0,41,1,1,1:00,0,45,3,0,4:09,0,3,http://www.ufcstats.com/fighter-details/3b0a516d2921e0d6
Claudio Puelles,70,72,13,4,23,155.0,1,1,22,4,0,13:20,2,2,0,0,0:48,0,3,http://www.ufcstats.com/fighter-details/d747eb273a40a920
Claudio Puelles,70,72,13,4,25,155.0,2,1,20,4,0,10:01,0,21,2,0,2:06,0,3,http://www.ufcstats.com/fighter-details/d747eb273a40a920
Claudio Puelles,70,72,13,4,25,155.0,3,1,43,1,0,6:20,1,38,1,0,2:49,0,3,http://www.ufcstats.com/fighter-details/d747eb273a40a920
Claudio Puelles,70,72,13,4,26,155.0,4,1,1,0,0,0:14,2,3,0,0,1:10,0,1,http://www.ufcstats.com/fighter-details/d747eb273a40a920
Claudio Puelles,70,72,13,4,26,155.0,5,0,5,0,0,0:08,1,29,0,1,2:08,1,2,http://www.ufcstats.com/fighter-details/d747eb273a40a920
Claudio Puelles,70,72,13,4,27,155.0,6,0,4,7,0,7:14,0,31,0,0,4:30,1,3,http://www.ufcstats.com/fighter-details/d747eb273a40a920
Joel Alvarez,75,77,22,3,27,155.0,1,1,4,0,0,0:00,2,1,1,0,1:57,0,1,http://www.ufcstats.com/fighter-details/58bbef3770bb2dfc
Joel Alvarez,75,77,22,3,28,155.0,2,1,44,0,0,0:02,0,11,0,0,0:00,0,1,http://www.ufcstats.com/fighter-details/58bbef3770bb2dfc
Joel Alvarez,75,77,22,3,28,155.0,3,0,7,0,0,0:00,0,36,2,0,6:08,0,2,http://www.ufcstats.com/fighter-details/58bbef3770bb2dfc
Joel Alvarez,75,77,22,3,30,155.0,4,1,42,0,0,1:26,1,20,2,0,3:09,0,2,http://www.ufcstats.com/fighter-details/58bbef3770bb2dfc
Joel Alvarez,75,77,22,3,31,155.0,5,1,95,0,1,0:51,1,45,0,0,0:22,0,3,http://www.ufcstats.com/fighter-details/58bbef3770bb2dfc
Joel Alvarez,75,77,22,3,31,155.0,6,1,20,0,0,0:04,0,7,1,0,1:08,0,1,http://www.ufcstats.com/fighter-details/58bbef3770bb2dfc
Damir Ismagulov,70,74,24,3,28,155.0,1,1,64,0,0,0:00,0,38,0,0,0:00,0,3,http://www.ufcstats.com/fighter-details/135d124172a0bea3
Damir Ismagulov,70,74,24,3,28,155.0,2,1,71,0,1,1:16,0,36,0,0,0:24,0,3,http://www.ufcstats.com/fighter-details/135d124172a0bea3
Damir Ismagulov,70,74,24,3,30,155.0,3,1,56,2,0,7:40,0,30,0,1,0:16,1,3,http://www.ufcstats.com/fighter-details/135d124172a0bea3
Damir Ismagulov,70,74,24,3,31,155.0,4,1,79,0,0,0:46,0,78,1,0,0:39,0,3,http://www.ufcstats.com/fighter-details/135d124172a0bea3
Damir Ismagulov,70,74,24,3,31,155.0,5,0,36,0,0,0:06,0,34,7,0,9:25,0,3,http://www.ufcstats.com/fighter-details/135d124172a0bea3
Damir Ismagulov,70,74,24,3,32,155.0,6,0,13,0,0,0:08,0,30,3,0,12:24,1,3,http://www.ufcstats.com/fighter-details/135d124172a0bea3
Alen Amedovski,70,74,8,4,31,185.0,1,0,6,0,0,0:13,0,43,4,0,9:36,0,3,http://www.ufcstats.com/fighter-details/70fa1c64a2c439ef
Alen Amedovski,70,74,8,4,31,185.0,2,0,2,0,0,0:00,0,5,0,1,0:02,0,1,http://www.ufcstats.com/fighter-details/70fa1c64a2c439ef
Alen Amedovski,70,74,8,4,34,185.0,3,0,1,0,0,0:00,0,16,1,1,0:21,1,1,http://www.ufcstats.com/fighter-details/70fa1c64a2c439ef
Alen Amedovski,70,74,8,4,34,185.0,4,0,11,0,0,0:00,0,14,0,1,0:03,0,1,http://www.ufcstats.com/fighter-details/70fa1c64a2c439ef
Tony Ferguson,71,76,26,11,37,155.0,1,0,15,0,0,0:05,1,23,3,0,12:15,1,3,http://www.ufcstats.com/fighter-details/22a92d7f62195791
Tony Ferguson,71,76,26,11,38,155.0,2,0,20,0,0,0:00,0,27,1,1,2:29,0,2,http://www.ufcstats.com/fighter-details/22a92d7f62195791
Tony Ferguson,71,76,26,11,38,170.0,3,0,80,1,0,0:08,0,101,0,0,0:00,1,4,http://www.ufcstats.com/fighter-details/22a92d7f62195791
Tony Ferguson,71,76,26,11,39,155.0,4,0,54,0,0,0:13,0,137,0,0,3:25,1,3,http://www.ufcstats.com/fighter-details/22a92d7f62195791
Tony Ferguson,71,76,26,11,39,155.0,5,0,62,0,0,0:00,0,106,1,1,8:53,0,3,http://www.ufcstats.com/fighter-details/22a92d7f62195791
Tony Ferguson,71,76,26,11,40,170.0,6,0,10,0,0,0:00,0,4,1,0,0:34,1,1,http://www.ufcstats.com/fighter-details/22a92d7f62195791
Kazula Vargas,68,71,12,5,33,155.0,1,0,20,0,0,0:18,0,17,3,0,12:01,0,3,http://www.ufcstats.com/fighter-details/ec18eb918121787c
Kazula Vargas,68,71,12,5,34,155.0,2,0,15,1,0,3:08,0,5,0,0,0:00,1,1,http://www.ufcstats.com/fighter-details/ec18eb918121787c
Kazula Vargas,68,71,12,5,35,155.0,3,1,96,0,0,1:10,1,42,3,0,2:44,0,3,http://www.ufcstats.com/fighter-details/ec18eb918121787c
Kazula Vargas,68,71,12,5,36,155.0,4,0,7,0,0,2:43,0,3,1,0,0:53,1,1,http://www.ufcstats.com/fighter-details/ec18eb918121787c
Luigi Vendramini,68,73,9,3,22,170.0,1,0,4,0,0,2:41,1,15,0,1,0:08,0,2,http://www.ufcstats.com/fighter-details/2f1a257d6777096d
Luigi Vendramini,68,73,9,3,24,155.0,2,1,13,0,1,0:02,0,2,0,0,0:00,0,1,http://www.ufcstats.com/fighter-details/2f1a257d6777096d
Luigi Vendramini,68,73,9,3,25,155.0,3,0,34,1,0,3:09,0,39,0,0,0:00,0,3,http://www.ufcstats.com/fighter-details/2f1a257d6777096d
Luigi Vendramini,68,73,9,3,25,155.0,4,0,25,1,0,0:27,0,47,0,1,0:09,0,1,http://www.ufcstats.com/fighter-details/2f1a257d6777096d
Mark Madsen,68,72,12,2,35,155.0,1,1,22,1,0,0:51,0,0,0,0,0:00,0,1,http://www.ufcstats.com/fighter-details/da0995f19b749cfa
Mark Madsen,68,72,12,2,35,155.0,2,1,15,8,0,8:01,0,41,0,0,0:00,0,3,http://www.ufcstats.com/fighter-details/da0995f19b749cfa
Mark Madsen,68,72,12,2,36,155.0,3,1,98,0,0,0:54,0,72,0,0,0:00,0,3,http://www.ufcstats.com/fighter-details/da0995f19b749cfa
Mark Madsen,68,72,12,2,37,155.0,4,1,39,3,0,5:10,0,68,1,0,0:48,0,3,http://www.ufcstats.com/fighter-details/da0995f19b749cfa
Mark Madsen,68,72,12,2,38,155.0,5,0,15,0,0,0:24,0,33,2,1,9:31,2,3,http://www.ufcstats.com/fighter-details/da0995f19b749cfa
Mark Madsen,68,72,12,2,39,155.0,6,0,35,0,0,1:04,0,36,0,1,0:19,0,1,http://www.ufcstats.com/fighter-details/da0995f19b749cfa
Clay Guida,67,70,38,22,39,155.0,1,1,18,2,0,2:09,1,41,0,1,1:01,0,2,http://www.ufcstats.com/fighter-details/c47df9303d318c67
Clay Guida,67,70,38,22,40,155.0,2,0,3,0,0,1:10,0,1,0,0,0:14,2,1,http://www.ufcstats.com/fighter-details/c47df9303d318c67
Clay Guida,67,70,38,22,40,155.0,3,1,66,4,0,5:35,0,65,0,0,0:18,0,3,http://www.ufcstats.com/fighter-details/c47df9303d318c67
Clay Guida,67,70,38,22,41,155.0,4,0,63,0,0,0:00,0,141,0,0,0:20,0,3,http://www.ufcstats.com/fighter-details/c47df9303d318c67
Clay Guida,67,70,38,22,41,155.0,5,0,43,2,0,4:23,0,46,2,0,2:35,2,3,http://www.ufcstats.com/fighter-details/c47df9303d318c67
Clay Guida,67,70,38,22,42,155.0,6,0,5,0,0,0:00,0,7,3,0,2:08,1,1,http://www.ufcstats.com/fighter-details/c47df9303d318c67
Chris Gruetzemacher,68,68,15,5,30,145.0,1,0,28,0,0,0:00,0,21,2,0,4:40,1,2,http://www.ufcstats.com/fighter-details/feaf00f3373435d6
Chris Gruetzemacher,68,68,15,5,31,155.0,2,0,46,0,0,0:15,0,55,5,0,3:53,1,3,http://www.ufcstats.com/fighter-details/feaf00f3373435d6
Chris Gruetzemacher,68,68,15,5,31,155.0,3,1,128,0,0,1:38,0,48,0,0,0:00,0,2,http://www.ufcstats.com/fighter-details/feaf00f3373435d6
Chris Gruetzemacher,68,68,15,5,34,155.0,4,0,8,0,0,0:00,0,29,0,1,0:00,0,1,http://www.ufcstats.com/fighter-details/feaf00f3373435d6
Chris Gruetzemacher,68,68,15,5,35,155.0,5,1,100,0,0,0:03,0,72,5,0,6:26,1,3,http://www.ufcstats.com/fighter-details/feaf00f3373435d6
Chris Gruetzemacher,68,68,15,5,35,155.0,6,0,38,1,0,2:49,0,43,1,0,6:20,1,3,http://www.ufcstats.com/fighter-details/feaf00f3373435d6
Marcos Mariano,73,76,6,6,32,155.0,1,0,3,0,0,0:00,0,20,1,0,3:35,1,1,http://www.ufcstats.com/fighter-details/72e5e5a6edfa8223
Marcos Mariano,73,76,6,6,32,155.0,2,0,2,0,0,0:48,0,22,4,0,13:20,2,3,http://www.ufcstats.com/fighter-details/72e5e5a6edfa8223
Bryan Battle,73,77,13,2,27,170.0,1,1,7,0,1,0:02,0,2,0,0,0:00,0,1,http://www.ufcstats.com/fighter-details/f626118b6da0e020
Bryan Battle,73,77,13,2,28,170.0,2,0,3,0,0,0:00,0,43,7,1,14:11,0,3,http://www.ufcstats.com/fighter-details/f626118b6da0e020
Bryan Battle,73,77,13,2,28,170.0,3,1,3,0,1,0:03,0,6,0,0,0:00,0,1,http://www.ufcstats.com/fighter-details/f626118b6da0e020
Bryan Battle,73,77,13,2,29,170.0,4,1,45,1,0,3:30,1,25,0,0,0:33,0,2,http://www.ufcstats.com/fighter-details/f626118b6da0e020
Bryan Battle,73,77,13,2,30,170.0,5,1,97,0,0,3:31,0,58,0,0,0:12,0,2,http://www.ufcstats.com/fighter-details/f626118b6da0e020
Bryan Battle,73,77,13,2,30,170.0,6,1,57,0,0,7:25,0,60,2,0,1:46,0,3,http://www.ufcstats.com/fighter-details/f626118b6da0e020
Yohan Lainesse,73,76,9,3,29,170.0,1,1,5,0,1,1:05,0,2,0,0,0:00,1,1,http://www.ufcstats.com/fighter-details/f998f5c102250d6e
Yohan Lainesse,73,76,9,3,29,170.0,2,0,41,2,1,1:37,1,48,0,0,0:41,0,2,http://www.ufcstats.com/fighter-details/f998f5c102250d6e
Yohan Lainesse,73,76,9,3,30,170.0,3,1,23,0,0,0:17,0,44,1,0,1:49,0,3,http://www.ufcstats.com/fighter-details/f998f5c102250d6e
Yohan Lainesse,73,76,9,3,30,170.0,4,0,1,0,0,0:00,0,9,1,0,1:36,1,1,http://www.ufcstats.com/fighter-details/f998f5c102250d6e
Yohan Lainesse,73,76,9,3,31,170.0,5,0,1,0,0,0:05,0,5,1,0,0:41,1,1,http://www.ufcstats.com/fighter-details/f998f5c102250d6e
Drakkar Klose,69,70,15,3,31,155.0,1,0,15,0,0,0:00,0,12,1,1,4:21,2,2,http://www.ufcstats.com/fighter-details/7cbf7c78d3b34218
Drakkar Klose,69,70,15,3,34,155.0,2,1,76,2,2,1:55,0,18,0,0,0:10,0,2,http://www.ufcstats.com/fighter-details/7cbf7c78d3b34218
Drakkar Klose,69,70,15,3,34,155.0,3,1,61,2,0,2:05,0,34,3,0,2:54,0,3,http://www.ufcstats.com/fighter-details/7cbf7c78d3b34218
Drakkar Klose,69,70,15,3,35,155.0,4,1,2,0,0,0:40,0,1,1,0,0:53,0,1,http://www.ufcstats.com/fighter-details/7cbf7c78d3b34218
Drakkar Klose,69,70,15,3,36,155.0,5,1,70,0,0,5:33,0,59,0,1,0:55,1,3,http://www.ufcstats.com/fighter-details/7cbf7c78d3b34218
Drakkar Klose,69,70,15,3,36,155.0,6,0,7,1,0,1:08,0,20,0,0,0:04,0,1,http://www.ufcstats.com/fighter-details/7cbf7c78d3b34218
Elves Brener,70,72,16,5,25,155.0,1,1,69,0,0,0:00,0,70,0,0,2:11,0,3,http://www.ufcstats.com/fighter-details/48a9a128784d53d1
Elves Brener,70,72,16,5,25,155.0,2,1,65,2,1,2:48,0,85,1,0,2:23,0,3,http://www.ufcstats.com/fighter-details/48a9a128784d53d1
Elves Brener,70,72,16,5,26,155.0,3,1,16,0,1,0:03,0,8,0,0,0:00,0,1,http://www.ufcstats.com/fighter-details/48a9a128784d53d1
Elves Brener,70,72,16,5,26,155.0,4,0,48,3,0,2:55,0,65,5,1,7:12,0,3,http://www.ufcstats.com/fighter-details/48a9a128784d53d1
Elves Brener,70,72,16,5,26,155.0,5,0,45,0,0,0:22,0,95,0,1,0:51,1,3,http://www.ufcstats.com/fighter-details/48a9a128784d53d1
Marc Diakiese,70,73,17,7,28,155.0,1,0,3,0,0,0:03,0,6,0,0,0:00,1,1,http://www.ufcstats.com/fighter-details/32c355b04fc57f3a
Marc Diakiese,70,73,17,7,29,155.0,2,1,17,11,0,12:24,0,12,0,0,0:35,0,3,http://www.ufcstats.com/fighter-details/32c355b04fc57f3a
Marc Diakiese,70,73,17,7,29,155.0,3,1,13,8,0,13:35,0,5,0,0,0:00,0,3,http://www.ufcstats.com/fighter-details/32c355b04fc57f3a
Marc Diakiese,70,73,17,7,29,155.0,4,0,55,0,0,0:00,0,83,0,0,0:30,0,3,http://www.ufcstats.com/fighter-details/32c355b04fc57f3a
Marc Diakiese,70,73,17,7,30,155.0,5,0,20,2,0,3:09,0,42,0,0,1:26,1,2,http://www.ufcstats.com/fighter-details/32c355b04fc57f3a
Marc Diakiese,70,73,17,7,30,155.0,6,1,13,3,0,8:38,0,23,1,0,1:27,0,3,http://www.ufcstats.com/fighter-details/32c355b04fc57f3a
Alexander Yakovlev,75,74,24,10,31,170.0,1,1,15,2,1,0:00,0,14,0,0,1:42,0,1,http://www.ufcstats.com/fighter-details/d06f8869449ba7bd
Alexander Yakovlev,75,74,24,10,32,170.0,2,0,8,0,0,0:00,0,41,5,0,13:02,0,3,http://www.ufcstats.com/fighter-details/d06f8869449ba7bd
Alexander Yakovlev,75,74,24,10,32,170.0,3,0,18,1,0,0:02,0,24,0,0,1:10,1,2,http://www.ufcstats.com/fighter-details/d06f8869449ba7bd
Alexander Yakovlev,75,74,24,10,34,155.0,4,1,14,1,0,2:13,1,8,1,0,4:29,0,2,http://www.ufcstats.com/fighter-details/d06f8869449ba7bd
Alexander Yakovlev,75,74,24,10,35,155.0,5,0,20,3,0,6:19,0,28,0,0,1:55,0,3,http://www.ufcstats.com/fighter-details/d06f8869449ba7bd
Alexander Yakovlev,75,74,24,10,36,155.0,6,0,1,1,0,1:57,0,4,0,0,0:00,2,1,http://www.ufcstats.com/fighter-details/d06f8869449ba7bd
Karl Roberson,73,74,9,6,28,185.0,1,1,50,0,0,5:47,0,25,4,0,6:53,2,3,http://www.ufcstats.com/fighter-details/37d5b176d438d2a5
Karl Roberson,73,74,9,6,29,185.0,2,1,43,1,0,0:56,1,37,0,0,0:02,0,3,http://www.ufcstats.com/fighter-details/37d5b176d438d2a5
Karl Roberson,73,74,9,6,29,185.0,3,0,4,0,0,0:19,0,45,2,0,2:05,2,1,http://www.ufcstats.com/fighter-details/37d5b176d438d2a5
Karl Roberson,73,74,9,6,30,185.0,4,0,6,0,0,0:00,0,9,2,0,3:16,1,1,http://www.ufcstats.com/fighter-details/37d5b176d438d2a5
Karl Roberson,73,74,9,6,31,205.0,5,0,17,0,0,0:00,0,26,0,2,0:15,0,2,http://www.ufcstats.com/fighter-details/37d5b176d438d2a5
Karl Roberson,73,74,9,6,31,205.0,6,0,9,0,0,0:23,0,20,5,0,10:46,1,3,http://www.ufcstats.com/fighter-details/37d5b176d438d2a5
Hakeem Dawodu,68,73,13,4,28,145.0,1,1,55,0,0,3:39,0,32,1,0,0:56,0,3,http://www.ufcstats.com/fighter-details/2c9d00968f818270
Hakeem Dawodu,68,73,13,4,29,145.0,2,1,69,0,0,0:00,0,35,1,0,2:03,0,3,http://www.ufcstats.com/fighter-details/2c9d00968f818270
Hakeem Dawodu,68,73,13,4,29,145.0,3,0,39,0,0,0:16,0,42,9,0,8:55,2,3,http://www.ufcstats.com/fighter-details/2c9d00968f818270
Hakeem Dawodu,68,73,13,4,30,145.0,4,1,141,0,0,3:46,0,70,1,0,0:33,0,3,http://www.ufcstats.com/fighter-details/2c9d00968f818270
Hakeem Dawodu,68,73,13,4,31,145.0,5,0,74,0,0,0:12,0,92,2,0,4:22,0,3,http://www.ufcstats.com/fighter-details/2c9d00968f818270
Hakeem Dawodu,68,73,13,4,32,145.0,6,0,95,0,0,3:10,0,77,1,0,1:25,0,3,http://www.ufcstats.com/fighter-details/2c9d00968f818270
Nik Lentz,68,68,30,12,33,155.0,1,0,61,0,0,0:44,0,67,0,0,0:06,0,3,http://www.ufcstats.com/fighter-details/6fb1ba67bef41b37
Nik Lentz,68,68,30,12,34,155.0,2,1,75,2,1,3:34,1,13,0,0,0:08,0,2,http://www.ufcstats.com/fighter-details/6fb1ba67bef41b37
Nik Lentz,68,68,30,12,34,155.0,3,1,71,5,0,6:47,1,54,0,0,0:17,0,3,http://www.ufcstats.com/fighter-details/6fb1ba67bef41b37
Nik Lentz,68,68,30,12,34,155.0,4,0,18,2,0,1:40,0,38,0,1,1:37,1,2,http://www.ufcstats.com/fighter-details/6fb1ba67bef41b37
Nik Lentz,68,68,30,12,35,145.0,5,0,49,0,0,1:17,0,63,0,0,1:21,0,3,http://www.ufcstats.com/fighter-details/6fb1ba67bef41b37
Nik Lentz,68,68,30,12,36,145.0,6,0,46,1,0,1:26,2,82,2,0,4:36,0,3,http://www.ufcstats.com/fighter-details/6fb1ba67bef41b37
Cub Swanson,68,70,30,14,37,145.0,1,0,4,0,0,0:00,0,12,0,1,0:05,0,1,http://www.ufcstats.com/fighter-details/d247691a6c0e9034
Cub Swanson,68,70,30,14,38,145.0,2,1,18,0,1,0:09,0,2,0,0,0:00,0,1,http://www.ufcstats.com/fighter-details/d247691a6c0e9034
Cub Swanson,68,70,30,14,38,135.0,3,0,51,1,0,0:20,0,62,0,2,3:30,0,2,http://www.ufcstats.com/fighter-details/d247691a6c0e9034
Cub Swanson,68,70,30,14,39,145.0,4,1,77,1,0,1:25,0,95,0,0,3:10,0,3,http://www.ufcstats.com/fighter-details/d247691a6c0e9034
Cub Swanson,68,70,30,14,40,145.0,5,0,62,0,0,0:29,0,67,2,0,3:50,0,3,http://www.ufcstats.com/fighter-details/d247691a6c0e9034
Cub Swanson,68,70,30,14,41,145.0,6,1,99,0,1,0:10,0,97,3,0,2:07,0,3,http://www.ufcstats.com/fighter-details/d247691a6c0e9034
Bill Algeo,72,73,18,9,33,145.0,1,1,28,1,0,5:26,0,10,1,0,0:32,2,2,http://www.ufcstats.com/fighter-details/9abc648e76c4493a
Bill Algeo,72,73,18,9,33,145.0,2,0,81,0,0,0:07,0,59,1,0,4:18,2,3,http://www.ufcstats.com/fighter-details/9abc648e76c4493a
Bill Algeo,72,73,18,9,33,145.0,3,1,64,1,1,1:42,1,46,1,0,0:39,0,2,http://www.ufcstats.com/fighter-details/9abc648e76c4493a
Bill Algeo,72,73,18,9,34,145.0,4,1,110,1,1,0:07,0,75,0,0,0:35,0,3,http://www.ufcstats.com/fighter-details/9abc648e76c4493a
Bill Algeo,72,73,18,9,34,145.0,5,0,30,0,0,0:00,0,32,0,0,0:48,0,1,http://www.ufcstats.com/fighter-details/9abc648e76c4493a
Bill Algeo,72,73,18,9,35,145.0,6,0,17,2,0,3:09,0,21,2,0,1:33,3,2,http://www.ufcstats.com/fighter-details/9abc648e76c4493a
Joaquim Silva,68,69,13,6,30,155.0,1,0,15,0,0,0:00,0,21,0,1,0:03,0,2,http://www.ufcstats.com/fighter-details/ae7fe94f117f98cf
Joaquim Silva,68,69,13,6,32,155.0,2,0,1,0,0,0:00,0,10,0,2,0:08,0,1,http://www.ufcstats.com/fighter-details/ae7fe94f117f98cf
Joaquim Silva,68,69,13,6,33,155.0,3,1,45,0,1,0:11,0,39,0,0,0:00,0,2,http://www.ufcstats.com/fighter-details/ae7fe94f117f98cf
Joaquim Silva,68,69,13,6,34,155.0,4,0,23,0,0,0:00,0,80,4,0,9:01,0,3,http://www.ufcstats.com/fighter-details/ae7fe94f117f98cf
Joaquim Silva,68,69,13,6,34,155.0,5,1,46,2,0,2:35,2,43,2,0,4:23,0,3,http://www.ufcstats.com/fighter-details/ae7fe94f117f98cf
Joaquim Silva,68,69,13,6,35,155.0,6,0,59,0,1,0:55,1,70,0,0,5:33,0,3,http://www.ufcstats.com/fighter-details/ae7fe94f117f98cf
Khabib Nurmagomedov,70,70,29,0,28,155.0,1,1,94,2,0,8:44,1,19,0,0,0:00,1,3,http://www.ufcstats.com/fighter-details/032cc3922d871c7f
Khabib Nurmagomedov,70,70,29,0,29,155.0,2,1,89,4,0,10:32,0,25,0,0,0:00,0,3,http://www.ufcstats.com/fighter-details/032cc3922d871c7f
Khabib Nurmagomedov,70,70,29,0,29,155.0,3,1,134,6,0,10:33,1,41,0,0,0:00,0,5,http://www.ufcstats.com/fighter-details/032cc3922d871c7f
Khabib Nurmagomedov,70,70,29,0,30,155.0,4,1,70,3,0,12:15,1,51,0,0,0:00,0,4,http://www.ufcstats.com/fighter-details/032cc3922d871c7f
Khabib Nurmagomedov,70,70,29,0,30,155.0,5,1,22,7,0,8:52,2,12,0,0,0:00,1,3,http://www.ufcstats.com/fighter-details/032cc3922d871c7f
Khabib Nurmagomedov,70,70,29,0,32,155.0,6,1,26,2,0,0:55,1,29,0,0,0:14,0,2,http://www.ufcstats.com/fighter-details/032cc3922d871c7f
Jesse Ronson,70,70,21,12,27,155.0,1,0,38,1,0,0:46,0,19,7,0,8:36,0,3,http://www.ufcstats.com/fighter-details/5580771f383e141f
Jesse Ronson,70,70,21,12,28,155.0,2,0,53,0,0,0:36,0,55,1,0,1:58,0,3,http://www.ufcstats.com/fighter-details/5580771f383e141f
Jesse Ronson,70,70,21,12,28,155.0,3,0,48,1,0,0:40,1,49,4,0,7:07,0,3,http://www.ufcstats.com/fighter-details/5580771f383e141f
Jesse Ronson,70,70,21,12,36,155.0,4,0,25,0,0,0:02,0,35,3,0,4:37,1,2,http://www.ufcstats.com/fighter-details/5580771f383e141f
Jesse Ronson,70,70,21,12,36,155.0,5,0,39,0,0,0:00,0,45,0,1,0:11,0,2,http://www.ufcstats.com/fighter-details/5580771f383e141f
Conor McGregor,69,74,22,6,28,170.0,1,1,164,0,3,1:31,0,166,1,0,5:50,0,5,http://www.ufcstats.com/fighter-details/f4c49976c75c5ab2
Conor McGregor,69,74,22,6,28,155.0,2,1,32,0,3,0:53,0,9,0,0,0:57,0,2,http://www.ufcstats.com/fighter-details/f4c49976c75c5ab2
Conor McGregor,69,74,22,6,30,155.0,3,0,51,0,0,0:00,0,70,3,0,12:15,1,4,http://www.ufcstats.com/fighter-details/f4c49976c75c5ab2
Conor McGregor,69,74,22,6,31,170.0,4,1,19,0,1,0:13,0,0,0,0,0:00,0,1,http://www.ufcstats.com/fighter-details/f4c49976c75c5ab2
Conor McGregor,69,74,22,6,32,155.0,5,0,29,0,0,1:07,0,48,1,1,1:42,0,2,http://www.ufcstats.com/fighter-details/f4c49976c75c5ab2
Conor McGregor,69,74,22,6,32,155.0,6,0,27,0,0,0:00,1,36,1,0,3:18,0,1,http://www.ufcstats.com/fighter-details/f4c49976c75c5ab2
Al Iaquinta,70,70,14,7,29,155.0,1,1,12,0,2,0:05,0,4,0,0,0:00,0,1,http://www.ufcstats.com/fighter-details/59279a7c978f7da0
Al Iaquinta,70,70,14,7,30,155.0,2,0,41,0,0,0:00,0,134,6,0,10:33,1,5,http://www.ufcstats.com/fighter-details/59279a7c978f7da0
Al Iaquinta,70,70,14,7,31,155.0,3,1,111,0,0,0:14,0,102,3,0,5:25,0,5,http://www.ufcstats.com/fighter-details/59279a7c978f7da0
Al Iaquinta,70,70,14,7,32,155.0,4,0,90,0,0,0:00,0,138,0,2,0:22,0,5,http://www.ufcstats.com/fighter-details/59279a7c978f7da0
Al Iaquinta,70,70,14,7,32,155.0,5,0,37,0,0,0:24,0,98,0,1,2:29,0,3,http://www.ufcstats.com/fighter-details/59279a7c978f7da0
Al Iaquinta,70,70,14,7,34,155.0,6,0,10,0,0,0:00,0,28,0,1,0:15,0,1,http://www.ufcstats.com/fighter-details/59279a7c978f7da0
Bassil Hafez,71,72,9,4,31,170.0,1,0,32,3,0,6:48,0,83,1,0,1:19,0,3,http://www.ufcstats.com/fighter-details/f4d92416da98804b
Bassil Hafez,71,72,9,4,32,170.0,2,1,95,3,0,1:12,0,83,1,0,0:08,0,3,http://www.ufcstats.com/fighter-details/f4d92416da98804b
Bassil Hafez,71,72,9,4,32,170.0,3,0,24,0,0,0:06,0,65,0,1,0:05,0,3,http://www.ufcstats.com/fighter-details/f4d92416da98804b
Danny Roberts,73,74,18,8,31,170.0,1,0,2,0,0,0:00,0,6,0,1,0:02,0,1,http://www.ufcstats.com/fighter-details/a6cba6bb66c1a8c9
Danny Roberts,73,74,18,8,32,170.0,2,1,37,1,1,2:19,0,28,1,0,2:30,0,2,http://www.ufcstats.com/fighter-details/a6cba6bb66c1a8c9
Danny Roberts,73,74,18,8,34,170.0,3,1,34,1,0,2:38,0,40,2,0,2:57,1,3,http://www.ufcstats.com/fighter-details/a6cba6bb66c1a8c9
Danny Roberts,73,74,18,8,34,170.0,4,0,36,0,0,0:39,0,80,0,0,4:21,1,3,http://www.ufcstats.com/fighter-details/a6cba6bb66c1a8c9
Danny Roberts,73,74,18,8,35,170.0,5,0,5,0,0,0:15,0,33,0,2,0:34,0,1,http://www.ufcstats.com/fighter-details/a6cba6bb66c1a8c9
Danny Roberts,73,74,18,8,36,170.0,6,0,44,0,0,0:05,0,63,0,2,1:26,0,2,http://www.ufcstats.com/fighter-details/a6cba6bb66c1a8c9
Ramazan Emeev,70,76,20,6,31,170.0,1,1,36,2,1,2:24,1,22,1,0,2:16,0,3,http://www.ufcstats.com/fighter-details/abd5fb12437eda21
Ramazan Emeev,70,76,20,6,32,170.0,2,0,30,0,0,2:44,0,41,0,0,0:11,2,3,http://www.ufcstats.com/fighter-details/abd5fb12437eda21
Ramazan Emeev,70,76,20,6,33,170.0,3,1,29,4,0,6:50,2,30,1,0,0:21,0,3,http://www.ufcstats.com/fighter-details/abd5fb12437eda21
Ramazan Emeev,70,76,20,6,33,170.0,4,1,53,4,0,4:28,0,44,1,0,2:06,0,3,http://www.ufcstats.com/fighter-details/abd5fb12437eda21
Ramazan Emeev,70,76,20,6,34,170.0,5,0,40,2,0,2:57,1,34,1,0,2:38,0,3,http://www.ufcstats.com/fighter-details/abd5fb12437eda21
Ramazan Emeev,70,76,20,6,35,170.0,6,0,7,1,0,0:25,1,18,0,1,0:03,0,1,http://www.ufcstats.com/fighter-details/abd5fb12437eda21
Makhmud Muradov,74,75,26,8,29,185.0,1,1,54,0,0,0:38,0,36,0,0,0:43,0,3,http://www.ufcstats.com/fighter-details/ea7e5bc78d9de658
Makhmud Muradov,74,75,26,8,29,185.0,2,1,91,1,1,0:07,1,39,0,0,0:06,0,3,http://www.ufcstats.com/fighter-details/ea7e5bc78d9de658
Makhmud Muradov,74,75,26,8,30,185.0,3,1,79,0,0,0:16,0,48,0,0,0:22,0,3,http://www.ufcstats.com/fighter-details/ea7e5bc78d9de658
Makhmud Muradov,74,75,26,8,31,185.0,4,0,40,0,0,0:16,0,32,3,0,0:55,1,2,http://www.ufcstats.com/fighter-details/ea7e5bc78d9de658
Makhmud Muradov,74,75,26,8,32,185.0,5,0,14,2,0,4:44,0,19,1,0,5:32,2,3,http://www.ufcstats.com/fighter-details/ea7e5bc78d9de658
Makhmud Muradov,74,75,26,8,33,185.0,6,1,54,13,2,5:10,0,28,0,0,0:02,0,3,http://www.ufcstats.com/fighter-details/ea7e5bc78d9de658
Roosevelt Roberts,74,73,12,6,25,155.0,1,1,28,0,0,1:55,0,20,3,0,6:19,0,3,http://www.ufcstats.com/fighter-details/37c5366d18ed6c05
Roosevelt Roberts,74,73,12,6,26,155.0,2,1,40,1,0,3:04,3,14,0,0,2:20,0,2,http://www.ufcstats.com/fighter-details/37c5366d18ed6c05
Roosevelt Roberts,74,73,12,6,26,155.0,3,0,1,0,0,0:26,0,2,0,0,1:48,1,1,http://www.ufcstats.com/fighter-details/37c5366d18ed6c05
Roosevelt Roberts,74,73,12,6,27,155.0,4,0,55,0,0,1:44,0,105,0,1,1:38,0,3,http://www.ufcstats.com/fighter-details/37c5366d18ed6c05
Roosevelt Roberts,74,73,12,6,29,155.0,5,0,2,0,0,0:13,0,10,2,0,2:14,1,1,http://www.ufcstats.com/fighter-details/37c5366d18ed6c05
Roosevelt Roberts,74,73,12,6,30,155.0,6,0,24,0,0,0:43,0,45,2,0,8:51,0,3,http://www.ufcstats.com/fighter-details/37c5366d18ed6c05
Aoriqileng,67,69,25,12,28,125.0,1,0,65,1,0,1:17,0,60,5,0,5:39,0,3,http://www.ufcstats.com/fighter-details/7d420039bbfe7c1a
Aoriqileng,67,69,25,12,28,135.0,2,1,37,1,1,1:34,0,6,0,0,0:13,0,1,http://www.ufcstats.com/fighter-details/7d420039bbfe7c1a
Aoriqileng,67,69,25,12,29,135.0,3,1,72,0,0,0:02,0,88,3,0,5:59,0,3,http://www.ufcstats.com/fighter-details/7d420039bbfe7c1a
Aoriqileng,67,69,25,12,29,135.0,4,0,5,0,0,0:00,0,5,0,1,0:03,0,1,http://www.ufcstats.com/fighter-details/7d420039bbfe7c1a
Aoriqileng,67,69,25,12,30,135.0,5,1,44,2,1,5:39,0,7,4,0,4:30,3,3,http://www.ufcstats.com/fighter-details/7d420039bbfe7c1a
Aoriqileng,67,69,25,12,31,135.0,6,0,22,0,0,0:00,0,41,3,0,7:32,0,3,http://www.ufcstats.com/fighter-details/7d420039bbfe7c1a
Drako Rodriguez,68,69,7,3,24,135.0,1,1,3,1,0,0:36,1,5,0,0,0:48,1,1,http://www.ufcstats.com/fighter-details/dc3b9cf7641b7ab6
Drako Rodriguez,68,69,7,3,24,135.0,2,0,11,0,0,0:00,0,9,0,1,0:10,0,1,http://www.ufcstats.com/fighter-details/dc3b9cf7641b7ab6
Drako Rodriguez,68,69,7,3,25,135.0,3,0,55,3,0,1:14,0,76,1,0,0:40,0,3,http://www.ufcstats.com/fighter-details/dc3b9cf7641b7ab6
Rani Yahya,66,67,28,12,33,135.0,1,1,4,0,0,0:04,2,2,0,0,0:22,0,1,http://www.ufcstats.com/fighter-details/94527830000ab715
Rani Yahya,66,67,28,12,34,135.0,2,0,47,0,0,0:00,0,54,4,2,3:50,0,3,http://www.ufcstats.com/fighter-details/94527830000ab715
Rani Yahya,66,67,28,12,36,135.0,3,1,8,2,0,7:00,1,3,0,0,0:00,0,2,http://www.ufcstats.com/fighter-details/94527830000ab715
Rani Yahya,66,67,28,12,37,135.0,4,1,27,3,0,10:36,1,43,0,1,1:05,0,3,http://www.ufcstats.com/fighter-details/94527830000ab715
Rani Yahya,66,67,28,12,38,135.0,5,0,7,0,0,0:08,0,9,0,1,1:17,0,1,http://www.ufcstats.com/fighter-details/94527830000ab715
Rani Yahya,66,67,28,12,39,135.0,6,0,54,0,0,0:48,0,109,0,2,3:09,0,3,http://www.ufcstats.com/fighter-details/94527830000ab715
Julio Arce,67,70,19,6,30,145.0,1,0,32,1,0,0:56,0,55,0,0,3:39,0,3,http://www.ufcstats.com/fighter-details/1291edf2d566a71a
Julio Arce,67,70,19,6,31,135.0,2,1,42,0,0,0:24,0,31,0,0,0:00,0,2,http://www.ufcstats.com/fighter-details/1291edf2d566a71a
Julio Arce,67,70,19,6,32,135.0,3,0,13,0,0,0:00,0,30,0,1,0:00,0,2,http://www.ufcstats.com/fighter-details/1291edf2d566a71a
Julio Arce,67,70,19,6,32,135.0,4,1,127,0,0,0:18,0,49,0,0,0:46,0,3,http://www.ufcstats.com/fighter-details/1291edf2d566a71a
Julio Arce,67,70,19,6,33,135.0,5,0,26,1,0,0:06,0,48,0,1,5:55,0,3,http://www.ufcstats.com/fighter-details/1291edf2d566a71a
Julio Arce,67,70,19,6,34,145.0,6,1,29,0,2,0:08,0,15,0,0,1:16,0,2,http://www.ufcstats.com/fighter-details/1291edf2d566a71a
JP Buys,65,67,9,6,21,125.0,1,0,15,2,0,0:00,0,25,1,0,0:00,0,2,http://www.ufcstats.com/fighter-details/0b362247806341e5
JP Buys,65,67,9,6,24,125.0,2,1,22,1,0,4:17,2,0,0,0,0:14,0,1,http://www.ufcstats.com/fighter-details/0b362247806341e5
JP Buys,65,67,9,6,24,125.0,3,0,17,0,0,1:02,1,37,1,3,3:51,0,2,http://www.ufcstats.com/fighter-details/0b362247806341e5
JP Buys,65,67,9,6,25,135.0,4,0,8,1,0,1:20,3,25,4,4,10:03,1,3,http://www.ufcstats.com/fighter-details/0b362247806341e5
JP Buys,65,67,9,6,26,125.0,5,0,7,0,0,0:00,0,23,0,1,0:26,0,1,http://www.ufcstats.com/fighter-details/0b362247806341e5
JP Buys,65,67,9,6,27,135.0,6,0,4,0,0,0:00,0,7,0,1,0:05,0,1,http://www.ufcstats.com/fighter-details/0b362247806341e5
Jesse Strader,67,70,5,3,29,135.0,1,0,14,0,0,0:01,0,15,0,2,0:16,0,1,http://www.ufcstats.com/fighter-details/8c39367b53eadf8a
Jesse Strader,67,70,5,3,30,135.0,2,0,64,4,0,3:20,0,67,0,2,1:20,2,3,http://www.ufcstats.com/fighter-details/8c39367b53eadf8a
Brett Johns,67,71,17,2,25,135.0,1,1,56,3,0,11:33,1,28,0,0,0:00,0,3,http://www.ufcstats.com/fighter-details/ec52462a1b41f714
Brett Johns,67,71,17,2,25,135.0,2,1,1,0,0,0:00,1,0,0,0,0:00,0,1,http://www.ufcstats.com/fighter-details/ec52462a1b41f714
Brett Johns,67,71,17,2,26,135.0,3,0,27,1,0,6:31,0,89,3,0,1:22,0,3,http://www.ufcstats.com/fighter-details/ec52462a1b41f714
Brett Johns,67,71,17,2,26,135.0,4,0,73,0,0,1:06,0,117,0,3,4:31,1,3,http://www.ufcstats.com/fighter-details/ec52462a1b41f714
Brett Johns,67,71,17,2,27,135.0,5,1,36,6,0,7:21,3,26,5,0,4:09,0,3,http://www.ufcstats.com/fighter-details/ec52462a1b41f714
Brett Johns,67,71,17,2,28,135.0,6,1,11,8,0,8:42,1,26,2,1,2:41,0,3,http://www.ufcstats.com/fighter-details/ec52462a1b41f714
Niko Price,72,76,16,8,31,170.0,1,0,76,0,0,2:12,1,92,3,0,2:47,2,3,http://www.ufcstats.com/fighter-details/d8da10db80131bec
Niko Price,72,76,16,8,32,170.0,2,1,64,1,0,4:50,0,65,1,0,3:14,0,3,http://www.ufcstats.com/fighter-details/d8da10db80131bec
Niko Price,72,76,16,8,33,170.0,3,0,110,0,0,1:29,0,63,1,0,1:29,2,3,http://www.ufcstats.com/fighter-details/d8da10db80131bec
Niko Price,72,76,16,8,33,170.0,4,0,2,0,0,0:00,0,8,0,1,0:00,0,1,http://www.ufcstats.com/fighter-details/d8da10db80131bec
Niko Price,72,76,16,8,34,170.0,5,1,108,5,0,3:37,0,96,1,0,0:56,0,3,http://www.ufcstats.com/fighter-details/d8da10db80131bec
Niko Price,72,76,16,8,35,170.0,6,0,16,0,0,1:00,1,68,7,0,9:14,2,3,http://www.ufcstats.com/fighter-details/d8da10db80131bec
Dominick Cruz,68,68,24,4,31,135.0,1,1,87,3,1,3:26,0,34,1,0,0:11,0,5,http://www.ufcstats.com/fighter-details/10f3ba6cd2f44a97
Dominick Cruz,68,68,24,4,31,135.0,2,0,88,0,0,0:01,0,68,1,2,0:39,0,5,http://www.ufcstats.com/fighter-details/10f3ba6cd2f44a97
Dominick Cruz,68,68,24,4,35,135.0,3,0,33,0,0,0:00,0,53,1,1,0:14,0,2,http://www.ufcstats.com/fighter-details/10f3ba6cd2f44a97
Dominick Cruz,68,68,24,4,35,135.0,4,1,89,2,0,2:07,0,74,0,0,0:26,0,3,http://www.ufcstats.com/fighter-details/10f3ba6cd2f44a97
Dominick Cruz,68,68,24,4,36,135.0,5,1,103,1,0,0:06,0,74,0,1,0:10,0,3,http://www.ufcstats.com/fighter-details/10f3ba6cd2f44a97
Dominick Cruz,68,68,24,4,37,135.0,6,0,92,2,0,1:05,0,61,0,3,0:10,0,4,http://www.ufcstats.com/fighter-details/10f3ba6cd2f44a97
Themba Gorimbo,73,77,14,5,32,170.0,1,0,6,2,0,2:00,0,7,0,0,3:21,1,2,http://www.ufcstats.com/fighter-details/40f3cb27fc7305a1
Themba Gorimbo,73,77,14,5,32,170.0,2,1,33,3,1,11:15,0,30,2,0,2:21,0,3,http://www.ufcstats.com/fighter-details/40f3cb27fc7305a1
Themba Gorimbo,73,77,14,5,33,170.0,3,1,12,0,1,0:05,0,0,0,0,0:00,0,1,http://www.ufcstats.com/fighter-details/40f3cb27fc7305a1
Themba Gorimbo,73,77,14,5,33,170.0,4,1,43,5,0,10:13,0,3,1,0,3:44,0,3,http://www.ufcstats.com/fighter-details/40f3cb27fc7305a1
Themba Gorimbo,73,77,14,5,33,170.0,5,1,68,7,0,9:14,2,16,0,0,1:00,1,3,http://www.ufcstats.com/fighter-details/40f3cb27fc7305a1
Themba Gorimbo,73,77,14,5,33,170.0,6,0,5,0,0,0:00,0,2,0,0,0:14,1,1,http://www.ufcstats.com/fighter-details/40f3cb27fc7305a1
Robbie Lawler,71,74,30,16,36,170.0,1,0,26,1,0,0:33,0,0,1,0,1:59,1,1,http://www.ufcstats.com/fighter-details/f2925e6db404bf1d
Robbie Lawler,71,74,30,16,37,170.0,2,0,78,0,0,0:00,0,179,10,0,8:43,0,5,http://www.ufcstats.com/fighter-details/f2925e6db404bf1d
Robbie Lawler,71,74,30,16,38,170.0,3,0,26,0,0,1:33,0,62,4,0,8:14,0,3,http://www.ufcstats.com/fighter-details/f2925e6db404bf1d
Robbie Lawler,71,74,30,16,39,185.0,4,1,131,0,0,0:14,0,150,0,0,0:00,0,3,http://www.ufcstats.com/fighter-details/f2925e6db404bf1d
Robbie Lawler,71,74,30,16,40,170.0,5,0,81,0,0,0:00,0,147,0,0,0:00,0,2,http://www.ufcstats.com/fighter-details/f2925e6db404bf1d
Robbie Lawler,71,74,30,16,41,170.0,6,1,8,0,1,0:00,0,2,0,0,0:00,0,1,http://www.ufcstats.com/fighter-details/f2925e6db404bf1d
Alex Oliveira,71,76,22,12,32,170.0,1,1,40,1,0,3:30,0,23,2,0,5:33,0,3,http://www.ufcstats.com/fighter-details/57b10fca4f9c9a7a
Alex Oliveira,71,76,22,12,32,170.0,2,1,45,0,1,0:26,0,29,0,0,0:47,0,3,http://www.ufcstats.com/fighter-details/57b10fca4f9c9a7a
Alex Oliveira,71,76,22,12,32,170.0,3,0,9,0,0,2:04,0,13,0,0,0:44,1,1,http://www.ufcstats.com/fighter-details/57b10fca4f9c9a7a
Alex Oliveira,71,76,22,12,33,170.0,4,0,7,0,0,0:00,0,16,0,1,1:23,1,1,http://www.ufcstats.com/fighter-details/57b10fca4f9c9a7a
Alex Oliveira,71,76,22,12,33,170.0,5,0,65,1,0,3:14,0,64,1,0,4:50,0,3,http://www.ufcstats.com/fighter-details/57b10fca4f9c9a7a
Alex Oliveira,71,76,22,12,34,170.0,6,0,21,2,0,0:22,1,50,0,1,0:15,0,2,http://www.ufcstats.com/fighter-details/57b10fca4f9c9a7a
Tim Means,74,75,33,17,38,170.0,1,0,21,2,0,1:30,0,36,0,0,0:09,1,2,http://www.ufcstats.com/fighter-details/4b47e71384a9522f
Tim Means,74,75,33,17,38,170.0,2,0,47,3,0,1:27,0,42,3,1,5:13,0,3,http://www.ufcstats.com/fighter-details/4b47e71384a9522f
Tim Means,74,75,33,17,39,170.0,3,0,40,2,0,0:46,0,33,0,0,0:00,1,2,http://www.ufcstats.com/fighter-details/4b47e71384a9522f
Tim Means,74,75,33,17,39,170.0,4,1,104,0,2,2:51,0,51,1,0,0:48,0,3,http://www.ufcstats.com/fighter-details/4b47e71384a9522f
Tim Means,74,75,33,17,40,170.0,5,0,7,0,0,1:18,0,7,0,1,0:04,0,1,http://www.ufcstats.com/fighter-details/4b47e71384a9522f
Tim Means,74,75,33,17,40,170.0,6,0,5,0,0,0:00,0,14,1,0,1:58,1,1,http://www.ufcstats.com/fighter-details/4b47e71384a9522f
Cameron VanCamp,74,74,15,7,29,170.0,1,0,19,0,0,0:00,0,17,0,1,0:02,0,1,http://www.ufcstats.com/fighter-details/87e2468b986ebb79
Cameron VanCamp,74,74,15,7,29,155.0,2,0,15,0,0,0:00,0,24,0,1,0:05,0,1,http://www.ufcstats.com/fighter-details/87e2468b986ebb79
Miguel Baeza,74,74,10,4,27,170.0,1,1,37,0,2,0:57,0,33,0,0,0:10,0,2,http://www.ufcstats.com/fighter-details/82d4c957649faf9b
Miguel Baeza,74,74,10,4,28,170.0,2,1,40,1,0,1:09,1,15,0,0,0:02,0,2,http://www.ufcstats.com/fighter-details/82d4c957649faf9b
Miguel Baeza,74,74,10,4,28,170.0,3,0,104,0,0,0:00,0,121,0,0,0:00,0,3,http://www.ufcstats.com/fighter-details/82d4c957649faf9b
Miguel Baeza,74,74,10,4,29,170.0,4,0,31,0,0,0:00,5,49,0,1,0:48,0,3,http://www.ufcstats.com/fighter-details/82d4c957649faf9b
Miguel Baeza,74,74,10,4,29,170.0,5,0,24,0,0,0:00,0,32,0,1,0:03,0,1,http://www.ufcstats.com/fighter-details/82d4c957649faf9b
Miguel Baeza,74,74,10,4,31,170.0,6,0,7,0,0,0:47,3,144,5,0,10:58,0,3,http://www.ufcstats.com/fighter-details/82d4c957649faf9b
Casey Kenney,67,68,16,4,28,135.0,1,0,45,0,0,0:05,0,63,12,0,5:40,0,3,http://www.ufcstats.com/fighter-details/e7bba7ce4d6c7b07
Casey Kenney,67,68,16,4,29,135.0,2,1,32,0,0,0:09,1,18,0,0,0:00,0,1,http://www.ufcstats.com/fighter-details/e7bba7ce4d6c7b07
Casey Kenney,67,68,16,4,29,135.0,3,1,109,0,0,0:00,0,46,0,0,0:00,0,3,http://www.ufcstats.com/fighter-details/e7bba7ce4d6c7b07
Casey Kenney,67,68,16,4,29,135.0,4,1,123,2,0,1:30,0,136,0,0,0:00,0,3,http://www.ufcstats.com/fighter-details/e7bba7ce4d6c7b07
Casey Kenney,67,68,16,4,29,135.0,5,0,74,0,0,0:26,0,89,2,0,2:07,0,3,http://www.ufcstats.com/fighter-details/e7bba7ce4d6c7b07
Casey Kenney,67,68,16,4,30,135.0,6,0,78,1,0,0:26,0,116,0,0,0:20,0,3,http://www.ufcstats.com/fighter-details/e7bba7ce4d6c7b07
Urijah Faber,66,67,35,11,36,135.0,1,1,75,2,0,1:54,0,66,0,0,2:01,0,3,http://www.ufcstats.com/fighter-details/78114b7199cef90c
Urijah Faber,66,67,35,11,37,135.0,2,0,34,1,0,0:11,0,87,3,1,3:26,0,5,http://www.ufcstats.com/fighter-details/78114b7199cef90c
Urijah Faber,66,67,35,11,37,135.0,3,0,22,0,0,0:00,0,54,0,0,0:00,0,3,http://www.ufcstats.com/fighter-details/78114b7199cef90c
Urijah Faber,66,67,35,11,37,135.0,4,1,70,5,1,6:21,1,18,1,0,0:31,0,3,http://www.ufcstats.com/fighter-details/78114b7199cef90c
Urijah Faber,66,67,35,11,40,135.0,5,1,11,0,1,0:08,0,4,0,0,0:00,0,1,http://www.ufcstats.com/fighter-details/78114b7199cef90c
Urijah Faber,66,67,35,11,40,135.0,6,0,18,0,0,0:16,0,54,2,3,1:26,0,3,http://www.ufcstats.com/fighter-details/78114b7199cef90c
Shayilan Nuerdanbieke,68,69,39,12,27,145.0,1,0,17,2,0,6:06,0,53,0,0,0:04,1,3,http://www.ufcstats.com/fighter-details/0a73acff6325c1e2
Shayilan Nuerdanbieke,68,69,39,12,27,145.0,2,1,17,4,0,7:25,0,35,2,0,1:45,0,3,http://www.ufcstats.com/fighter-details/0a73acff6325c1e2
Shayilan Nuerdanbieke,68,69,39,12,28,145.0,3,1,47,3,1,7:32,0,42,1,0,2:54,4,3,http://www.ufcstats.com/fighter-details/0a73acff6325c1e2
Shayilan Nuerdanbieke,68,69,39,12,28,145.0,4,1,19,0,1,0:33,0,5,0,0,0:00,0,1,http://www.ufcstats.com/fighter-details/0a73acff6325c1e2
Shayilan Nuerdanbieke,68,69,39,12,28,145.0,5,0,18,1,1,3:34,0,17,0,1,0:15,0,2,http://www.ufcstats.com/fighter-details/0a73acff6325c1e2
Shayilan Nuerdanbieke,68,69,39,12,30,145.0,6,0,6,4,0,6:26,1,16,2,0,3:00,2,3,http://www.ufcstats.com/fighter-details/0a73acff6325c1e2
Jacob Malkoun,69,73,8,3,25,185.0,1,1,27,8,0,11:41,2,21,0,0,0:02,0,3,http://www.ufcstats.com/fighter-details/d4270315cbcf2569
Jacob Malkoun,69,73,8,3,26,185.0,2,1,80,6,0,9:17,0,52,0,0,0:27,0,3,http://www.ufcstats.com/fighter-details/d4270315cbcf2569
Jacob Malkoun,69,73,8,3,26,185.0,3,0,33,7,0,7:09,0,45,2,0,3:24,0,3,http://www.ufcstats.com/fighter-details/d4270315cbcf2569
Jacob Malkoun,69,73,8,3,27,185.0,4,1,83,9,0,7:37,0,34,0,0,0:04,0,3,http://www.ufcstats.com/fighter-details/d4270315cbcf2569
Jacob Malkoun,69,73,8,3,28,185.0,5,0,28,1,0,3:39,0,2,1,0,0:26,0,1,http://www.ufcstats.com/fighter-details/d4270315cbcf2569
Jacob Malkoun,69,73,8,3,28,185.0,6,1,20,0,0,0:32,0,13,1,0,0:13,0,2,http://www.ufcstats.com/fighter-details/d4270315cbcf2569
Brendon Marotte,69,70,8,3,27,155.0,1,0,1,0,0,0:00,0,14,0,1,0:15,0,1,http://www.ufcstats.com/fighter-details/d7fe8c6b7d2872e5
Brendon Marotte,69,70,8,3,28,145.0,2,0,3,0,0,0:00,0,41,2,0,9:12,2,2,http://www.ufcstats.com/fighter-details/d7fe8c6b7d2872e5
Mike Breeden,70,70,11,6,31,155.0,1,0,60,0,0,0:33,0,88,2,0,0:25,0,3,http://www.ufcstats.com/fighter-details/d80ee110748171ac
Mike Breeden,70,70,11,6,32,155.0,2,0,6,0,0,0:00,0,20,0,1,0:00,0,1,http://www.ufcstats.com/fighter-details/d80ee110748171ac
Mike Breeden,70,70,11,6,33,155.0,3,0,104,3,0,1:56,0,92,9,0,3:39,0,3,http://www.ufcstats.com/fighter-details/d80ee110748171ac
Mike Breeden,70,70,11,6,34,155.0,4,0,1,0,0,0:00,0,30,0,0,0:03,0,1,http://www.ufcstats.com/fighter-details/d80ee110748171ac
Mike Breeden,70,70,11,6,34,155.0,5,1,92,0,1,0:04,0,103,0,0,0:05,0,3,http://www.ufcstats.com/fighter-details/d80ee110748171ac
Erick Gonzalez,71,75,14,8,29,155.0,1,0,14,1,0,1:02,0,32,1,1,1:55,0,2,http://www.ufcstats.com/fighter-details/a2ccf35a88346a91
Erick Gonzalez,71,75,14,8,30,155.0,2,0,9,0,0,0:00,0,18,1,0,0:52,1,1,http://www.ufcstats.com/fighter-details/a2ccf35a88346a91
Erick Gonzalez,71,75,14,8,31,155.0,3,0,7,4,0,2:15,0,51,0,2,0:16,0,1,http://www.ufcstats.com/fighter-details/a2ccf35a88346a91
Mickey Gall,74,74,7,7,28,170.0,1,0,55,0,0,0:51,0,76,1,1,5:44,0,3,http://www.ufcstats.com/fighter-details/9e50097a89442158
Mickey Gall,74,74,7,7,29,170.0,2,1,11,1,0,0:58,2,13,1,0,0:04,0,1,http://www.ufcstats.com/fighter-details/9e50097a89442158
Mickey Gall,74,74,7,7,29,170.0,3,0,65,0,0,0:08,0,90,0,1,1:23,0,3,http://www.ufcstats.com/fighter-details/9e50097a89442158
Mickey Gall,74,74,7,7,30,170.0,4,0,13,1,0,0:17,0,28,0,1,0:05,0,1,http://www.ufcstats.com/fighter-details/9e50097a89442158
Mickey Gall,74,74,7,7,32,170.0,5,0,83,1,0,0:08,0,95,3,0,1:12,0,3,http://www.ufcstats.com/fighter-details/9e50097a89442158
Mickey Gall,74,74,7,7,32,170.0,6,0,28,0,0,0:00,0,31,0,1,0:03,0,1,http://www.ufcstats.com/fighter-details/9e50097a89442158
Micheal Gillmore,71,72,6,5,34,185.0,1,0,31,0,0,0:03,0,46,4,0,7:38,1,3,http://www.ufcstats.com/fighter-details/ce175eaafe867d1f
Micheal Gillmore,71,72,6,5,34,170.0,2,0,0,0,0,0:00,0,0,1,0,1:33,3,1,http://www.ufcstats.com/fighter-details/ce175eaafe867d1f
Sasha Palatnikov,73,72,6,4,31,170.0,1,1,125,1,0,3:16,0,99,1,1,0:53,0,3,http://www.ufcstats.com/fighter-details/a6c20202c701e5ca
Sasha Palatnikov,73,72,6,4,32,170.0,2,0,13,0,0,0:56,0,13,2,0,2:54,1,2,http://www.ufcstats.com/fighter-details/a6c20202c701e5ca
Sasha Palatnikov,73,72,6,4,32,170.0,3,0,1,0,0,0:00,0,1,2,0,2:12,1,1,http://www.ufcstats.com/fighter-details/a6c20202c701e5ca
Nate Landwehr,69,72,18,6,33,145.0,1,1,71,1,0,3:46,2,42,0,0,0:32,0,3,http://www.ufcstats.com/fighter-details/583ee11abddfc581
Nate Landwehr,69,72,18,6,34,145.0,2,1,91,3,0,5:05,2,71,1,1,1:13,0,3,http://www.ufcstats.com/fighter-details/583ee11abddfc581
Nate Landwehr,69,72,18,6,34,145.0,3,1,64,1,0,0:24,1,48,0,0,0:00,0,2,http://www.ufcstats.com/fighter-details/583ee11abddfc581
Nate Landwehr,69,72,18,6,35,145.0,4,0,74,0,0,0:26,0,88,0,1,0:41,0,3,http://www.ufcstats.com/fighter-details/583ee11abddfc581
Nate Landwehr,69,72,18,6,35,145.0,5,1,37,0,1,0:05,0,39,0,0,0:01,0,1,http://www.ufcstats.com/fighter-details/583ee11abddfc581
Nate Landwehr,69,72,18,6,36,145.0,6,0,25,0,0,0:42,0,78,4,0,7:13,0,3,http://www.ufcstats.com/fighter-details/583ee11abddfc581
Marcus McGhee,68,69,10,1,32,135.0,1,1,25,0,1,0:31,1,13,0,0,1:03,0,2,http://www.ufcstats.com/fighter-details/c0ac37a4a1133da9
Marcus McGhee,68,69,10,1,33,135.0,2,1,7,0,1,0:05,0,4,0,0,0:00,0,1,http://www.ufcstats.com/fighter-details/c0ac37a4a1133da9
Marcus McGhee,68,69,10,1,33,135.0,3,1,65,1,1,1:47,0,28,0,0,0:04,0,2,http://www.ufcstats.com/fighter-details/c0ac37a4a1133da9
Marcus McGhee,68,69,10,1,34,135.0,4,1,102,0,0,0:00,0,48,0,0,0:57,0,3,http://www.ufcstats.com/fighter-details/c0ac37a4a1133da9
Garrett Armfield,66,70,10,5,25,145.0,1,0,21,0,0,1:52,0,29,2,0,2:35,1,2,http://www.ufcstats.com/fighter-details/1effd880e1f1bb30
Garrett Armfield,66,70,10,5,26,135.0,2,1,45,0,1,0:26,0,15,0,0,0:00,0,1,http://www.ufcstats.com/fighter-details/1effd880e1f1bb30
Garrett Armfield,66,70,10,5,27,135.0,3,1,105,0,0,0:00,0,64,4,0,4:35,0,3,http://www.ufcstats.com/fighter-details/1effd880e1f1bb30
Garrett Armfield,66,70,10,5,27,135.0,4,0,49,0,1,2:57,1,22,6,0,5:36,3,3,http://www.ufcstats.com/fighter-details/1effd880e1f1bb30
Garrett Armfield,66,70,10,5,28,135.0,5,0,71,4,0,4:53,1,68,0,0,0:47,3,3,http://www.ufcstats.com/fighter-details/1effd880e1f1bb30
Pete Rodriguez,69,71,5,2,25,170.0,1,0,25,0,0,0:00,0,43,0,1,0:01,0,1,http://www.ufcstats.com/fighter-details/776d4262c4da38bf
Pete Rodriguez,69,71,5,2,25,170.0,2,1,22,0,1,0:15,0,10,0,0,0:00,0,1,http://www.ufcstats.com/fighter-details/776d4262c4da38bf
Pete Rodriguez,69,71,5,2,27,170.0,3,0,0,0,0,0:00,0,12,0,1,0:05,0,1,http://www.ufcstats.com/fighter-details/776d4262c4da38bf
Takashi Sato,70,73,16,7,29,170.0,1,0,29,1,0,0:38,0,49,2,0,2:31,1,3,http://www.ufcstats.com/fighter-details/8abac218746e04ca
Takashi Sato,70,73,16,7,30,170.0,2,1,18,0,1,0:11,0,2,0,0,0:00,0,1,http://www.ufcstats.com/fighter-details/8abac218746e04ca
Takashi Sato,70,73,16,7,30,170.0,3,0,15,0,0,0:02,0,40,1,0,1:09,1,2,http://www.ufcstats.com/fighter-details/8abac218746e04ca
Takashi Sato,70,73,16,7,31,170.0,4,0,9,0,0,0:00,0,44,3,0,8:09,1,3,http://www.ufcstats.com/fighter-details/8abac218746e04ca
Takashi Sato,70,73,16,7,32,170.0,5,0,2,0,0,0:00,0,7,0,1,0:02,0,1,http://www.ufcstats.com/fighter-details/8abac218746e04ca
Takashi Sato,70,73,16,7,32,170.0,6,0,30,2,0,2:21,0,33,3,1,11:15,0,3,http://www.ufcstats.com/fighter-details/8abac218746e04ca
AJ Fletcher,70,67,10,3,24,170.0,1,1,10,1,1,0:33,0,4,0,0,0:00,0,1,http://www.ufcstats.com/fighter-details/725b1abc9a39d873
AJ Fletcher,70,67,10,3,25,170.0,2,0,34,4,0,5:42,2,40,1,0,4:55,0,3,http://www.ufcstats.com/fighter-details/725b1abc9a39d873
AJ Fletcher,70,67,10,3,25,170.0,3,0,87,0,0,0:36,0,129,2,0,5:26,0,3,http://www.ufcstats.com/fighter-details/725b1abc9a39d873
AJ Fletcher,70,67,10,3,26,170.0,4,1,7,0,0,3:21,1,6,2,0,2:00,0,2,http://www.ufcstats.com/fighter-details/725b1abc9a39d873
AJ Fletcher,70,67,10,3,26,170.0,5,0,25,0,0,0:33,0,45,1,0,3:30,1,2,http://www.ufcstats.com/fighter-details/725b1abc9a39d873
Dooho Choi,70,70,16,4,25,145.0,1,1,4,0,1,0:17,0,2,2,0,1:58,0,1,http://www.ufcstats.com/fighter-details/e93b04e308913c2e
Dooho Choi,70,70,16,4,25,145.0,2,0,77,1,0,0:53,0,111,2,0,2:30,0,3,http://www.ufcstats.com/fighter-details/e93b04e308913c2e
Dooho Choi,70,70,16,4,26,145.0,3,0,44,0,0,0:04,0,49,0,1,0:11,0,2,http://www.ufcstats.com/fighter-details/e93b04e308913c2e
Dooho Choi,70,70,16,4,28,145.0,4,0,42,0,1,1:08,0,64,0,2,0:21,0,2,http://www.ufcstats.com/fighter-details/e93b04e308913c2e
Dooho Choi,70,70,16,4,33,145.0,5,1,21,2,0,1:33,3,17,2,0,3:09,0,2,http://www.ufcstats.com/fighter-details/e93b04e308913c2e
Dooho Choi,70,70,16,4,33,145.0,6,1,78,4,0,7:13,0,25,0,0,0:42,0,3,http://www.ufcstats.com/fighter-details/e93b04e308913c2e
Austin Lingo,70,70,9,3,25,145.0,1,0,12,1,0,1:25,0,31,6,0,6:38,2,3,http://www.ufcstats.com/fighter-details/305d73ede05e31ad
Austin Lingo,70,70,9,3,26,145.0,2,1,95,1,1,3:48,0,64,1,0,1:09,1,3,http://www.ufcstats.com/fighter-details/305d73ede05e31ad
Austin Lingo,70,70,9,3,27,145.0,3,1,73,0,1,1:31,0,77,0,0,0:19,0,3,http://www.ufcstats.com/fighter-details/305d73ede05e31ad
Austin Lingo,70,70,9,3,28,145.0,4,0,48,0,0,0:00,0,64,1,0,0:24,1,2,http://www.ufcstats.com/fighter-details/305d73ede05e31ad
Austin Lingo,70,70,9,3,29,145.0,5,0,39,0,0,0:00,0,100,3,0,2:44,1,3,http://www.ufcstats.com/fighter-details/305d73ede05e31ad
Journey Newson,65,67,10,5,30,135.0,1,0,38,0,0,0:10,1,40,3,0,2:46,0,3,http://www.ufcstats.com/fighter-details/78f485f851891d68
Journey Newson,65,67,10,5,31,135.0,2,0,1,0,0,0:00,0,4,0,1,0:02,0,1,http://www.ufcstats.com/fighter-details/78f485f851891d68
Journey Newson,65,67,10,5,33,135.0,3,1,57,2,0,0:42,0,37,0,0,0:02,0,3,http://www.ufcstats.com/fighter-details/78f485f851891d68
Journey Newson,65,67,10,5,33,135.0,4,0,26,0,0,0:00,0,30,6,0,6:59,0,3,http://www.ufcstats.com/fighter-details/78f485f851891d68
Journey Newson,65,67,10,5,34,135.0,5,0,13,0,0,1:03,0,25,0,1,0:31,1,2,http://www.ufcstats.com/fighter-details/78f485f851891d68
Shane Burgos,71,75,15,3,28,145.0,1,1,134,0,0,0:00,0,129,0,0,1:37,0,3,http://www.ufcstats.com/fighter-details/98d961097baaf308
Shane Burgos,71,75,15,3,28,145.0,2,1,105,0,1,3:31,0,22,3,0,4:19,1,3,http://www.ufcstats.com/fighter-details/98d961097baaf308
Shane Burgos,71,75,15,3,29,145.0,3,0,128,0,0,0:00,0,127,1,2,1:24,0,3,http://www.ufcstats.com/fighter-details/98d961097baaf308
Shane Burgos,71,75,15,3,30,145.0,4,0,80,0,0,0:03,0,98,0,1,0:00,0,3,http://www.ufcstats.com/fighter-details/98d961097baaf308
Shane Burgos,71,75,15,3,30,145.0,5,1,193,0,0,2:26,0,164,0,0,2:09,0,3,http://www.ufcstats.com/fighter-details/98d961097baaf308
Shane Burgos,71,75,15,3,31,145.0,6,1,42,2,0,6:25,3,113,0,0,2:08,0,3,http://www.ufcstats.com/fighter-details/98d961097baaf308
Augusto Sakai,75,77,16,5,29,265.0,1,1,78,0,0,1:46,0,66,1,0,1:08,0,3,http://www.ufcstats.com/fighter-details/441eacbe20e0e80b
Augusto Sakai,75,77,16,5,29,265.0,2,0,99,0,0,2:22,0,92,3,0,5:29,0,5,http://www.ufcstats.com/fighter-details/441eacbe20e0e80b
Augusto Sakai,75,77,16,5,30,265.0,3,0,3,0,0,0:00,0,16,0,1,0:02,0,1,http://www.ufcstats.com/fighter-details/441eacbe20e0e80b
Augusto Sakai,75,77,16,5,30,265.0,4,0,21,0,0,0:33,0,34,0,1,1:58,0,2,http://www.ufcstats.com/fighter-details/441eacbe20e0e80b
Augusto Sakai,75,77,16,5,31,265.0,5,0,8,0,0,0:23,0,33,6,0,6:37,1,2,http://www.ufcstats.com/fighter-details/441eacbe20e0e80b
Augusto Sakai,75,77,16,5,31,265.0,6,1,53,1,0,8:51,0,29,0,0,2:46,0,3,http://www.ufcstats.com/fighter-details/441eacbe20e0e80b
Greg Hardy,77,80,7,5,31,265.0,1,0,46,0,0,0:00,0,86,0,0,0:00,0,3,http://www.ufcstats.com/fighter-details/85073dbd1be65ed9
Greg Hardy,77,80,7,5,31,265.0,2,1,55,0,0,0:53,0,24,0,0,0:00,0,3,http://www.ufcstats.com/fighter-details/85073dbd1be65ed9
Greg Hardy,77,80,7,5,32,265.0,3,1,46,1,1,2:32,0,17,0,0,0:00,0,2,http://www.ufcstats.com/fighter-details/85073dbd1be65ed9
Greg Hardy,77,80,7,5,32,265.0,4,0,50,0,0,0:02,0,51,1,0,1:27,0,2,http://www.ufcstats.com/fighter-details/85073dbd1be65ed9
Greg Hardy,77,80,7,5,32,265.0,5,0,6,0,0,0:00,0,11,0,1,0:06,0,1,http://www.ufcstats.com/fighter-details/85073dbd1be65ed9
Greg Hardy,77,80,7,5,33,265.0,6,0,7,0,0,0:00,0,14,3,0,1:21,0,1,http://www.ufcstats.com/fighter-details/85073dbd1be65ed9
Warlley Alves,71,72,15,8,28,170.0,1,0,3,3,0,4:18,2,16,1,0,1:12,1,2,http://www.ufcstats.com/fighter-details/d317a5e2b3f88c5f
Warlley Alves,71,72,15,8,30,170.0,2,1,17,1,1,1:36,0,2,0,0,0:42,0,1,http://www.ufcstats.com/fighter-details/d317a5e2b3f88c5f
Warlley Alves,71,72,15,8,30,170.0,3,0,15,0,0,0:22,1,21,0,1,3:32,0,2,http://www.ufcstats.com/fighter-details/d317a5e2b3f88c5f
Warlley Alves,71,72,15,8,32,170.0,4,0,66,1,0,2:09,0,119,0,0,4:02,0,3,http://www.ufcstats.com/fighter-details/d317a5e2b3f88c5f
Warlley Alves,71,72,15,8,32,185.0,5,0,12,0,0,0:00,0,26,0,1,0:00,0,1,http://www.ufcstats.com/fighter-details/d317a5e2b3f88c5f
Warlley Alves,71,72,15,8,33,185.0,6,0,16,0,0,0:37,0,22,6,0,11:56,0,3,http://www.ufcstats.com/fighter-details/d317a5e2b3f88c5f
Jake Hadley,67,70,11,4,26,125.0,1,1,90,0,0,0:00,1,69,1,0,1:39,0,2,http://www.ufcstats.com/fighter-details/60a42bf82447c919
Jake Hadley,67,70,11,4,26,125.0,2,1,10,0,1,0:04,0,3,0,0,0:00,0,1,http://www.ufcstats.com/fighter-details/60a42bf82447c919
Jake Hadley,67,70,11,4,27,125.0,3,0,26,0,0,2:04,3,38,4,0,7:25,1,3,http://www.ufcstats.com/fighter-details/60a42bf82447c919
Jake Hadley,67,70,11,4,27,125.0,4,0,48,0,0,2:12,0,70,0,1,0:19,0,3,http://www.ufcstats.com/fighter-details/60a42bf82447c919
Jake Hadley,67,70,11,4,27,135.0,5,1,81,0,0,0:07,0,66,1,0,1:47,0,3,http://www.ufcstats.com/fighter-details/60a42bf82447c919
Jake Hadley,67,70,11,4,28,135.0,6,0,60,1,0,1:53,0,96,0,0,0:00,0,3,http://www.ufcstats.com/fighter-details/60a42bf82447c919
Azat Maksum,67,70,15,2,28,125.0,1,1,46,2,0,0:22,0,81,0,0,0:30,0,3,http://www.ufcstats.com/fighter-details/7f1bf0c255ec8756
Azat Maksum,67,70,15,2,29,125.0,2,0,38,2,1,2:29,1,76,2,0,0:47,3,3,http://www.ufcstats.com/fighter-details/7f1bf0c255ec8756
Azat Maksum,67,70,15,2,30,125.0,3,0,62,3,0,0:56,0,68,0,0,3:42,1,3,http://www.ufcstats.com/fighter-details/7f1bf0c255ec8756
Lucas Fernando,75,80,9,2,26,185.0,1,0,28,3,0,5:44,1,71,0,0,5:43,0,3,http://www.ufcstats.com/fighter-details/3df223aeaacecf3f
Hunter Azure,68,69,9,2,27,135.0,1,1,79,4,0,0:00,5,26,0,0,0:00,0,3,http://www.ufcstats.com/fighter-details/2af2f2e26c4c0402
Hunter Azure,68,69,9,2,27,135.0,2,1,41,0,0,0:29,0,21,3,0,6:22,0,3,http://www.ufcstats.com/fighter-details/2af2f2e26c4c0402
Hunter Azure,68,69,9,2,28,145.0,3,0,62,0,0,0:21,0,29,0,1,0:29,0,2,http://www.ufcstats.com/fighter-details/2af2f2e26c4c0402
Hunter Azure,68,69,9,2,28,135.0,4,1,42,5,1,8:02,0,31,2,0,3:13,3,3,http://www.ufcstats.com/fighter-details/2af2f2e26c4c0402
Hunter Azure,68,69,9,2,29,135.0,5,0,45,0,0,4:02,1,36,6,0,5:17,0,3,http://www.ufcstats.com/fighter-details/2af2f2e26c4c0402
Brady Hiestand,68,71,9,2,22,135.0,1,0,66,6,0,7:40,0,100,2,1,2:32,0,3,http://www.ufcstats.com/fighter-details/7af33fc4435017f1
Brady Hiestand,68,71,9,2,23,135.0,2,1,19,3,0,9:14,1,21,1,0,1:22,1,3,http://www.ufcstats.com/fighter-details/7af33fc4435017f1
Brady Hiestand,68,71,9,2,23,135.0,3,1,45,3,0,4:09,0,41,1,1,1:00,0,3,http://www.ufcstats.com/fighter-details/7af33fc4435017f1
Brady Hiestand,68,71,9,2,25,135.0,4,1,22,6,0,5:36,3,49,0,1,2:57,1,3,http://www.ufcstats.com/fighter-details/7af33fc4435017f1
Toshiomi Kazama,67,69,11,4,25,135.0,1,1,25,2,0,4:59,0,22,1,0,3:00,0,3,http://www.ufcstats.com/fighter-details/148bb103cfbf123e
Toshiomi Kazama,67,69,11,4,25,135.0,2,0,4,0,0,0:00,0,11,0,2,0:03,0,1,http://www.ufcstats.com/fighter-details/148bb103cfbf123e
Toshiomi Kazama,67,69,11,4,26,135.0,3,0,15,0,0,0:00,0,45,0,1,0:26,0,1,http://www.ufcstats.com/fighter-details/148bb103cfbf123e
Toshiomi Kazama,67,69,11,4,27,135.0,4,1,2,1,0,4:19,1,26,0,1,2:04,0,2,http://www.ufcstats.com/fighter-details/148bb103cfbf123e
Ovince Saint Preux,75,80,27,18,37,205.0,1,0,36,0,0,0:00,0,68,0,0,0:15,0,2,http://www.ufcstats.com/fighter-details/50db8711c70196cd
Ovince Saint Preux,75,80,27,18,38,265.0,2,0,9,1,0,1:12,0,33,0,1,0:16,0,2,http://www.ufcstats.com/fighter-details/50db8711c70196cd
Ovince Saint Preux,75,80,27,18,39,205.0,3,1,62,0,0,0:15,0,54,0,0,0:00,0,3,http://www.ufcstats.com/fighter-details/50db8711c70196cd
Ovince Saint Preux,75,80,27,18,39,205.0,4,0,1,0,0,0:00,0,18,0,1,0:02,0,1,http://www.ufcstats.com/fighter-details/50db8711c70196cd
Ovince Saint Preux,75,80,27,18,40,205.0,5,1,143,0,1,0:06,0,106,0,0,0:08,0,3,http://www.ufcstats.com/fighter-details/50db8711c70196cd
Ovince Saint Preux,75,80,27,18,41,205.0,6,0,7,0,0,0:03,0,9,0,0,0:03,1,1,http://www.ufcstats.com/fighter-details/50db8711c70196cd
Mateusz Rebecki,67,66,20,2,29,155.0,1,1,0,2,0,2:41,1,3,0,0,0:00,0,1,http://www.ufcstats.com/fighter-details/849c5d9979df5357
Mateusz Rebecki,67,66,20,2,30,155.0,2,1,89,3,0,8:27,0,34,1,0,0:34,0,3,http://www.ufcstats.com/fighter-details/849c5d9979df5357
Mateusz Rebecki,67,66,20,2,30,155.0,3,1,54,1,2,1:57,1,19,0,0,0:03,0,2,http://www.ufcstats.com/fighter-details/849c5d9979df5357
Mateusz Rebecki,67,66,20,2,31,155.0,4,1,10,2,0,2:14,1,2,0,0,0:13,0,1,http://www.ufcstats.com/fighter-details/849c5d9979df5357
Mateusz Rebecki,67,66,20,2,31,155.0,5,0,52,4,1,2:26,0,123,3,0,2:12,0,3,http://www.ufcstats.com/fighter-details/849c5d9979df5357
Mateusz Rebecki,67,66,20,2,31,155.0,6,1,71,3,1,2:24,0,61,2,0,2:05,0,3,http://www.ufcstats.com/fighter-details/849c5d9979df5357
Adrian Yanez,67,70,17,6,27,135.0,1,1,100,0,0,0:00,0,98,0,0,0:10,0,3,http://www.ufcstats.com/fighter-details/0232cabbc30a2372
Adrian Yanez,67,70,17,6,28,135.0,2,1,35,0,1,0:04,0,20,0,0,0:02,0,1,http://www.ufcstats.com/fighter-details/0232cabbc30a2372
Adrian Yanez,67,70,17,6,29,135.0,3,0,25,0,0,0:00,0,33,0,1,0:04,0,1,http://www.ufcstats.com/fighter-details/0232cabbc30a2372
Adrian Yanez,67,70,17,6,29,135.0,4,0,20,0,0,0:10,0,36,0,2,0:19,0,2,http://www.ufcstats.com/fighter-details/0232cabbc30a2372
Adrian Yanez,67,70,17,6,30,135.0,5,1,36,0,1,0:17,0,17,0,0,0:00,0,1,http://www.ufcstats.com/fighter-details/0232cabbc30a2372
Adrian Yanez,67,70,17,6,31,135.0,6,0,79,0,0,1:15,0,86,2,0,3:23,0,3,http://www.ufcstats.com/fighter-details/0232cabbc30a2372
Jordan Williams,73,75,9,6,28,185.0,1,0,137,0,0,0:00,0,175,1,0,0:00,0,3,http://www.ufcstats.com/fighter-details/e26bd53b751d61d9
Jordan Williams,73,75,9,6,29,185.0,2,1,18,0,1,0:00,0,14,0,0,0:00,0,1,http://www.ufcstats.com/fighter-details/e26bd53b751d61d9
Jordan Williams,73,75,9,6,29,185.0,3,0,30,0,0,2:24,0,68,1,0,4:51,4,3,http://www.ufcstats.com/fighter-details/e26bd53b751d61d9
Jordan Williams,73,75,9,6,30,170.0,4,0,13,1,0,0:04,0,11,1,0,0:58,2,1,http://www.ufcstats.com/fighter-details/e26bd53b751d61d9
Jordan Williams,73,75,9,6,31,170.0,5,0,22,0,0,0:47,0,18,0,1,0:37,0,1,http://www.ufcstats.com/fighter-details/e26bd53b751d61d9
Mike Perry,70,71,14,8,27,170.0,1,1,65,0,0,2:10,0,48,0,0,1:18,0,3,http://www.ufcstats.com/fighter-details/f2b6fdb20675b11c
Mike Perry,70,71,14,8,27,170.0,2,0,87,0,0,3:20,0,84,0,0,0:00,1,3,http://www.ufcstats.com/fighter-details/f2b6fdb20675b11c
Mike Perry,70,71,14,8,28,170.0,3,0,5,0,0,0:00,0,15,0,1,0:02,0,1,http://www.ufcstats.com/fighter-details/f2b6fdb20675b11c
Mike Perry,70,71,14,8,28,170.0,4,1,76,1,1,5:44,0,55,0,0,0:51,0,3,http://www.ufcstats.com/fighter-details/f2b6fdb20675b11c
Mike Perry,70,71,14,8,29,170.0,5,0,64,1,0,3:08,2,128,0,0,0:39,0,3,http://www.ufcstats.com/fighter-details/f2b6fdb20675b11c
Mike Perry,70,71,14,8,29,170.0,6,0,61,2,0,2:49,0,129,0,0,0:00,0,3,http://www.ufcstats.com/fighter-details/f2b6fdb20675b11c
Yanis Ghemmouri,69,69,12,3,28,145.0,1,0,28,0,0,2:42,0,52,0,0,0:55,2,3,http://www.ufcstats.com/fighter-details/eb70e786bbdf1d16
Yanis Ghemmouri,69,69,12,3,29,135.0,2,0,1,0,0,0:00,0,13,0,1,0:01,0,1,http://www.ufcstats.com/fighter-details/eb70e786bbdf1d16
Jarno Errens,71,73,14,6,27,145.0,1,0,20,0,0,0:14,1,32,3,0,8:04,0,3,http://www.ufcstats.com/fighter-details/082eba4cd80f736f
Jarno Errens,71,73,14,6,28,145.0,2,0,30,0,1,1:34,0,56,1,1,5:21,0,3,http://www.ufcstats.com/fighter-details/082eba4cd80f736f
Jarno Errens,71,73,14,6,29,145.0,3,1,105,0,1,0:15,0,63,1,0,0:23,0,3,http://www.ufcstats.com/fighter-details/082eba4cd80f736f
Jarno Errens,71,73,14,6,29,145.0,4,0,6,0,0,0:00,0,10,1,0,1:08,1,1,http://www.ufcstats.com/fighter-details/082eba4cd80f736f
Greg Velasco,74,70,6,1,29,265.0,1,0,0,0,0,0:58,0,4,0,1,1:32,1,1,http://www.ufcstats.com/fighter-details/34a81ebbce32b06b
Denys Bondar,66,69,14,5,29,125.0,1,0,4,1,0,0:37,0,3,1,0,0:15,1,1,http://www.ufcstats.com/fighter-details/2526be54e6a0e62a
Denys Bondar,66,69,14,5,30,125.0,2,0,76,2,0,0:29,0,102,2,0,0:40,0,3,http://www.ufcstats.com/fighter-details/2526be54e6a0e62a
Denys Bondar,66,69,14,5,31,125.0,3,0,41,4,0,2:52,0,31,0,0,2:56,1,2,http://www.ufcstats.com/fighter-details/2526be54e6a0e62a
Kennedy Nzechukwu,77,83,14,5,30,205.0,1,1,24,0,1,1:14,0,9,2,0,3:32,0,2,http://www.ufcstats.com/fighter-details/8667caa0451d245b
Kennedy Nzechukwu,77,83,14,5,30,205.0,2,1,62,0,0,3:42,1,36,1,0,1:04,0,2,http://www.ufcstats.com/fighter-details/8667caa0451d245b
Kennedy Nzechukwu,77,83,14,5,31,205.0,3,0,4,0,0,0:00,0,10,0,1,0:04,0,1,http://www.ufcstats.com/fighter-details/8667caa0451d245b
Kennedy Nzechukwu,77,83,14,5,31,205.0,4,0,106,0,0,0:08,0,143,0,1,0:06,0,3,http://www.ufcstats.com/fighter-details/8667caa0451d245b
Kennedy Nzechukwu,77,83,14,5,32,265.0,5,1,51,0,0,0:00,0,12,0,0,0:00,0,1,http://www.ufcstats.com/fighter-details/8667caa0451d245b
Kennedy Nzechukwu,77,83,14,5,32,265.0,6,1,29,0,1,0:04,0,32,0,0,0:00,0,1,http://www.ufcstats.com/fighter-details/8667caa0451d245b
Philipe Lins,74,78,18,5,34,265.0,1,0,41,0,0,0:07,0,50,0,0,0:00,0,3,http://www.ufcstats.com/fighter-details/53c943c873cffe90
Philipe Lins,74,78,18,5,34,265.0,2,0,6,0,0,0:00,0,15,0,1,0:01,0,1,http://www.ufcstats.com/fighter-details/53c943c873cffe90
Philipe Lins,74,78,18,5,36,205.0,3,1,64,4,0,5:28,0,74,0,0,1:53,0,3,http://www.ufcstats.com/fighter-details/53c943c873cffe90
Philipe Lins,74,78,18,5,37,205.0,4,1,18,0,1,0:02,0,1,0,0,0:00,0,1,http://www.ufcstats.com/fighter-details/53c943c873cffe90
Philipe Lins,74,78,18,5,37,205.0,5,1,45,1,0,8:24,0,41,0,0,0:36,0,3,http://www.ufcstats.com/fighter-details/53c943c873cffe90
Philipe Lins,74,78,18,5,38,205.0,6,1,67,2,0,5:34,0,47,0,0,0:16,0,3,http://www.ufcstats.com/fighter-details/53c943c873cffe90
Mauricio Rua,73,76,27,14,36,205.0,1,0,4,0,0,0:00,0,23,0,1,0:01,0,1,http://www.ufcstats.com/fighter-details/140745cbbcb023ac
Mauricio Rua,73,76,27,14,37,205.0,2,1,30,3,1,5:18,0,31,0,0,0:41,1,3,http://www.ufcstats.com/fighter-details/140745cbbcb023ac
Mauricio Rua,73,76,27,14,38,205.0,3,1,54,2,0,2:57,0,46,0,0,1:21,0,3,http://www.ufcstats.com/fighter-details/140745cbbcb023ac
Mauricio Rua,73,76,27,14,38,205.0,4,0,10,0,0,1:44,0,29,4,0,3:46,0,2,http://www.ufcstats.com/fighter-details/140745cbbcb023ac
Mauricio Rua,73,76,27,14,40,205.0,5,0,54,0,0,0:00,0,62,0,0,0:15,0,3,http://www.ufcstats.com/fighter-details/140745cbbcb023ac
Mauricio Rua,73,76,27,14,41,205.0,6,0,17,0,0,0:01,0,21,0,1,0:38,0,1,http://www.ufcstats.com/fighter-details/140745cbbcb023ac
Tanner Boser,74,75,21,10,29,265.0,1,0,68,0,0,0:00,0,34,0,0,0:00,0,3,http://www.ufcstats.com/fighter-details/04c8b08b16a5b99e
Tanner Boser,74,75,21,10,29,265.0,2,0,45,0,0,0:42,0,10,2,0,6:38,0,3,http://www.ufcstats.com/fighter-details/04c8b08b16a5b99e
Tanner Boser,74,75,21,10,29,265.0,3,1,33,0,1,0:16,0,9,1,0,1:12,0,2,http://www.ufcstats.com/fighter-details/04c8b08b16a5b99e
Tanner Boser,74,75,21,10,31,265.0,4,0,62,0,0,0:58,0,36,3,0,8:01,1,3,http://www.ufcstats.com/fighter-details/04c8b08b16a5b99e
Tanner Boser,74,75,21,10,31,205.0,5,0,5,0,0,0:00,0,30,1,0,0:17,0,1,http://www.ufcstats.com/fighter-details/04c8b08b16a5b99e
Tanner Boser,74,75,21,10,32,205.0,6,1,120,0,0,5:27,0,68,0,0,1:01,0,3,http://www.ufcstats.com/fighter-details/04c8b08b16a5b99e
Terrence Mitchell,70,74,14,4,33,135.0,1,0,3,1,0,1:06,0,18,2,0,1:37,1,1,http://www.ufcstats.com/fighter-details/f3ca6908f78efebe
Terrence Mitchell,70,74,14,4,33,135.0,2,0,6,0,0,0:00,0,18,0,1,0:17,0,1,http://www.ufcstats.com/fighter-details/f3ca6908f78efebe
Jay Perrin,67,67,10,7,26,135.0,1,0,43,4,0,0:00,0,39,1,0,0:00,1,3,http://www.ufcstats.com/fighter-details/01fed6f61ebea01f
Jay Perrin,67,67,10,7,28,135.0,2,0,42,2,0,1:45,0,72,4,0,6:30,0,3,http://www.ufcstats.com/fighter-details/01fed6f61ebea01f
Jay Perrin,67,67,10,7,29,135.0,3,0,88,3,0,5:59,0,72,0,0,0:02,0,3,http://www.ufcstats.com/fighter-details/01fed6f61ebea01f
Jay Perrin,67,67,10,7,29,135.0,4,0,4,0,0,0:00,0,3,2,0,2:12,2,1,http://www.ufcstats.com/fighter-details/01fed6f61ebea01f
Mando Gutierrez,66,70,7,2,25,135.0,1,0,12,1,0,1:59,1,20,3,0,11:55,1,3,http://www.ufcstats.com/fighter-details/5f33ae0620e050c5
Jack Shore,68,71,17,3,26,135.0,1,1,92,2,0,4:28,1,19,0,0,1:26,0,3,http://www.ufcstats.com/fighter-details/b8a85389d115e35a
Jack Shore,68,71,17,3,27,135.0,2,1,70,3,2,4:42,0,72,2,0,2:03,1,3,http://www.ufcstats.com/fighter-details/b8a85389d115e35a
Jack Shore,68,71,17,3,27,135.0,3,0,19,0,0,0:13,0,25,2,1,4:06,1,2,http://www.ufcstats.com/fighter-details/b8a85389d115e35a
Jack Shore,68,71,17,3,28,145.0,4,1,28,1,0,2:15,1,10,1,0,3:31,0,2,http://www.ufcstats.com/fighter-details/b8a85389d115e35a
Jack Shore,68,71,17,3,29,145.0,5,0,24,0,0,0:48,0,30,1,0,5:09,0,2,http://www.ufcstats.com/fighter-details/b8a85389d115e35a
Jack Shore,68,71,17,3,29,145.0,6,0,8,2,0,1:49,0,13,1,1,2:07,1,2,http://www.ufcstats.com/fighter-details/b8a85389d115e35a
Jonathan Pearce,72,71,14,7,29,145.0,1,1,18,6,0,11:17,2,26,2,0,1:05,3,3,http://www.ufcstats.com/fighter-details/87c0b1c696ddfb43
Jonathan Pearce,72,71,14,7,30,145.0,2,1,90,4,0,4:46,0,11,3,0,1:25,0,2,http://www.ufcstats.com/fighter-details/87c0b1c696ddfb43
Jonathan Pearce,72,71,14,7,30,145.0,3,1,110,2,0,3:33,0,57,2,0,0:48,0,3,http://www.ufcstats.com/fighter-details/87c0b1c696ddfb43
Jonathan Pearce,72,71,14,7,31,145.0,4,0,14,1,0,6:15,0,8,1,0,1:58,1,2,http://www.ufcstats.com/fighter-details/87c0b1c696ddfb43
Jonathan Pearce,72,71,14,7,31,145.0,5,0,57,5,0,4:49,1,58,0,0,2:15,1,3,http://www.ufcstats.com/fighter-details/87c0b1c696ddfb43
Jonathan Pearce,72,71,14,7,32,145.0,6,0,2,0,0,0:00,0,3,2,0,3:56,1,1,http://www.ufcstats.com/fighter-details/87c0b1c696ddfb43
Westin Wilson,73,73,17,9,34,145.0,1,0,4,0,0,0:00,2,22,1,0,2:08,0,1,http://www.ufcstats.com/fighter-details/7b3503352cd53abb
Westin Wilson,73,73,17,9,34,145.0,2,0,11,0,0,0:04,0,25,1,1,0:08,0,1,http://www.ufcstats.com/fighter-details/7b3503352cd53abb
Westin Wilson,73,73,17,9,35,145.0,3,1,0,1,0,0:35,3,4,0,0,0:53,0,1,http://www.ufcstats.com/fighter-details/7b3503352cd53abb
Rinat Fakhretdinov,72,74,23,1,30,170.0,1,1,45,5,0,13:00,0,18,0,0,0:39,0,3,http://www.ufcstats.com/fighter-details/8f765fd5775a8873
Rinat Fakhretdinov,72,74,23,1,31,170.0,2,1,43,7,1,14:11,0,3,0,0,0:00,0,3,http://www.ufcstats.com/fighter-details/8f765fd5775a8873
Rinat Fakhretdinov,72,74,23,1,31,170.0,3,1,11,0,1,0:20,1,3,0,0,0:00,0,1,http://www.ufcstats.com/fighter-details/8f765fd5775a8873
Rinat Fakhretdinov,72,74,23,1,32,170.0,4,1,68,5,0,6:17,0,66,0,0,3:57,0,3,http://www.ufcstats.com/fighter-details/8f765fd5775a8873
Rinat Fakhretdinov,72,74,23,1,33,170.0,5,1,109,2,0,3:14,0,107,1,0,0:13,0,3,http://www.ufcstats.com/fighter-details/8f765fd5775a8873
Myktybek Orolbai,70,74,14,2,25,170.0,1,1,8,7,0,7:26,1,14,0,0,0:02,0,2,http://www.ufcstats.com/fighter-details/bf2c8e01b07d3eb1
Myktybek Orolbai,70,74,14,2,26,155.0,2,1,65,5,1,7:12,0,48,3,0,2:55,0,3,http://www.ufcstats.com/fighter-details/bf2c8e01b07d3eb1
Myktybek Orolbai,70,74,14,2,26,155.0,3,0,61,2,0,2:05,0,71,3,1,2:24,0,3,http://www.ufcstats.com/fighter-details/bf2c8e01b07d3eb1
Myktybek Orolbai,70,74,14,2,27,155.0,4,1,2,3,0,3:40,1,2,0,0,0:12,0,1,http://www.ufcstats.com/fighter-details/bf2c8e01b07d3eb1
Nick Fiore,70,72,6,2,25,155.0,1,0,34,1,0,0:34,0,89,3,0,8:27,0,3,http://www.ufcstats.com/fighter-details/036e96c1c12b8a59
Nick Fiore,70,72,6,2,25,155.0,2,0,51,4,0,4:47,0,149,1,0,3:54,1,3,http://www.ufcstats.com/fighter-details/036e96c1c12b8a59
Rodrigo Lidio,71,73,12,3,33,155.0,1,0,3,0,0,0:00,0,0,2,0,2:41,1,1,http://www.ufcstats.com/fighter-details/11b5a809c3120e27
Darren Till,72,74,18,5,25,170.0,1,0,0,0,0,0:12,0,57,0,1,5:30,1,2,http://www.ufcstats.com/fighter-details/9ce6d5a03af801b7
Darren Till,72,74,18,5,26,170.0,2,0,21,1,1,0:55,0,35,1,1,0:47,0,2,http://www.ufcstats.com/fighter-details/9ce6d5a03af801b7
Darren Till,72,74,18,5,26,185.0,3,1,36,1,0,0:38,0,40,1,0,2:43,0,3,http://www.ufcstats.com/fighter-details/9ce6d5a03af801b7
Darren Till,72,74,18,5,27,185.0,4,0,41,0,0,0:35,0,69,2,1,2:29,0,5,http://www.ufcstats.com/fighter-details/9ce6d5a03af801b7
Darren Till,72,74,18,5,28,185.0,5,0,26,0,0,0:04,0,41,3,0,7:23,1,3,http://www.ufcstats.com/fighter-details/9ce6d5a03af801b7
Darren Till,72,74,18,5,29,185.0,6,0,35,1,0,0:23,0,86,6,0,5:33,3,3,http://www.ufcstats.com/fighter-details/9ce6d5a03af801b7
Devin Clark,72,75,14,9,31,205.0,1,0,23,1,0,1:58,0,64,8,1,8:48,0,3,http://www.ufcstats.com/fighter-details/cc7040fe76f0ef91
Devin Clark,72,75,14,9,32,265.0,2,1,34,2,1,5:46,0,21,1,0,2:09,2,3,http://www.ufcstats.com/fighter-details/cc7040fe76f0ef91
Devin Clark,72,75,14,9,32,205.0,3,0,14,0,0,0:26,0,79,0,1,3:40,0,3,http://www.ufcstats.com/fighter-details/cc7040fe76f0ef91
Devin Clark,72,75,14,9,32,205.0,4,1,39,3,0,5:02,0,18,1,0,5:48,0,3,http://www.ufcstats.com/fighter-details/cc7040fe76f0ef91
Devin Clark,72,75,14,9,33,205.0,5,0,36,1,0,1:04,0,62,0,0,3:42,1,2,http://www.ufcstats.com/fighter-details/cc7040fe76f0ef91
Devin Clark,72,75,14,9,33,205.0,6,0,53,0,0,0:14,0,101,1,0,0:44,0,3,http://www.ufcstats.com/fighter-details/cc7040fe76f0ef91
Tafon Nchukwi,72,77,6,4,26,185.0,1,1,120,0,1,2:51,0,40,1,0,0:34,0,3,http://www.ufcstats.com/fighter-details/6aae253467e8f9ce
Tafon Nchukwi,72,77,6,4,26,185.0,2,0,58,1,0,0:34,0,71,2,0,3:49,2,3,http://www.ufcstats.com/fighter-details/6aae253467e8f9ce
Tafon Nchukwi,72,77,6,4,26,205.0,3,1,116,3,0,4:45,0,49,0,0,0:02,0,3,http://www.ufcstats.com/fighter-details/6aae253467e8f9ce
Tafon Nchukwi,72,77,6,4,27,205.0,4,0,43,0,0,0:14,0,28,1,1,0:39,0,3,http://www.ufcstats.com/fighter-details/6aae253467e8f9ce
Tafon Nchukwi,72,77,6,4,27,205.0,5,0,3,0,0,0:00,0,15,0,1,0:04,0,1,http://www.ufcstats.com/fighter-details/6aae253467e8f9ce
Tafon Nchukwi,72,77,6,4,28,185.0,6,0,53,0,0,0:00,0,67,2,0,4:33,0,3,http://www.ufcstats.com/fighter-details/6aae253467e8f9ce
Matheus Scheffel,74,75,14,7,28,205.0,1,0,4,0,0,0:00,0,9,0,1,0:00,0,1,http://www.ufcstats.com/fighter-details/a296ad1d238d97df
Derek Brunson,73,77,23,9,35,185.0,1,1,81,2,0,2:12,0,58,0,0,0:00,0,3,http://www.ufcstats.com/fighter-details/b1a3e0aca758b322
Derek Brunson,73,77,23,9,36,185.0,2,1,88,4,0,3:06,0,35,0,0,0:03,0,3,http://www.ufcstats.com/fighter-details/b1a3e0aca758b322
Derek Brunson,73,77,23,9,37,185.0,3,1,43,6,0,16:55,1,36,1,0,1:47,0,5,http://www.ufcstats.com/fighter-details/b1a3e0aca758b322
Derek Brunson,73,77,23,9,37,185.0,4,1,41,3,0,7:23,1,26,0,0,0:04,0,3,http://www.ufcstats.com/fighter-details/b1a3e0aca758b322
Derek Brunson,73,77,23,9,38,185.0,5,0,43,3,1,2:38,1,55,1,0,0:05,0,2,http://www.ufcstats.com/fighter-details/b1a3e0aca758b322
Derek Brunson,73,77,23,9,39,185.0,6,0,37,1,0,2:30,1,71,1,1,1:25,1,2,http://www.ufcstats.com/fighter-details/b1a3e0aca758b322
Tyron Woodley,69,74,19,7,35,170.0,1,1,57,0,1,0:06,0,28,0,0,0:52,0,5,http://www.ufcstats.com/fighter-details/effd9de9937996f8
Tyron Woodley,69,74,19,7,36,170.0,2,1,57,0,1,5:30,1,0,0,0,0:12,0,2,http://www.ufcstats.com/fighter-details/effd9de9937996f8
Tyron Woodley,69,74,19,7,36,170.0,3,0,34,0,0,0:00,0,141,2,0,18:13,0,5,http://www.ufcstats.com/fighter-details/effd9de9937996f8
Tyron Woodley,69,74,19,7,38,170.0,4,0,28,0,0,2:47,0,83,2,0,7:58,1,5,http://www.ufcstats.com/fighter-details/effd9de9937996f8
Tyron Woodley,69,74,19,7,38,170.0,5,0,34,1,0,0:14,0,78,3,0,12:01,0,5,http://www.ufcstats.com/fighter-details/effd9de9937996f8
Tyron Woodley,69,74,19,7,38,170.0,6,0,18,0,0,0:22,0,25,0,0,2:03,1,1,http://www.ufcstats.com/fighter-details/effd9de9937996f8
JunYong Park,70,73,19,6,31,185.0,1,1,18,2,0,4:37,2,20,0,0,0:39,0,2,http://www.ufcstats.com/fighter-details/285ae0b4a68221f4
JunYong Park,70,73,19,6,31,185.0,2,1,25,1,0,2:58,1,8,0,0,0:00,0,1,http://www.ufcstats.com/fighter-details/285ae0b4a68221f4
JunYong Park,70,73,19,6,32,185.0,3,1,50,0,1,1:59,3,31,1,0,1:14,0,2,http://www.ufcstats.com/fighter-details/285ae0b4a68221f4
JunYong Park,70,73,19,6,32,185.0,4,0,27,0,0,2:58,0,14,11,0,9:34,0,3,http://www.ufcstats.com/fighter-details/285ae0b4a68221f4
JunYong Park,70,73,19,6,33,185.0,5,1,99,2,0,6:32,0,65,0,0,0:42,0,3,http://www.ufcstats.com/fighter-details/285ae0b4a68221f4
JunYong Park,70,73,19,6,34,185.0,6,1,45,2,0,6:39,1,76,1,0,1:25,0,3,http://www.ufcstats.com/fighter-details/285ae0b4a68221f4
Uriah Hall,72,79,18,11,34,185.0,1,1,39,0,1,0:01,0,68,0,0,2:09,0,3,http://www.ufcstats.com/fighter-details/65578a75fa7900e3
Uriah Hall,72,79,18,11,35,185.0,2,1,34,0,1,0:25,0,22,3,0,10:42,0,3,http://www.ufcstats.com/fighter-details/65578a75fa7900e3
Uriah Hall,72,79,18,11,36,185.0,3,1,60,0,2,0:15,0,53,0,0,0:31,0,4,http://www.ufcstats.com/fighter-details/65578a75fa7900e3
Uriah Hall,72,79,18,11,36,185.0,4,1,0,0,0,0:00,0,1,0,0,0:00,0,1,http://www.ufcstats.com/fighter-details/65578a75fa7900e3
Uriah Hall,72,79,18,11,37,185.0,5,0,107,0,0,0:00,0,186,4,0,7:02,0,5,http://www.ufcstats.com/fighter-details/65578a75fa7900e3
Uriah Hall,72,79,18,11,37,185.0,6,0,6,0,0,0:18,0,17,4,0,10:12,0,3,http://www.ufcstats.com/fighter-details/65578a75fa7900e3
Eryk Anders,73,75,17,8,34,185.0,1,0,3,0,0,0:00,0,8,2,0,2:18,2,1,http://www.ufcstats.com/fighter-details/cad24459b28592ca
Eryk Anders,73,75,17,8,35,185.0,2,0,65,3,0,4:45,0,105,0,0,0:31,0,3,http://www.ufcstats.com/fighter-details/cad24459b28592ca
Eryk Anders,73,75,17,8,35,185.0,3,1,49,1,1,2:26,0,37,0,0,0:44,0,2,http://www.ufcstats.com/fighter-details/cad24459b28592ca
Eryk Anders,73,75,17,8,36,185.0,4,0,83,1,0,3:18,0,95,0,1,0:40,0,3,http://www.ufcstats.com/fighter-details/cad24459b28592ca
Eryk Anders,73,75,17,8,36,185.0,5,1,23,5,0,10:08,0,20,0,1,0:16,0,3,http://www.ufcstats.com/fighter-details/cad24459b28592ca
Eryk Anders,73,75,17,8,37,185.0,6,1,62,0,0,4:24,0,16,0,1,2:15,1,2,http://www.ufcstats.com/fighter-details/cad24459b28592ca
Jacare Souza,73,72,26,10,38,185.0,1,0,64,1,0,3:28,1,53,0,1,0:35,0,3,http://www.ufcstats.com/fighter-details/7a703c565ccaa18f
Jacare Souza,73,72,26,10,38,185.0,2,1,74,0,1,0:07,0,68,1,0,0:43,0,3,http://www.ufcstats.com/fighter-details/7a703c565ccaa18f
Jacare Souza,73,72,26,10,39,185.0,3,0,90,0,0,0:29,0,148,3,0,6:52,1,5,http://www.ufcstats.com/fighter-details/7a703c565ccaa18f
Jacare Souza,73,72,26,10,39,205.0,4,0,20,0,0,8:25,0,71,0,0,0:04,0,5,http://www.ufcstats.com/fighter-details/7a703c565ccaa18f
Jacare Souza,73,72,26,10,41,185.0,5,0,2,2,0,1:27,0,15,0,0,0:02,0,1,http://www.ufcstats.com/fighter-details/7a703c565ccaa18f
Jacare Souza,73,72,26,10,41,185.0,6,0,11,1,0,0:53,0,7,2,0,1:10,1,1,http://www.ufcstats.com/fighter-details/7a703c565ccaa18f
Michal Figlak,70,70,8,2,26,155.0,1,0,28,1,0,1:35,0,60,3,0,6:48,0,3,http://www.ufcstats.com/fighter-details/b4c57a8c2b773e82
Michal Figlak,70,70,8,2,27,155.0,2,0,92,0,0,1:37,0,88,3,0,0:48,0,3,http://www.ufcstats.com/fighter-details/b4c57a8c2b773e82
Ottman Azaitar,68,71,13,3,29,155.0,1,1,27,0,1,0:11,0,8,0,0,0:00,0,1,http://www.ufcstats.com/fighter-details/ee18ff42063174df
Ottman Azaitar,68,71,13,3,30,155.0,2,1,16,0,0,0:06,0,1,0,0,0:00,0,1,http://www.ufcstats.com/fighter-details/ee18ff42063174df
Ottman Azaitar,68,71,13,3,32,155.0,3,0,10,0,0,0:00,0,11,0,1,0:02,0,1,http://www.ufcstats.com/fighter-details/ee18ff42063174df
Ottman Azaitar,68,71,13,3,33,155.0,4,0,14,0,0,0:00,0,38,0,1,0:49,0,1,http://www.ufcstats.com/fighter-details/ee18ff42063174df
Ottman Azaitar,68,71,13,3,34,155.0,5,0,16,0,0,0:00,0,19,0,1,0:12,0,2,http://www.ufcstats.com/fighter-details/ee18ff42063174df
Genaro Valdez,69,72,10,3,29,155.0,1,1,36,4,1,2:49,1,56,0,0,0:13,0,2,http://www.ufcstats.com/fighter-details/cda1099995b46cc2
Genaro Valdez,69,72,10,3,30,155.0,2,0,10,0,0,0:08,0,60,0,4,1:07,0,1,http://www.ufcstats.com/fighter-details/cda1099995b46cc2
Genaro Valdez,69,72,10,3,30,155.0,3,0,49,0,0,0:01,0,67,6,0,4:40,0,3,http://www.ufcstats.com/fighter-details/cda1099995b46cc2
Genaro Valdez,69,72,10,3,31,155.0,4,0,64,0,1,0:02,0,96,1,1,0:06,1,3,http://www.ufcstats.com/fighter-details/cda1099995b46cc2
Don Shainis,66,67,12,5,32,145.0,1,0,3,0,0,0:11,0,9,0,0,0:02,1,1,http://www.ufcstats.com/fighter-details/da4628f173337902
Don Shainis,66,67,12,5,32,145.0,2,0,50,1,0,2:16,2,82,4,0,6:00,0,3,http://www.ufcstats.com/fighter-details/da4628f173337902
Anton Turkalj,76,78,8,4,26,205.0,1,1,21,11,0,11:49,0,19,0,0,0:09,0,3,http://www.ufcstats.com/fighter-details/82529ce93cd9a2cf
Anton Turkalj,76,78,8,4,26,205.0,2,0,1,0,0,0:00,0,17,3,0,4:14,2,1,http://www.ufcstats.com/fighter-details/82529ce93cd9a2cf
Anton Turkalj,76,78,8,4,26,205.0,3,0,33,5,0,4:40,0,39,7,0,6:13,1,3,http://www.ufcstats.com/fighter-details/82529ce93cd9a2cf
Anton Turkalj,76,78,8,4,27,205.0,4,0,8,0,0,0:00,0,16,0,1,0:03,0,1,http://www.ufcstats.com/fighter-details/82529ce93cd9a2cf
Anton Turkalj,76,78,8,4,27,205.0,5,0,55,0,0,0:18,0,74,0,1,0:02,0,3,http://www.ufcstats.com/fighter-details/82529ce93cd9a2cf
Leonardo Santos,72,75,18,7,36,155.0,1,1,23,0,0,0:00,0,34,0,0,0:00,0,3,http://www.ufcstats.com/fighter-details/9c65736747ca92ec
Leonardo Santos,72,75,18,7,39,155.0,2,1,12,0,1,0:01,0,2,0,0,0:00,0,1,http://www.ufcstats.com/fighter-details/9c65736747ca92ec
Leonardo Santos,72,75,18,7,40,155.0,3,1,66,1,0,1:34,0,50,1,0,6:07,0,3,http://www.ufcstats.com/fighter-details/9c65736747ca92ec
Leonardo Santos,72,75,18,7,41,155.0,4,0,30,1,0,1:21,0,46,1,0,8:18,0,3,http://www.ufcstats.com/fighter-details/9c65736747ca92ec
Leonardo Santos,72,75,18,7,41,155.0,5,0,41,0,1,1:01,0,18,2,0,2:09,1,2,http://www.ufcstats.com/fighter-details/9c65736747ca92ec
Leonardo Santos,72,75,18,7,42,155.0,6,0,36,0,0,0:54,0,116,0,0,3:55,0,3,http://www.ufcstats.com/fighter-details/9c65736747ca92ec
Paulo Renato Junior,72,73,12,3,28,265.0,1,0,77,0,0,0:34,0,69,0,0,0:00,0,3,http://www.ufcstats.com/fighter-details/01dfb60661153735
Paulo Renato Junior,72,73,12,3,29,205.0,2,0,8,0,0,0:00,0,21,0,1,0:01,0,1,http://www.ufcstats.com/fighter-details/01dfb60661153735
Tyson Pedro,75,79,10,5,27,205.0,1,0,31,0,0,0:41,1,30,3,1,5:18,0,3,http://www.ufcstats.com/fighter-details/49e96ff8ab781589
Tyson Pedro,75,79,10,5,30,205.0,2,1,22,0,1,0:00,0,4,0,0,0:00,0,1,http://www.ufcstats.com/fighter-details/49e96ff8ab781589
Tyson Pedro,75,79,10,5,30,205.0,3,1,6,0,1,0:04,0,2,0,0,0:00,0,1,http://www.ufcstats.com/fighter-details/49e96ff8ab781589
Tyson Pedro,75,79,10,5,31,205.0,4,0,45,2,0,3:01,0,44,0,0,0:57,0,3,http://www.ufcstats.com/fighter-details/49e96ff8ab781589
Tyson Pedro,75,79,10,5,31,205.0,5,1,16,0,1,0:03,0,8,0,0,0:00,0,1,http://www.ufcstats.com/fighter-details/49e96ff8ab781589
Tyson Pedro,75,79,10,5,32,205.0,6,0,30,0,0,0:10,0,27,3,0,5:24,0,3,http://www.ufcstats.com/fighter-details/49e96ff8ab781589
Vitor Petrino,74,77,11,2,25,205.0,1,1,39,7,0,6:13,1,33,5,0,4:40,0,3,http://www.ufcstats.com/fighter-details/71171fc96445bf65
Vitor Petrino,74,77,11,2,25,205.0,2,1,44,4,0,8:39,2,55,0,0,0:18,0,3,http://www.ufcstats.com/fighter-details/71171fc96445bf65
Vitor Petrino,74,77,11,2,26,205.0,3,1,8,1,1,2:19,0,9,0,0,0:00,0,2,http://www.ufcstats.com/fighter-details/71171fc96445bf65
Vitor Petrino,74,77,11,2,26,205.0,4,1,27,3,0,5:24,0,30,0,0,0:10,0,3,http://www.ufcstats.com/fighter-details/71171fc96445bf65
Vitor Petrino,74,77,11,2,26,205.0,5,0,10,1,0,0:14,0,11,0,0,0:00,1,1,http://www.ufcstats.com/fighter-details/71171fc96445bf65
Vitor Petrino,74,77,11,2,27,205.0,6,0,40,0,0,0:40,0,45,0,1,0:20,0,3,http://www.ufcstats.com/fighter-details/71171fc96445bf65
Acacio Dos Santos,76,79,14,5,30,205.0,1,0,19,0,0,0:09,0,21,11,0,11:49,0,3,http://www.ufcstats.com/fighter-details/957562fdf68a725a
Felipe Lima,66,68,14,1,26,145.0,1,1,37,1,0,1:06,1,30,1,0,2:36,0,3,http://www.ufcstats.com/fighter-details/9256f591b30c073e
Felipe Lima,66,68,14,1,26,145.0,2,1,55,2,0,2:55,1,31,0,0,1:35,0,3,http://www.ufcstats.com/fighter-details/9256f591b30c073e
Karl Williams,75,79,10,2,32,265.0,1,1,24,3,0,10:54,0,1,0,0,0:35,0,3,http://www.ufcstats.com/fighter-details/d35f734c56a89103
Karl Williams,75,79,10,2,33,265.0,2,1,38,8,1,10:13,0,26,0,0,0:29,0,3,http://www.ufcstats.com/fighter-details/d35f734c56a89103
Karl Williams,75,79,10,2,33,265.0,3,1,70,1,0,2:35,0,54,0,0,0:12,0,3,http://www.ufcstats.com/fighter-details/d35f734c56a89103
Karl Williams,75,79,10,2,34,265.0,4,1,40,7,0,10:31,1,21,0,0,0:00,0,3,http://www.ufcstats.com/fighter-details/d35f734c56a89103
Karl Williams,75,79,10,2,34,265.0,5,0,29,2,0,2:39,0,59,0,0,0:00,0,3,http://www.ufcstats.com/fighter-details/d35f734c56a89103
Natan Levy,69,71,8,2,29,155.0,1,1,18,2,0,8:28,2,9,0,0,1:22,2,3,http://www.ufcstats.com/fighter-details/a29db9cd4f9ccea5
Natan Levy,69,71,8,2,30,155.0,2,0,47,3,0,0:48,0,35,7,0,5:37,0,3,http://www.ufcstats.com/fighter-details/a29db9cd4f9ccea5
Natan Levy,69,71,8,2,30,155.0,3,1,92,9,0,3:39,0,104,3,0,1:56,0,3,http://www.ufcstats.com/fighter-details/a29db9cd4f9ccea5
Natan Levy,69,71,8,2,31,155.0,4,1,67,6,0,4:40,0,49,0,0,0:01,0,3,http://www.ufcstats.com/fighter-details/a29db9cd4f9ccea5
Natan Levy,69,71,8,2,32,155.0,5,0,8,1,0,0:34,0,3,0,1,5:11,1,2,http://www.ufcstats.com/fighter-details/a29db9cd4f9ccea5
Daniel Pineda,67,69,28,17,35,145.0,1,1,57,1,0,6:13,0,10,3,0,2:39,0,2,http://www.ufcstats.com/fighter-details/361d49960a196976
Daniel Pineda,67,69,28,17,35,145.0,2,0,21,1,0,0:35,1,46,1,2,1:34,0,2,http://www.ufcstats.com/fighter-details/361d49960a196976
Daniel Pineda,67,69,28,17,37,145.0,3,1,24,1,1,2:20,2,28,0,0,1:27,0,2,http://www.ufcstats.com/fighter-details/361d49960a196976
Daniel Pineda,67,69,28,17,37,145.0,4,0,27,3,0,3:57,1,60,1,0,4:26,0,3,http://www.ufcstats.com/fighter-details/361d49960a196976
Daniel Pineda,67,69,28,17,38,145.0,5,0,32,1,0,5:32,0,66,0,1,3:42,1,3,http://www.ufcstats.com/fighter-details/361d49960a196976
Daniel Pineda,67,69,28,17,39,145.0,6,0,31,0,0,3:02,2,39,3,0,6:33,0,3,http://www.ufcstats.com/fighter-details/361d49960a196976
Miles Johns,67,66,15,3,27,135.0,1,1,80,0,1,0:00,0,32,0,0,0:09,0,3,http://www.ufcstats.com/fighter-details/46e0d677f91bacc0
Miles Johns,67,66,15,3,27,135.0,2,0,34,0,0,0:00,0,58,0,1,1:45,1,3,http://www.ufcstats.com/fighter-details/46e0d677f91bacc0
Miles Johns,67,66,15,3,28,135.0,3,1,38,1,0,2:08,0,39,0,0,0:05,0,3,http://www.ufcstats.com/fighter-details/46e0d677f91bacc0
Miles Johns,67,66,15,3,29,135.0,4,1,25,2,0,6:29,0,18,1,0,1:55,0,3,http://www.ufcstats.com/fighter-details/46e0d677f91bacc0
Miles Johns,67,66,15,3,30,135.0,5,1,50,0,0,0:05,0,36,0,0,0:07,0,3,http://www.ufcstats.com/fighter-details/46e0d677f91bacc0
Miles Johns,67,66,15,3,30,145.0,6,0,31,0,0,1:35,0,55,2,0,2:55,1,3,http://www.ufcstats.com/fighter-details/46e0d677f91bacc0
Jhonata Diniz,76,79,8,1,32,265.0,1,1,25,0,2,0:02,0,24,0,0,0:02,0,1,http://www.ufcstats.com/fighter-details/25f9a5f3e8a52618
Jhonata Diniz,76,79,8,1,32,265.0,2,1,20,0,1,0:32,0,17,1,0,4:29,0,2,http://www.ufcstats.com/fighter-details/25f9a5f3e8a52618
Jhonata Diniz,76,79,8,1,33,265.0,3,1,59,0,0,0:00,0,29,2,0,2:39,0,3,http://www.ufcstats.com/fighter-details/25f9a5f3e8a52618
Jhonata Diniz,76,79,8,1,33,265.0,4,0,15,0,0,0:36,0,35,1,0,7:14,0,2,http://www.ufcstats.com/fighter-details/25f9a5f3e8a52618
Chase Sherman,76,78,16,12,31,265.0,1,0,117,0,0,0:00,0,149,1,0,2:19,0,3,http://www.ufcstats.com/fighter-details/01b352b6a9074d5c
Chase Sherman,76,78,16,12,32,265.0,2,0,10,0,0,0:00,0,20,1,0,1:07,1,1,http://www.ufcstats.com/fighter-details/01b352b6a9074d5c
Chase Sherman,76,78,16,12,32,265.0,3,0,0,0,0,0:00,0,8,3,0,1:58,1,1,http://www.ufcstats.com/fighter-details/01b352b6a9074d5c
Chase Sherman,76,78,16,12,32,265.0,4,1,137,0,1,0:00,0,109,0,0,0:00,0,3,http://www.ufcstats.com/fighter-details/01b352b6a9074d5c
Chase Sherman,76,78,16,12,33,265.0,5,0,66,1,0,1:34,0,147,0,0,0:13,0,3,http://www.ufcstats.com/fighter-details/01b352b6a9074d5c
Chase Sherman,76,78,16,12,33,265.0,6,0,54,0,0,0:12,0,70,1,0,2:35,0,3,http://www.ufcstats.com/fighter-details/01b352b6a9074d5c
Lukasz Brzeski,76,78,9,6,30,265.0,1,0,118,0,0,0:00,0,66,0,0,0:06,0,3,http://www.ufcstats.com/fighter-details/0c25d0a5e8cdbf19
Lukasz Brzeski,76,78,9,6,30,265.0,2,0,26,0,0,0:29,0,38,8,1,10:13,0,3,http://www.ufcstats.com/fighter-details/0c25d0a5e8cdbf19
Lukasz Brzeski,76,78,9,6,31,265.0,3,0,14,0,0,0:00,0,15,0,1,0:01,0,1,http://www.ufcstats.com/fighter-details/0c25d0a5e8cdbf19
Lukasz Brzeski,76,78,9,6,31,265.0,4,1,58,0,0,0:43,0,33,4,0,7:19,0,3,http://www.ufcstats.com/fighter-details/0c25d0a5e8cdbf19
Lukasz Brzeski,76,78,9,6,32,265.0,5,0,24,0,0,0:00,0,34,0,1,0:02,0,1,http://www.ufcstats.com/fighter-details/0c25d0a5e8cdbf19
Lukasz Brzeski,76,78,9,6,32,265.0,6,0,32,0,0,0:00,0,29,0,1,0:04,0,1,http://www.ufcstats.com/fighter-details/0c25d0a5e8cdbf19
Jimmy Lawson,72,77,4,2,30,265.0,1,0,1,0,0,0:35,0,24,3,0,10:54,0,3,http://www.ufcstats.com/fighter-details/e43eefb10d440cb0
Parker Porter,72,75,14,9,36,265.0,1,1,149,1,0,2:19,0,117,0,0,0:00,0,3,http://www.ufcstats.com/fighter-details/ac40f7e3cbecdda4
Parker Porter,72,75,14,9,36,265.0,2,1,43,2,0,6:34,0,55,0,0,0:24,0,3,http://www.ufcstats.com/fighter-details/ac40f7e3cbecdda4
Parker Porter,72,75,14,9,37,265.0,3,0,0,0,0,0:00,0,18,1,0,4:29,1,1,http://www.ufcstats.com/fighter-details/ac40f7e3cbecdda4
Parker Porter,72,75,14,9,37,265.0,4,0,7,0,0,0:00,0,8,0,1,0:03,0,1,http://www.ufcstats.com/fighter-details/ac40f7e3cbecdda4
Parker Porter,72,75,14,9,38,265.0,5,1,25,0,0,0:27,0,14,0,0,0:00,0,1,http://www.ufcstats.com/fighter-details/ac40f7e3cbecdda4
Parker Porter,72,75,14,9,38,265.0,6,0,2,0,0,0:17,0,8,0,1,0:04,0,1,http://www.ufcstats.com/fighter-details/ac40f7e3cbecdda4
Harry Hunsucker,74,75,7,6,31,265.0,1,0,17,0,0,0:00,0,23,1,0,0:52,0,1,http://www.ufcstats.com/fighter-details/f703250471acaf96
Harry Hunsucker,74,75,7,6,32,265.0,2,0,2,0,0,0:00,0,14,0,1,0:10,0,1,http://www.ufcstats.com/fighter-details/f703250471acaf96
Harry Hunsucker,74,75,7,6,32,265.0,3,0,5,0,0,0:00,1,5,0,1,1:02,0,1,http://www.ufcstats.com/fighter-details/f703250471acaf96
Harry Hunsucker,74,75,7,6,33,205.0,4,0,2,0,0,0:00,0,6,0,1,0:04,0,1,http://www.ufcstats.com/fighter-details/f703250471acaf96
Jared Vanderaa,76,80,12,10,29,265.0,1,1,121,0,0,0:24,0,74,0,0,0:11,0,3,http://www.ufcstats.com/fighter-details/2b68d9f125d07b42
Jared Vanderaa,76,80,12,10,29,265.0,2,0,13,0,0,0:00,0,56,5,0,6:31,0,2,http://www.ufcstats.com/fighter-details/2b68d9f125d07b42
Jared Vanderaa,76,80,12,10,29,265.0,3,0,70,0,0,2:44,0,64,0,0,0:00,0,3,http://www.ufcstats.com/fighter-details/2b68d9f125d07b42
Jared Vanderaa,76,80,12,10,29,265.0,4,0,15,0,0,0:54,0,8,0,0,0:44,1,1,http://www.ufcstats.com/fighter-details/2b68d9f125d07b42
Jared Vanderaa,76,80,12,10,30,265.0,5,0,109,0,0,0:00,0,137,0,1,0:00,0,3,http://www.ufcstats.com/fighter-details/2b68d9f125d07b42
Jared Vanderaa,76,80,12,10,30,265.0,6,0,56,0,0,0:13,0,73,0,0,0:03,0,3,http://www.ufcstats.com/fighter-details/2b68d9f125d07b42
Carlos Felipe,72,75,11,2,25,265.0,1,0,44,0,0,0:00,0,73,3,0,4:52,0,3,http://www.ufcstats.com/fighter-details/a2ea77e974c5889f
Carlos Felipe,72,75,11,2,25,265.0,2,1,78,0,0,1:28,0,48,0,0,3:13,0,3,http://www.ufcstats.com/fighter-details/a2ea77e974c5889f
Carlos Felipe,72,75,11,2,26,265.0,3,1,77,0,0,0:41,0,86,0,0,1:53,0,3,http://www.ufcstats.com/fighter-details/a2ea77e974c5889f
Carlos Felipe,72,75,11,2,26,265.0,4,1,94,0,0,0:02,0,130,0,0,0:00,0,3,http://www.ufcstats.com/fighter-details/a2ea77e974c5889f
Carlos Felipe,72,75,11,2,26,265.0,5,0,73,0,0,1:22,0,83,0,0,0:00,0,3,http://www.ufcstats.com/fighter-details/a2ea77e974c5889f
Tyson Nam,67,68,21,14,36,135.0,1,1,2,0,1,0:02,0,2,0,0,0:00,0,1,http://www.ufcstats.com/fighter-details/6e00cfffd54653c4
Tyson Nam,67,68,21,14,36,135.0,2,1,36,0,1,0:23,0,30,0,0,0:00,0,2,http://www.ufcstats.com/fighter-details/6e00cfffd54653c4
Tyson Nam,67,68,21,14,37,125.0,3,0,58,0,0,0:00,0,85,0,0,0:00,0,3,http://www.ufcstats.com/fighter-details/6e00cfffd54653c4
Tyson Nam,67,68,21,14,38,125.0,4,1,13,0,1,0:03,0,15,0,0,0:00,0,1,http://www.ufcstats.com/fighter-details/6e00cfffd54653c4
Tyson Nam,67,68,21,14,39,125.0,5,0,12,0,0,0:00,0,23,0,1,0:53,1,2,http://www.ufcstats.com/fighter-details/6e00cfffd54653c4
Tyson Nam,67,68,21,14,39,125.0,6,0,81,0,0,0:30,0,46,2,0,0:22,0,3,http://www.ufcstats.com/fighter-details/6e00cfffd54653c4
Zarrukh Adashev,65,65,4,4,27,135.0,1,0,2,0,0,0:00,0,2,0,1,0:02,0,1,http://www.ufcstats.com/fighter-details/79cb2a690b9ba5e8
Zarrukh Adashev,65,65,4,4,28,125.0,2,0,28,0,0,0:02,0,50,0,0,0:00,0,3,http://www.ufcstats.com/fighter-details/79cb2a690b9ba5e8
Zarrukh Adashev,65,65,4,4,29,125.0,3,1,78,0,0,0:45,1,37,0,1,1:19,0,3,http://www.ufcstats.com/fighter-details/79cb2a690b9ba5e8
Zarrukh Adashev,65,65,4,4,29,125.0,4,0,7,0,0,0:00,0,7,0,1,0:03,0,1,http://www.ufcstats.com/fighter-details/79cb2a690b9ba5e8
Shaheen Santana,73,75,6,1,29,155.0,1,0,9,0,0,1:22,2,18,2,0,8:28,2,3,http://www.ufcstats.com/fighter-details/19809d475ed832d5
Wellington Turman,72,72,18,8,24,185.0,1,0,1,0,0,2:52,0,19,0,0,1:38,0,1,http://www.ufcstats.com/fighter-details/4dcfb28c011c11b2
Wellington Turman,72,72,18,8,25,185.0,2,1,69,2,0,2:54,0,68,0,0,1:54,0,3,http://www.ufcstats.com/fighter-details/4dcfb28c011c11b2
Wellington Turman,72,72,18,8,25,185.0,3,1,15,0,0,2:15,2,30,1,0,3:04,1,2,http://www.ufcstats.com/fighter-details/4dcfb28c011c11b2
Wellington Turman,72,72,18,8,26,185.0,4,0,41,1,0,1:40,1,42,8,0,7:59,2,3,http://www.ufcstats.com/fighter-details/4dcfb28c011c11b2
Wellington Turman,72,72,18,8,26,170.0,5,0,55,0,0,3:05,0,64,2,0,2:47,0,3,http://www.ufcstats.com/fighter-details/4dcfb28c011c11b2
Wellington Turman,72,72,18,8,27,170.0,6,0,37,1,0,1:40,0,53,1,0,0:31,1,2,http://www.ufcstats.com/fighter-details/4dcfb28c011c11b2
Sean Soriano,69,70,14,8,24,145.0,1,0,19,0,0,0:07,0,32,3,0,4:08,1,2,http://www.ufcstats.com/fighter-details/bd5403efbaa445c0
Sean Soriano,69,70,14,8,24,145.0,2,0,24,0,0,3:01,0,13,4,0,10:00,7,3,http://www.ufcstats.com/fighter-details/bd5403efbaa445c0
Sean Soriano,69,70,14,8,25,145.0,3,0,69,3,0,3:07,0,37,5,0,5:36,4,3,http://www.ufcstats.com/fighter-details/bd5403efbaa445c0
Sean Soriano,69,70,14,8,31,155.0,4,0,33,0,0,0:00,0,22,3,0,0:59,1,2,http://www.ufcstats.com/fighter-details/bd5403efbaa445c0
Sean Soriano,69,70,14,8,32,145.0,5,0,35,2,0,1:45,0,17,4,0,7:25,0,3,http://www.ufcstats.com/fighter-details/bd5403efbaa445c0
Tucker Lutz,68,72,12,4,26,155.0,1,1,96,0,0,2:22,0,47,0,0,1:08,0,3,http://www.ufcstats.com/fighter-details/7832f2f62f04178f
Tucker Lutz,68,72,12,4,26,155.0,2,1,34,4,0,7:51,1,37,2,0,3:23,0,3,http://www.ufcstats.com/fighter-details/7832f2f62f04178f
Tucker Lutz,68,72,12,4,26,145.0,3,1,99,3,0,3:05,0,81,0,0,0:52,0,3,http://www.ufcstats.com/fighter-details/7832f2f62f04178f
Tucker Lutz,68,72,12,4,27,145.0,4,0,17,1,0,1:16,0,16,5,0,10:55,3,3,http://www.ufcstats.com/fighter-details/7832f2f62f04178f
Tucker Lutz,68,72,12,4,28,145.0,5,0,28,0,0,1:27,0,24,1,1,2:20,2,2,http://www.ufcstats.com/fighter-details/7832f2f62f04178f
Tucker Lutz,68,72,12,4,29,145.0,6,0,36,3,0,6:19,0,64,0,0,0:42,0,3,http://www.ufcstats.com/fighter-details/7832f2f62f04178f
Herbert Burns,69,73,11,6,31,145.0,1,1,7,1,1,1:35,1,4,0,0,0:33,0,1,http://www.ufcstats.com/fighter-details/4f140403000158b5
Herbert Burns,69,73,11,6,32,145.0,2,1,5,1,0,0:38,1,3,0,0,0:05,0,1,http://www.ufcstats.com/fighter-details/4f140403000158b5
Herbert Burns,69,73,11,6,32,145.0,3,0,10,3,0,2:39,0,57,1,0,6:13,0,2,http://www.ufcstats.com/fighter-details/4f140403000158b5
Herbert Burns,69,73,11,6,34,145.0,4,0,10,1,0,0:32,2,28,1,0,5:26,0,2,http://www.ufcstats.com/fighter-details/4f140403000158b5
Herbert Burns,69,73,11,6,36,145.0,5,0,15,0,0,1:16,0,29,0,2,0:08,0,2,http://www.ufcstats.com/fighter-details/4f140403000158b5
Herbert Burns,69,73,11,6,36,145.0,6,0,24,2,0,1:54,0,73,0,2,2:44,0,3,http://www.ufcstats.com/fighter-details/4f140403000158b5
Kevin Croom,71,73,21,15,33,145.0,1,0,16,1,0,7:32,0,48,1,0,3:44,1,3,http://www.ufcstats.com/fighter-details/35b3772629e27a49
Kevin Croom,71,73,21,15,34,145.0,2,0,60,0,0,0:47,0,38,6,1,6:26,0,3,http://www.ufcstats.com/fighter-details/35b3772629e27a49
Kevin Croom,71,73,21,15,34,135.0,3,0,2,0,0,0:00,0,9,0,1,0:01,0,1,http://www.ufcstats.com/fighter-details/35b3772629e27a49
Domingo Pilarte,72,73,8,3,28,135.0,1,1,34,1,0,0:00,1,54,0,1,0:00,0,2,http://www.ufcstats.com/fighter-details/4bf6b225ff6099c4
Domingo Pilarte,72,73,8,3,29,135.0,2,0,11,2,0,6:10,1,23,2,0,6:38,0,3,http://www.ufcstats.com/fighter-details/4bf6b225ff6099c4
Domingo Pilarte,72,73,8,3,31,135.0,3,0,3,0,0,1:29,0,28,3,0,12:49,2,3,http://www.ufcstats.com/fighter-details/4bf6b225ff6099c4
Ramon Taveras,68,70,10,3,29,135.0,1,0,11,0,0,0:00,0,11,0,1,0:02,0,1,http://www.ufcstats.com/fighter-details/c5ccd878231c5407
Ramon Taveras,68,70,10,3,29,135.0,2,1,10,0,1,0:02,0,7,0,0,0:00,0,1,http://www.ufcstats.com/fighter-details/c5ccd878231c5407
Ramon Taveras,68,70,10,3,30,135.0,3,1,62,0,1,0:06,0,79,0,0,0:24,0,3,http://www.ufcstats.com/fighter-details/c5ccd878231c5407
Ramon Taveras,68,70,10,3,30,135.0,4,0,69,0,0,0:00,0,147,0,0,0:00,0,3,http://www.ufcstats.com/fighter-details/c5ccd878231c5407
Tuco Tokkos,76,76,10,5,31,205.0,1,0,22,1,0,0:42,0,35,0,1,0:37,0,1,http://www.ufcstats.com/fighter-details/3e8118c1ab52f211
Tuco Tokkos,76,76,10,5,33,205.0,2,0,3,0,0,0:00,0,0,2,0,3:30,1,1,http://www.ufcstats.com/fighter-details/3e8118c1ab52f211
Tuco Tokkos,76,76,10,5,34,205.0,3,0,32,3,0,3:36,0,78,0,0,0:54,0,3,http://www.ufcstats.com/fighter-details/3e8118c1ab52f211
TJ Dillashaw,66,67,18,5,30,135.0,1,1,71,5,0,6:53,1,38,1,0,0:18,0,3,http://www.ufcstats.com/fighter-details/c849740a3ff51931
TJ Dillashaw,66,67,18,5,31,135.0,2,1,20,0,2,0:07,0,18,0,1,0:04,0,2,http://www.ufcstats.com/fighter-details/c849740a3ff51931
TJ Dillashaw,66,67,18,5,32,135.0,3,1,45,0,2,0:29,0,17,0,0,0:00,0,1,http://www.ufcstats.com/fighter-details/c849740a3ff51931
TJ Dillashaw,66,67,18,5,32,125.0,4,0,1,0,0,0:09,0,18,0,1,0:00,0,1,http://www.ufcstats.com/fighter-details/c849740a3ff51931
TJ Dillashaw,66,67,18,5,35,135.0,5,1,110,2,0,8:22,0,128,0,0,0:00,1,5,http://www.ufcstats.com/fighter-details/c849740a3ff51931
TJ Dillashaw,66,67,18,5,36,135.0,6,0,8,0,0,0:03,0,72,5,0,7:06,2,2,http://www.ufcstats.com/fighter-details/c849740a3ff51931
AJ Dobson,73,76,7,3,29,185.0,1,1,39,1,1,3:24,1,8,0,0,0:00,0,1,http://www.ufcstats.com/fighter-details/009c4420727149ea
AJ Dobson,73,76,7,3,30,185.0,2,0,52,0,0,0:27,0,80,6,0,9:17,0,3,http://www.ufcstats.com/fighter-details/009c4420727149ea
AJ Dobson,73,76,7,3,30,185.0,3,0,58,3,0,0:49,0,118,0,0,0:00,0,3,http://www.ufcstats.com/fighter-details/009c4420727149ea
AJ Dobson,73,76,7,3,31,185.0,4,1,67,2,0,4:33,0,53,0,0,0:00,0,3,http://www.ufcstats.com/fighter-details/009c4420727149ea
AJ Dobson,73,76,7,3,32,185.0,5,0,15,0,0,1:15,0,27,1,1,0:49,0,1,http://www.ufcstats.com/fighter-details/009c4420727149ea
Steve Garcia,72,75,17,5,30,155.0,1,0,7,0,0,0:35,0,7,0,2,0:00,0,1,http://www.ufcstats.com/fighter-details/97cf1a2c7c5e7889
Steve Garcia,72,75,17,5,30,145.0,2,1,29,0,3,0:17,0,10,0,0,0:00,0,1,http://www.ufcstats.com/fighter-details/97cf1a2c7c5e7889
Steve Garcia,72,75,17,5,30,145.0,3,1,17,0,1,0:15,0,18,1,1,3:34,0,2,http://www.ufcstats.com/fighter-details/97cf1a2c7c5e7889
Steve Garcia,72,75,17,5,31,155.0,4,1,29,0,1,0:46,1,6,2,0,4:41,0,2,http://www.ufcstats.com/fighter-details/97cf1a2c7c5e7889
Steve Garcia,72,75,17,5,32,145.0,5,1,15,0,1,0:37,0,9,0,0,0:00,0,1,http://www.ufcstats.com/fighter-details/97cf1a2c7c5e7889
Steve Garcia,72,75,17,5,32,145.0,6,1,22,0,0,1:36,0,1,0,0,2:13,0,1,http://www.ufcstats.com/fighter-details/97cf1a2c7c5e7889
John Lineker,63,67,31,9,26,135.0,1,1,26,0,2,0:08,0,14,0,0,0:00,0,1,http://www.ufcstats.com/fighter-details/c268b2cfebccf652
John Lineker,63,67,31,9,26,135.0,2,1,93,0,0,0:00,0,101,0,0,0:23,0,5,http://www.ufcstats.com/fighter-details/c268b2cfebccf652
John Lineker,63,67,31,9,26,135.0,3,0,38,1,0,0:18,0,71,5,0,6:53,1,3,http://www.ufcstats.com/fighter-details/c268b2cfebccf652
John Lineker,63,67,31,9,27,135.0,4,1,77,0,0,1:35,0,49,0,0,0:00,0,3,http://www.ufcstats.com/fighter-details/c268b2cfebccf652
John Lineker,63,67,31,9,27,135.0,5,1,102,0,2,1:07,1,50,1,0,0:43,0,3,http://www.ufcstats.com/fighter-details/c268b2cfebccf652
John Lineker,63,67,31,9,28,135.0,6,0,106,1,0,0:14,1,120,2,0,0:36,0,3,http://www.ufcstats.com/fighter-details/c268b2cfebccf652
Kaynan Kruschewsky,72,73,15,3,32,155.0,1,1,27,1,0,0:52,1,17,0,0,0:00,0,1,http://www.ufcstats.com/fighter-details/ca36633b80be4a78
Kaynan Kruschewsky,72,73,15,3,32,155.0,2,0,8,0,0,0:00,0,16,0,1,0:03,0,1,http://www.ufcstats.com/fighter-details/ca36633b80be4a78
Kaynan Kruschewsky,72,73,15,3,33,155.0,3,0,89,3,0,2:47,2,92,1,0,5:21,0,3,http://www.ufcstats.com/fighter-details/ca36633b80be4a78
Robert Bryczek,72,75,17,6,33,185.0,1,0,32,0,0,0:30,0,67,0,1,2:37,0,3,http://www.ufcstats.com/fighter-details/f96856f9d69fd7e4
Igor Severino,67,69,8,1,20,125.0,1,1,75,5,2,2:37,0,37,0,0,0:00,0,2,http://www.ufcstats.com/fighter-details/6ad8e4296f7522d9
Igor Severino,67,69,8,1,20,125.0,2,0,36,5,0,3:00,0,30,1,0,0:24,2,2,http://www.ufcstats.com/fighter-details/6ad8e4296f7522d9
Rickson Zenidim,67,67,14,2,24,125.0,1,0,25,0,0,0:20,0,61,1,0,2:56,0,3,http://www.ufcstats.com/fighter-details/c879d8620261b1a3
Mounir Lazzez,73,76,11,3,32,170.0,1,1,98,4,0,4:52,0,67,1,0,1:31,0,3,http://www.ufcstats.com/fighter-details/49ee5024966efc0d
Mounir Lazzez,73,76,11,3,33,170.0,2,0,2,0,0,0:42,0,17,1,1,1:36,0,1,http://www.ufcstats.com/fighter-details/49ee5024966efc0d
Mounir Lazzez,73,76,11,3,34,170.0,3,1,141,0,0,1:02,0,88,0,0,0:08,0,3,http://www.ufcstats.com/fighter-details/49ee5024966efc0d
Mounir Lazzez,73,76,11,3,35,170.0,4,0,9,0,0,0:00,0,9,0,0,0:04,1,1,http://www.ufcstats.com/fighter-details/49ee5024966efc0d
Hashem Arkhagha,74,75,6,1,32,185.0,1,0,8,0,0,0:00,0,39,1,1,3:24,1,1,http://www.ufcstats.com/fighter-details/9a7ffa80766caa51
Trey Waters,77,77,9,1,27,170.0,1,0,20,0,0,0:00,1,26,1,0,0:16,1,1,http://www.ufcstats.com/fighter-details/31dbfbe4e7a6727c
Trey Waters,77,77,9,1,28,170.0,2,1,104,1,0,0:27,0,50,1,0,0:54,0,3,http://www.ufcstats.com/fighter-details/31dbfbe4e7a6727c
Trey Waters,77,77,9,1,29,170.0,3,1,96,0,0,0:00,1,116,1,0,4:06,0,3,http://www.ufcstats.com/fighter-details/31dbfbe4e7a6727c
Kyle Nelson,71,71,16,6,29,145.0,1,0,56,0,0,1:27,0,79,2,1,3:28,0,3,http://www.ufcstats.com/fighter-details/31f8081c7600da93
Kyle Nelson,71,71,16,6,31,155.0,2,0,41,0,0,3:06,0,36,0,0,5:57,0,3,http://www.ufcstats.com/fighter-details/31f8081c7600da93
Kyle Nelson,71,71,16,6,32,145.0,3,1,59,0,0,2:21,0,45,0,0,2:45,0,3,http://www.ufcstats.com/fighter-details/31f8081c7600da93
Kyle Nelson,71,71,16,6,32,145.0,4,1,82,0,0,0:00,0,72,0,0,0:07,0,3,http://www.ufcstats.com/fighter-details/31f8081c7600da93
Kyle Nelson,71,71,16,6,32,145.0,5,1,32,0,0,0:48,0,30,0,0,0:00,0,1,http://www.ufcstats.com/fighter-details/31f8081c7600da93
Kyle Nelson,71,71,16,6,33,145.0,6,0,1,0,0,2:13,0,22,0,0,1:36,0,1,http://www.ufcstats.com/fighter-details/31f8081c7600da93
Maheshate,72,71,10,4,21,155.0,1,1,49,0,0,0:41,0,48,0,0,1:18,0,3,http://www.ufcstats.com/fighter-details/8c1ca54b5089d199
Maheshate,72,71,10,4,22,155.0,2,1,7,0,2,0:00,0,7,0,0,0:35,0,1,http://www.ufcstats.com/fighter-details/8c1ca54b5089d199
Maheshate,72,71,10,4,23,155.0,3,0,25,0,0,0:00,0,49,6,0,6:10,0,3,http://www.ufcstats.com/fighter-details/8c1ca54b5089d199
Maheshate,72,71,10,4,23,155.0,4,0,32,0,0,0:00,0,85,0,3,0:09,0,2,http://www.ufcstats.com/fighter-details/8c1ca54b5089d199
Maheshate,72,71,10,4,24,155.0,5,1,97,0,0,0:03,0,121,0,0,0:00,0,3,http://www.ufcstats.com/fighter-details/8c1ca54b5089d199
Maheshate,72,71,10,4,24,155.0,6,0,56,0,0,0:00,0,78,0,2,1:32,0,3,http://www.ufcstats.com/fighter-details/8c1ca54b5089d199
Dakota Bush,70,73,8,4,26,155.0,1,0,41,1,0,1:31,0,67,1,0,6:42,0,3,http://www.ufcstats.com/fighter-details/3033c1c080672475
Dakota Bush,70,73,8,4,27,155.0,2,0,11,2,0,1:30,0,16,0,1,0:28,0,1,http://www.ufcstats.com/fighter-details/3033c1c080672475
Taylor Lapilus,66,73,21,4,23,135.0,1,0,20,0,1,7:11,1,31,1,0,0:00,0,3,http://www.ufcstats.com/fighter-details/8b1ed83b02303075
Taylor Lapilus,66,73,21,4,24,135.0,2,1,63,0,0,0:58,0,19,3,0,6:31,0,3,http://www.ufcstats.com/fighter-details/8b1ed83b02303075
Taylor Lapilus,66,73,21,4,31,135.0,3,1,84,0,0,0:18,0,48,2,0,6:26,0,3,http://www.ufcstats.com/fighter-details/8b1ed83b02303075
Taylor Lapilus,66,73,21,4,31,135.0,4,0,40,0,0,0:02,0,42,5,0,6:58,1,3,http://www.ufcstats.com/fighter-details/8b1ed83b02303075
Taylor Lapilus,66,73,21,4,32,135.0,5,1,100,0,0,0:27,0,59,1,0,3:24,0,3,http://www.ufcstats.com/fighter-details/8b1ed83b02303075
Taylor Lapilus,66,73,21,4,32,135.0,6,1,94,0,0,0:10,0,39,2,0,3:02,0,3,http://www.ufcstats.com/fighter-details/8b1ed83b02303075
Josh Quinlan,72,72,6,3,29,170.0,1,1,3,0,1,0:00,0,1,1,0,0:27,0,1,http://www.ufcstats.com/fighter-details/876f478f796495f7
Josh Quinlan,72,72,6,3,30,170.0,2,0,50,1,0,0:54,0,104,1,0,0:27,0,3,http://www.ufcstats.com/fighter-details/876f478f796495f7
Josh Quinlan,72,72,6,3,31,170.0,3,0,39,0,0,0:00,0,95,0,1,0:13,0,3,http://www.ufcstats.com/fighter-details/876f478f796495f7
Josh Quinlan,72,72,6,3,31,170.0,4,0,53,0,0,0:00,0,80,0,0,0:00,0,3,http://www.ufcstats.com/fighter-details/876f478f796495f7
Cody Stamann,66,64,21,8,32,135.0,1,0,1,0,0,0:10,0,7,0,0,0:02,1,1,http://www.ufcstats.com/fighter-details/bf7ad5628363eec9
Cody Stamann,66,64,21,8,32,135.0,2,1,27,0,1,0:07,0,3,0,0,0:00,0,1,http://www.ufcstats.com/fighter-details/bf7ad5628363eec9
Cody Stamann,66,64,21,8,33,135.0,3,1,103,0,0,0:00,0,80,1,0,1:34,0,3,http://www.ufcstats.com/fighter-details/bf7ad5628363eec9
Cody Stamann,66,64,21,8,33,135.0,4,0,54,1,1,1:59,0,61,0,0,0:00,0,3,http://www.ufcstats.com/fighter-details/bf7ad5628363eec9
Cody Stamann,66,64,21,8,34,135.0,5,0,59,1,0,3:24,0,100,0,0,0:27,0,3,http://www.ufcstats.com/fighter-details/bf7ad5628363eec9
Cody Stamann,66,64,21,8,35,135.0,6,0,13,0,0,0:00,0,20,0,0,1:19,3,1,http://www.ufcstats.com/fighter-details/bf7ad5628363eec9
Farid Basharat,68,71,13,0,25,135.0,1,1,116,3,0,9:05,0,27,0,0,0:00,2,3,http://www.ufcstats.com/fighter-details/a09ed60aa67a3f67
Farid Basharat,68,71,13,0,25,135.0,2,1,58,3,0,5:28,0,46,1,0,2:38,1,3,http://www.ufcstats.com/fighter-details/a09ed60aa67a3f67
Farid Basharat,68,71,13,0,26,135.0,3,1,4,2,0,3:15,1,7,0,0,0:30,0,1,http://www.ufcstats.com/fighter-details/a09ed60aa67a3f67
Farid Basharat,68,71,13,0,26,135.0,4,1,42,5,0,6:58,1,40,0,0,0:02,0,3,http://www.ufcstats.com/fighter-details/a09ed60aa67a3f67
Farid Basharat,68,71,13,0,27,145.0,5,1,60,4,0,4:37,0,45,1,0,0:18,1,3,http://www.ufcstats.com/fighter-details/a09ed60aa67a3f67
Leandro Issa,67,69,13,6,30,135.0,1,0,17,2,0,1:30,1,43,0,0,4:14,1,2,http://www.ufcstats.com/fighter-details/d1e1fdcea7c8a90a
Leandro Issa,67,69,13,6,30,135.0,2,1,44,2,0,3:26,3,33,0,0,1:03,0,3,http://www.ufcstats.com/fighter-details/d1e1fdcea7c8a90a
Leandro Issa,67,69,13,6,31,135.0,3,1,25,2,0,6:52,1,8,1,0,0:35,1,2,http://www.ufcstats.com/fighter-details/d1e1fdcea7c8a90a
Leandro Issa,67,69,13,6,31,135.0,4,0,26,1,0,5:26,0,53,0,0,2:11,0,3,http://www.ufcstats.com/fighter-details/d1e1fdcea7c8a90a
Leandro Issa,67,69,13,6,32,135.0,5,0,19,3,0,6:31,0,63,0,0,0:58,0,3,http://www.ufcstats.com/fighter-details/d1e1fdcea7c8a90a
Erik Perez,68,68,17,6,23,135.0,1,0,37,5,0,4:38,0,39,2,0,2:40,1,3,http://www.ufcstats.com/fighter-details/af62f99eb7606308
Erik Perez,68,68,17,6,23,135.0,2,1,50,7,1,8:34,0,18,0,0,0:00,0,3,http://www.ufcstats.com/fighter-details/af62f99eb7606308
Erik Perez,68,68,17,6,24,135.0,3,0,10,1,0,1:33,0,7,2,0,2:39,2,2,http://www.ufcstats.com/fighter-details/af62f99eb7606308
Erik Perez,68,68,17,6,26,135.0,4,1,31,1,0,0:00,0,20,0,1,7:11,1,3,http://www.ufcstats.com/fighter-details/af62f99eb7606308
Erik Perez,68,68,17,6,26,135.0,5,1,54,2,0,5:00,0,55,0,0,0:01,0,3,http://www.ufcstats.com/fighter-details/af62f99eb7606308
Erik Perez,68,68,17,6,26,135.0,6,1,36,3,0,7:06,0,34,0,0,1:56,2,3,http://www.ufcstats.com/fighter-details/af62f99eb7606308
Davey Grant,68,69,16,7,35,135.0,1,0,83,1,0,1:54,0,105,2,0,5:15,3,3,http://www.ufcstats.com/fighter-details/113df4fde64735c6
Davey Grant,68,69,16,7,35,135.0,2,0,98,0,0,0:10,0,100,0,0,0:00,0,3,http://www.ufcstats.com/fighter-details/113df4fde64735c6
Davey Grant,68,69,16,7,36,135.0,3,1,81,0,1,0:35,0,71,0,0,0:35,0,3,http://www.ufcstats.com/fighter-details/113df4fde64735c6
Davey Grant,68,69,16,7,37,135.0,4,1,65,0,1,0:52,1,42,5,0,4:17,0,3,http://www.ufcstats.com/fighter-details/113df4fde64735c6
Davey Grant,68,69,16,7,37,135.0,5,0,70,0,0,0:06,0,48,1,0,0:13,0,3,http://www.ufcstats.com/fighter-details/113df4fde64735c6
Davey Grant,68,69,16,7,38,135.0,6,1,147,0,0,0:00,0,69,0,0,0:00,0,3,http://www.ufcstats.com/fighter-details/113df4fde64735c6
Brandon Lewis,64,70,6,2,24,135.0,1,0,20,0,0,0:00,0,28,4,0,9:10,0,3,http://www.ufcstats.com/fighter-details/6623cb1c27025634
Brandon Lewis,64,70,6,2,25,135.0,2,0,45,2,0,2:40,0,81,0,1,0:14,0,3,http://www.ufcstats.com/fighter-details/6623cb1c27025634
Claudio Silva,71,71,14,4,35,170.0,1,1,18,1,0,1:48,1,6,1,0,0:11,0,1,http://www.ufcstats.com/fighter-details/6f7c616b98e18c29
Claudio Silva,71,71,14,4,36,170.0,2,1,19,3,0,6:13,4,26,0,0,3:11,0,3,http://www.ufcstats.com/fighter-details/6f7c616b98e18c29
Claudio Silva,71,71,14,4,36,170.0,3,1,32,1,0,1:24,1,2,0,0,0:00,0,1,http://www.ufcstats.com/fighter-details/6f7c616b98e18c29
Claudio Silva,71,71,14,4,38,170.0,4,0,64,2,0,0:58,0,94,0,0,0:14,0,3,http://www.ufcstats.com/fighter-details/6f7c616b98e18c29
Claudio Silva,71,71,14,4,38,170.0,5,0,21,1,0,1:48,0,37,3,0,8:03,1,3,http://www.ufcstats.com/fighter-details/6f7c616b98e18c29
Claudio Silva,71,71,14,4,39,170.0,6,0,11,4,0,7:17,0,45,1,0,4:17,1,3,http://www.ufcstats.com/fighter-details/6f7c616b98e18c29
Phil Hawes,72,77,12,6,32,185.0,1,1,66,2,0,5:34,1,28,0,0,4:13,0,3,http://www.ufcstats.com/fighter-details/547afe1017e72dbe
Phil Hawes,72,77,12,6,32,185.0,2,0,48,0,0,0:00,0,21,0,1,0:03,0,1,http://www.ufcstats.com/fighter-details/547afe1017e72dbe
Phil Hawes,72,77,12,6,33,185.0,3,1,118,1,1,0:47,0,32,0,0,0:00,0,2,http://www.ufcstats.com/fighter-details/547afe1017e72dbe
Phil Hawes,72,77,12,6,33,185.0,4,0,11,1,0,0:46,0,18,0,1,0:02,1,1,http://www.ufcstats.com/fighter-details/547afe1017e72dbe
Phil Hawes,72,77,12,6,34,185.0,5,0,17,0,0,0:00,0,20,0,1,0:02,0,1,http://www.ufcstats.com/fighter-details/547afe1017e72dbe
Phil Hawes,72,77,12,6,35,185.0,6,0,13,0,0,0:00,0,19,1,1,1:37,0,1,http://www.ufcstats.com/fighter-details/547afe1017e72dbe
Mario Sousa,75,79,15,3,24,185.0,1,1,51,0,0,1:32,1,14,4,0,10:24,2,3,http://www.ufcstats.com/fighter-details/72782745eb47161a
Mario Sousa,75,79,15,3,24,185.0,2,0,13,1,0,0:44,0,65,0,1,6:49,0,3,http://www.ufcstats.com/fighter-details/72782745eb47161a
Mario Sousa,75,79,15,3,25,185.0,3,0,17,0,0,0:00,0,7,1,0,0:23,1,1,http://www.ufcstats.com/fighter-details/72782745eb47161a
Mana Martinez,70,70,10,4,24,135.0,1,0,5,0,0,0:48,1,3,1,0,0:36,1,1,http://www.ufcstats.com/fighter-details/c0386644627a7ee5
Mana Martinez,70,70,10,4,25,135.0,2,1,79,2,0,1:07,0,66,0,0,0:28,0,3,http://www.ufcstats.com/fighter-details/c0386644627a7ee5
Mana Martinez,70,70,10,4,25,135.0,3,0,39,0,2,0:08,1,46,6,3,8:09,0,3,http://www.ufcstats.com/fighter-details/c0386644627a7ee5
Mana Martinez,70,70,10,4,26,135.0,4,1,87,1,2,0:45,0,76,1,0,1:31,0,3,http://www.ufcstats.com/fighter-details/c0386644627a7ee5
Mana Martinez,70,70,10,4,26,135.0,5,0,60,0,0,0:00,0,117,1,1,4:07,0,3,http://www.ufcstats.com/fighter-details/c0386644627a7ee5
Steven Koslow,67,69,6,1,25,135.0,1,0,11,5,0,4:40,1,53,0,0,6:29,0,3,http://www.ufcstats.com/fighter-details/84512339473dd300
Joshua Wang-Kim,69,71,5,2,29,135.0,1,0,38,1,0,1:54,0,57,1,1,0:27,1,3,http://www.ufcstats.com/fighter-details/d538f13ab21d9633
Nick Aguirre,69,74,7,2,26,145.0,1,0,14,0,0,1:15,1,47,4,0,10:14,2,3,http://www.ufcstats.com/fighter-details/0978385b2bd9ef9b
Nick Aguirre,69,74,7,2,27,135.0,2,0,5,2,0,5:46,0,28,0,0,3:25,1,3,http://www.ufcstats.com/fighter-details/0978385b2bd9ef9b
Reyes Cortez Jr.,67,68,7,3,29,135.0,1,0,47,2,0,5:11,0,78,0,0,0:28,0,3,http://www.ufcstats.com/fighter-details/1a7d44196949577c
Reyes Cortez Jr.,67,68,7,3,31,135.0,2,0,76,1,0,2:53,0,145,0,0,0:03,0,3,http://www.ufcstats.com/fighter-details/1a7d44196949577c
Fernie Garcia,67,67,10,5,29,135.0,1,1,12,0,1,0:23,0,15,0,0,0:13,0,1,http://www.ufcstats.com/fighter-details/9e92e1ca498d7244
Fernie Garcia,67,67,10,5,30,135.0,2,0,37,0,0,0:02,0,57,2,0,0:42,0,3,http://www.ufcstats.com/fighter-details/9e92e1ca498d7244
Fernie Garcia,67,67,10,5,30,135.0,3,0,21,1,0,1:22,1,19,3,0,9:14,1,3,http://www.ufcstats.com/fighter-details/9e92e1ca498d7244
Fernie Garcia,67,67,10,5,31,135.0,4,0,15,0,0,0:00,1,36,4,0,9:26,3,3,http://www.ufcstats.com/fighter-details/9e92e1ca498d7244
Fernie Garcia,67,67,10,5,31,145.0,5,0,26,0,0,0:56,0,79,1,1,2:20,2,2,http://www.ufcstats.com/fighter-details/9e92e1ca498d7244
Yusaku Kinoshita,72,71,6,3,22,170.0,1,1,62,0,1,0:10,0,37,0,0,0:00,0,3,http://www.ufcstats.com/fighter-details/21b5c82c1b89dab1
Yusaku Kinoshita,72,71,6,3,22,170.0,2,0,10,0,0,0:01,0,21,4,0,2:53,0,1,http://www.ufcstats.com/fighter-details/21b5c82c1b89dab1
Yusaku Kinoshita,72,71,6,3,23,170.0,3,0,17,0,0,0:00,0,40,0,1,0:05,0,1,http://www.ufcstats.com/fighter-details/21b5c82c1b89dab1
Jason Witt,70,70,19,9,33,170.0,1,0,2,0,0,0:00,0,18,0,1,0:11,0,1,http://www.ufcstats.com/fighter-details/5f3805dda9661cba
Jason Witt,70,70,19,9,33,170.0,2,1,20,2,0,6:19,1,1,0,0,0:00,0,2,http://www.ufcstats.com/fighter-details/5f3805dda9661cba
Jason Witt,70,70,19,9,34,170.0,3,0,4,0,0,0:00,0,3,0,1,0:02,0,1,http://www.ufcstats.com/fighter-details/5f3805dda9661cba
Jason Witt,70,70,19,9,34,170.0,4,1,35,8,1,5:38,1,50,0,0,0:47,0,3,http://www.ufcstats.com/fighter-details/5f3805dda9661cba
Jason Witt,70,70,19,9,35,170.0,5,0,8,4,0,5:11,0,8,0,1,0:01,0,2,http://www.ufcstats.com/fighter-details/5f3805dda9661cba
Jason Witt,70,70,19,9,35,170.0,6,0,1,1,0,0:27,0,3,0,1,0:00,0,1,http://www.ufcstats.com/fighter-details/5f3805dda9661cba
Luan Lacerda,67,71,12,3,30,135.0,1,0,80,1,0,1:34,0,103,0,0,0:00,0,3,http://www.ufcstats.com/fighter-details/6fc506e1099afe20
Luan Lacerda,67,71,12,3,30,135.0,2,0,28,1,0,0:26,1,66,1,0,2:14,0,2,http://www.ufcstats.com/fighter-details/6fc506e1099afe20
Eddie Wineland,67,69,24,16,32,135.0,1,0,21,0,0,0:00,0,48,0,0,0:00,0,3,http://www.ufcstats.com/fighter-details/fc9a9559a05f2704
Eddie Wineland,67,69,24,16,34,135.0,2,0,48,0,0,0:07,0,53,0,0,0:03,0,3,http://www.ufcstats.com/fighter-details/fc9a9559a05f2704
Eddie Wineland,67,69,24,16,34,135.0,3,1,74,0,2,0:16,0,55,0,0,0:00,0,2,http://www.ufcstats.com/fighter-details/fc9a9559a05f2704
Eddie Wineland,67,69,24,16,35,135.0,4,0,4,0,0,0:00,0,13,0,1,0:00,0,1,http://www.ufcstats.com/fighter-details/fc9a9559a05f2704
Eddie Wineland,67,69,24,16,36,135.0,5,0,17,1,0,0:12,0,42,0,1,0:04,0,1,http://www.ufcstats.com/fighter-details/fc9a9559a05f2704
Eddie Wineland,67,69,24,16,37,135.0,6,0,3,0,0,0:00,0,27,0,1,0:07,0,1,http://www.ufcstats.com/fighter-details/fc9a9559a05f2704
Nyamjargal Tumendemberel,67,71,8,1,25,125.0,1,1,47,4,1,3:10,3,51,6,0,5:59,0,3,http://www.ufcstats.com/fighter-details/17cb6d8e8187f304
Nyamjargal Tumendemberel,67,71,8,1,25,125.0,2,1,24,1,0,0:12,1,7,0,0,0:00,0,1,http://www.ufcstats.com/fighter-details/17cb6d8e8187f304
Nyamjargal Tumendemberel,67,71,8,1,26,125.0,3,0,26,0,1,0:15,1,44,4,0,4:45,0,3,http://www.ufcstats.com/fighter-details/17cb6d8e8187f304
Vinicius Salvador,67,70,14,7,26,125.0,1,1,79,0,3,0:35,0,67,0,0,0:00,0,2,http://www.ufcstats.com/fighter-details/65cdf4ec31143d86
Vinicius Salvador,67,70,14,7,26,125.0,2,0,47,1,0,0:21,0,62,3,0,5:04,0,3,http://www.ufcstats.com/fighter-details/65cdf4ec31143d86
Vinicius Salvador,67,70,14,7,27,125.0,3,0,88,0,0,0:01,0,109,0,0,0:00,0,3,http://www.ufcstats.com/fighter-details/65cdf4ec31143d86
Vinicius Salvador,67,70,14,7,27,135.0,4,0,17,0,0,0:00,0,36,0,1,0:17,0,1,http://www.ufcstats.com/fighter-details/65cdf4ec31143d86
Victor Martinez,68,70,13,6,30,155.0,1,1,144,1,0,0:09,0,113,2,1,0:59,0,3,http://www.ufcstats.com/fighter-details/3e708ce33b6b18e6
Victor Martinez,68,70,13,6,31,155.0,2,0,7,0,0,0:00,0,17,0,1,0:46,0,1,http://www.ufcstats.com/fighter-details/3e708ce33b6b18e6
Victor Martinez,68,70,13,6,32,155.0,3,0,18,0,1,0:48,0,33,0,0,0:02,0,1,http://www.ufcstats.com/fighter-details/3e708ce33b6b18e6
Kyung Ho Kang,69,73,19,11,32,135.0,1,1,20,3,0,12:23,0,25,0,0,0:17,0,3,http://www.ufcstats.com/fighter-details/a7897d200692ab64
Kyung Ho Kang,69,73,19,11,34,135.0,2,0,43,0,1,1:05,0,27,3,0,10:36,1,3,http://www.ufcstats.com/fighter-details/a7897d200692ab64
Kyung Ho Kang,69,73,19,11,34,135.0,3,1,100,0,0,0:00,0,109,0,0,0:03,0,3,http://www.ufcstats.com/fighter-details/a7897d200692ab64
Kyung Ho Kang,69,73,19,11,35,135.0,4,1,22,1,1,0:40,1,13,0,0,0:00,0,1,http://www.ufcstats.com/fighter-details/a7897d200692ab64
Kyung Ho Kang,69,73,19,11,36,135.0,5,0,88,0,0,0:00,0,111,3,0,2:18,0,3,http://www.ufcstats.com/fighter-details/a7897d200692ab64
Kyung Ho Kang,69,73,19,11,36,135.0,6,0,12,3,0,4:56,0,47,1,0,6:38,0,3,http://www.ufcstats.com/fighter-details/a7897d200692ab64
Dalcha Lungiambula,68,76,11,6,32,205.0,1,0,6,0,0,0:20,0,44,1,1,5:34,0,3,http://www.ufcstats.com/fighter-details/ce632027bf2a871b
Dalcha Lungiambula,68,76,11,6,33,185.0,2,1,29,1,0,6:46,0,25,0,0,4:21,1,3,http://www.ufcstats.com/fighter-details/ce632027bf2a871b
Dalcha Lungiambula,68,76,11,6,34,185.0,3,0,85,2,0,0:32,0,118,0,0,0:31,0,3,http://www.ufcstats.com/fighter-details/ce632027bf2a871b
Dalcha Lungiambula,68,76,11,6,34,185.0,4,0,29,1,0,1:52,0,4,1,0,0:35,1,1,http://www.ufcstats.com/fighter-details/ce632027bf2a871b
Dalcha Lungiambula,68,76,11,6,34,185.0,5,0,11,2,0,1:39,0,17,0,1,0:04,0,2,http://www.ufcstats.com/fighter-details/ce632027bf2a871b
Dalcha Lungiambula,68,76,11,6,35,185.0,6,0,23,0,0,0:15,0,54,0,0,1:08,0,2,http://www.ufcstats.com/fighter-details/ce632027bf2a871b
Nick Maximov,72,76,8,2,22,265.0,1,1,37,2,0,11:14,0,5,0,0,3:27,1,3,http://www.ufcstats.com/fighter-details/12585614e0ed2626
Nick Maximov,72,76,8,2,23,185.0,2,1,14,4,0,9:21,0,28,0,0,1:55,1,3,http://www.ufcstats.com/fighter-details/12585614e0ed2626
Nick Maximov,72,76,8,2,24,185.0,3,1,29,11,0,8:45,1,45,0,0,1:37,0,3,http://www.ufcstats.com/fighter-details/12585614e0ed2626
Nick Maximov,72,76,8,2,24,185.0,4,0,4,0,0,0:00,0,1,0,0,0:23,1,1,http://www.ufcstats.com/fighter-details/12585614e0ed2626
Nick Maximov,72,76,8,2,24,185.0,5,0,34,0,0,0:04,0,83,9,0,7:37,0,3,http://www.ufcstats.com/fighter-details/12585614e0ed2626
Matt Brown,72,75,26,19,38,170.0,1,1,30,2,0,7:33,0,12,0,0,0:10,4,2,http://www.ufcstats.com/fighter-details/31123249b0bbf52e
Matt Brown,72,75,26,19,39,170.0,2,0,33,0,0,0:10,0,37,0,2,0:57,0,2,http://www.ufcstats.com/fighter-details/31123249b0bbf52e
Matt Brown,72,75,26,19,40,170.0,3,0,28,1,0,6:06,0,39,2,0,4:52,0,3,http://www.ufcstats.com/fighter-details/31123249b0bbf52e
Matt Brown,72,75,26,19,40,170.0,4,1,27,0,1,0:00,0,23,0,0,0:52,0,2,http://www.ufcstats.com/fighter-details/31123249b0bbf52e
Matt Brown,72,75,26,19,41,170.0,5,0,81,5,0,5:01,0,111,0,0,0:57,0,3,http://www.ufcstats.com/fighter-details/31123249b0bbf52e
Matt Brown,72,75,26,19,42,170.0,6,1,11,0,1,0:02,0,8,1,0,1:57,0,1,http://www.ufcstats.com/fighter-details/31123249b0bbf52e
Eli Aronov,70,72,6,1,27,185.0,1,0,11,1,0,0:24,0,8,0,0,0:00,1,1,http://www.ufcstats.com/fighter-details/a90c200c3fbb22c4
Kevin Natividad,66,70,9,4,27,135.0,1,0,33,0,0,0:00,0,48,0,1,3:03,0,3,http://www.ufcstats.com/fighter-details/0c258d1d8e16e5f1
Kevin Natividad,66,70,9,4,28,135.0,2,0,3,0,0,0:00,0,7,0,1,0:04,0,1,http://www.ufcstats.com/fighter-details/0c258d1d8e16e5f1
Kevin Natividad,66,70,9,4,29,135.0,3,0,41,7,1,5:00,0,68,2,0,6:17,1,3,http://www.ufcstats.com/fighter-details/0c258d1d8e16e5f1
Boston Salmon,69,69,6,3,26,135.0,1,1,61,0,0,0:00,0,110,0,0,0:00,0,3,http://www.ufcstats.com/fighter-details/98e946879ba20c0f
Boston Salmon,69,69,6,3,28,135.0,2,0,0,0,0,0:00,0,5,0,1,0:02,0,1,http://www.ufcstats.com/fighter-details/98e946879ba20c0f
Boston Salmon,69,69,6,3,28,135.0,3,0,12,0,0,0:43,0,22,0,2,0:07,0,1,http://www.ufcstats.com/fighter-details/98e946879ba20c0f
Alexandr Romanov,74,75,18,3,31,265.0,1,1,8,3,0,1:58,1,0,0,0,0:00,0,1,http://www.ufcstats.com/fighter-details/c0badf3243907e59
Alexandr Romanov,74,75,18,3,31,265.0,2,0,40,2,0,5:02,0,47,0,0,1:48,0,3,http://www.ufcstats.com/fighter-details/c0badf3243907e59
Alexandr Romanov,74,75,18,3,32,265.0,3,0,0,0,0,0:38,0,12,0,0,1:03,0,1,http://www.ufcstats.com/fighter-details/c0badf3243907e59
Alexandr Romanov,74,75,18,3,32,265.0,4,1,85,2,0,2:53,0,44,0,0,0:00,0,3,http://www.ufcstats.com/fighter-details/c0badf3243907e59
Alexandr Romanov,74,75,18,3,33,265.0,5,0,1,0,0,0:00,0,1,1,0,2:07,2,1,http://www.ufcstats.com/fighter-details/c0badf3243907e59
Alexandr Romanov,74,75,18,3,33,265.0,6,1,45,6,0,7:33,1,31,0,0,0:00,0,3,http://www.ufcstats.com/fighter-details/c0badf3243907e59
Ilir Latifi,70,73,17,9,36,205.0,1,0,33,0,0,0:46,0,40,0,0,0:23,0,3,http://www.ufcstats.com/fighter-details/e9a3aeb207578eea
Ilir Latifi,70,73,17,9,37,205.0,2,0,18,1,0,1:06,0,64,0,2,0:25,0,2,http://www.ufcstats.com/fighter-details/e9a3aeb207578eea
Ilir Latifi,70,73,17,9,37,265.0,3,0,5,3,0,8:48,0,20,0,0,0:41,0,3,http://www.ufcstats.com/fighter-details/e9a3aeb207578eea
Ilir Latifi,70,73,17,9,38,265.0,4,1,10,2,0,6:38,0,45,0,0,0:42,0,3,http://www.ufcstats.com/fighter-details/e9a3aeb207578eea
Ilir Latifi,70,73,17,9,40,265.0,5,1,38,3,0,8:29,0,28,0,0,0:02,0,3,http://www.ufcstats.com/fighter-details/e9a3aeb207578eea
Ilir Latifi,70,73,17,9,40,265.0,6,0,49,2,0,3:50,0,68,0,0,0:00,0,3,http://www.ufcstats.com/fighter-details/e9a3aeb207578eea
Top Noi Kiwram,65,67,9,5,29,125.0,1,1,75,0,1,0:27,0,56,2,0,6:27,2,3,http://www.ufcstats.com/fighter-details/e065b4a42a6c2c79
Top Noi Kiwram,65,67,9,5,30,125.0,2,0,22,0,1,0:11,0,4,1,0,0:43,2,1,http://www.ufcstats.com/fighter-details/e065b4a42a6c2c79
Top Noi Kiwram,65,67,9,5,30,125.0,3,0,51,6,0,5:59,0,47,4,1,3:10,3,3,http://www.ufcstats.com/fighter-details/e065b4a42a6c2c79
Jiniushiyue,66,68,13,4,22,125.0,1,1,16,1,0,1:59,0,2,0,0,0:00,1,1,http://www.ufcstats.com/fighter-details/c14a683dac2ebc4c
Jiniushiyue,66,68,13,4,22,125.0,2,1,47,1,0,0:15,0,28,0,0,0:01,0,3,http://www.ufcstats.com/fighter-details/c14a683dac2ebc4c
Jiniushiyue,66,68,13,4,23,125.0,3,0,3,0,0,0:30,0,15,1,0,2:45,3,1,http://www.ufcstats.com/fighter-details/c14a683dac2ebc4c
Jiniushiyue,66,68,13,4,23,125.0,4,0,48,0,0,0:13,0,58,1,0,1:34,0,3,http://www.ufcstats.com/fighter-details/c14a683dac2ebc4c
Mark Climaco,64,65,9,2,25,125.0,1,1,93,6,0,4:29,0,64,0,0,0:06,0,3,http://www.ufcstats.com/fighter-details/60098849c703e389
Mark Climaco,64,65,9,2,25,125.0,2,0,31,1,1,0:24,0,23,8,0,8:34,1,3,http://www.ufcstats.com/fighter-details/60098849c703e389
Ronal Siahaan,67,71,7,1,27,125.0,1,0,4,0,0,0:00,0,39,3,0,5:35,3,2,http://www.ufcstats.com/fighter-details/762226efa2b01654
Victor Altamirano,68,70,12,5,31,125.0,1,0,79,1,0,1:27,0,84,2,0,1:22,0,3,http://www.ufcstats.com/fighter-details/dc7927cd622676a7
Victor Altamirano,68,70,12,5,31,125.0,2,1,58,0,1,1:55,0,22,0,1,0:03,0,1,http://www.ufcstats.com/fighter-details/dc7927cd622676a7
Victor Altamirano,68,70,12,5,32,125.0,3,1,62,3,0,5:04,0,47,1,0,0:21,0,3,http://www.ufcstats.com/fighter-details/dc7927cd622676a7
Victor Altamirano,68,70,12,5,32,125.0,4,0,19,1,0,1:04,0,28,6,0,11:13,0,3,http://www.ufcstats.com/fighter-details/dc7927cd622676a7
Victor Altamirano,68,70,12,5,33,125.0,5,0,40,9,0,5:02,0,37,0,0,0:51,1,3,http://www.ufcstats.com/fighter-details/dc7927cd622676a7
Victor Altamirano,68,70,12,5,33,125.0,6,0,71,0,0,0:00,0,67,0,1,1:09,0,3,http://www.ufcstats.com/fighter-details/dc7927cd622676a7
Shannon Ross,66,66,13,9,33,125.0,1,0,67,0,0,0:00,0,79,0,3,0:35,0,2,http://www.ufcstats.com/fighter-details/51c655162e462ceb
Shannon Ross,66,66,13,9,33,125.0,2,0,1,0,0,0:00,0,14,0,1,0:00,0,1,http://www.ufcstats.com/fighter-details/51c655162e462ceb
Shannon Ross,66,66,13,9,34,125.0,3,0,2,0,0,0:00,0,2,0,1,0:01,0,1,http://www.ufcstats.com/fighter-details/51c655162e462ceb
Shannon Ross,66,66,13,9,34,125.0,4,0,47,0,0,0:00,0,50,0,2,3:21,0,2,http://www.ufcstats.com/fighter-details/51c655162e462ceb
Jacob Rosales,71,74,13,7,23,155.0,1,0,80,0,0,0:00,1,142,4,0,0:00,0,3,http://www.ufcstats.com/fighter-details/f7faf5b19e0dec2e
Jacob Rosales,71,74,13,7,26,155.0,2,0,113,2,1,0:59,0,144,1,0,0:09,0,3,http://www.ufcstats.com/fighter-details/f7faf5b19e0dec2e
Alex Reyes,71,73,13,5,30,170.0,1,0,6,0,0,0:18,0,11,0,1,0:02,0,1,http://www.ufcstats.com/fighter-details/dc07493a87dc0a6e
Alex Reyes,71,73,13,5,36,155.0,2,0,14,0,0,0:01,0,43,0,1,0:02,0,1,http://www.ufcstats.com/fighter-details/dc07493a87dc0a6e
Alex Reyes,71,73,13,5,37,155.0,3,0,69,2,0,4:16,0,84,0,0,0:22,1,3,http://www.ufcstats.com/fighter-details/dc07493a87dc0a6e
Nikolas Motta,69,70,15,6,29,155.0,1,0,21,0,0,0:00,0,48,0,1,0:34,0,2,http://www.ufcstats.com/fighter-details/37f560436d745c18
Nikolas Motta,69,70,15,6,29,155.0,2,1,24,0,1,0:05,0,15,0,0,0:00,0,1,http://www.ufcstats.com/fighter-details/37f560436d745c18
Nikolas Motta,69,70,15,6,30,155.0,3,0,7,0,0,0:00,0,13,0,1,0:01,0,1,http://www.ufcstats.com/fighter-details/37f560436d745c18
Nikolas Motta,69,70,15,6,30,155.0,4,1,21,0,1,0:09,0,12,0,0,0:00,0,1,http://www.ufcstats.com/fighter-details/37f560436d745c18
Nikolas Motta,69,70,15,6,31,155.0,5,1,78,0,2,1:32,0,56,0,0,0:00,0,3,http://www.ufcstats.com/fighter-details/37f560436d745c18
Nikolas Motta,69,70,15,6,32,155.0,6,0,66,0,1,0:16,0,93,0,1,1:29,0,2,http://www.ufcstats.com/fighter-details/37f560436d745c18
Rolando Bedoya,71,74,14,4,26,170.0,1,0,149,0,0,0:07,0,130,0,0,1:13,0,3,http://www.ufcstats.com/fighter-details/40a456a25d52ee65
Rolando Bedoya,71,74,14,4,26,170.0,2,0,112,0,0,0:33,0,75,0,1,0:40,0,3,http://www.ufcstats.com/fighter-details/40a456a25d52ee65
Rolando Bedoya,71,74,14,4,27,155.0,3,0,67,0,0,1:11,0,82,2,1,0:33,0,3,http://www.ufcstats.com/fighter-details/40a456a25d52ee65
Khama Worthy,71,74,16,9,32,155.0,1,1,21,0,1,0:02,0,15,0,0,0:00,0,1,http://www.ufcstats.com/fighter-details/78e501478a36a018
Khama Worthy,71,74,16,9,33,155.0,2,1,55,0,0,0:46,1,38,3,0,4:13,3,3,http://www.ufcstats.com/fighter-details/78e501478a36a018
Khama Worthy,71,74,16,9,33,155.0,3,0,1,0,0,0:00,0,16,0,0,0:06,0,1,http://www.ufcstats.com/fighter-details/78e501478a36a018
Khama Worthy,71,74,16,9,34,155.0,4,0,5,0,0,0:00,0,6,0,1,0:04,0,1,http://www.ufcstats.com/fighter-details/78e501478a36a018
Khama Worthy,71,74,16,9,35,155.0,5,0,11,0,0,0:00,0,24,0,1,0:05,0,1,http://www.ufcstats.com/fighter-details/78e501478a36a018
Leon Aliu,72,74,10,2,33,185.0,1,0,10,0,0,0:00,0,16,0,1,0:08,0,1,http://www.ufcstats.com/fighter-details/6db394bf6c3b017c
Charlie Ontiveros,74,74,11,9,29,185.0,1,0,2,0,0,0:00,0,11,2,0,2:13,0,1,http://www.ufcstats.com/fighter-details/318572f6f74b760d
Charlie Ontiveros,74,74,11,9,30,155.0,2,0,7,0,2,0:08,0,34,3,0,5:55,0,2,http://www.ufcstats.com/fighter-details/318572f6f74b760d
Charlie Ontiveros,74,74,11,9,31,155.0,3,0,22,0,0,0:00,0,37,1,0,1:24,0,1,http://www.ufcstats.com/fighter-details/318572f6f74b760d
Justin Jaynes,67,68,16,8,30,155.0,1,1,16,0,1,0:03,0,4,0,0,0:00,0,1,http://www.ufcstats.com/fighter-details/304a21d0595e1a08
Justin Jaynes,67,68,16,8,30,145.0,2,0,41,0,1,0:38,1,87,1,0,1:24,4,3,http://www.ufcstats.com/fighter-details/304a21d0595e1a08
Justin Jaynes,67,68,16,8,31,155.0,3,0,22,0,0,0:00,0,38,0,1,0:00,0,1,http://www.ufcstats.com/fighter-details/304a21d0595e1a08
Justin Jaynes,67,68,16,8,31,145.0,4,0,11,0,0,0:12,0,34,1,0,3:08,1,2,http://www.ufcstats.com/fighter-details/304a21d0595e1a08
Justin Jaynes,67,68,16,8,31,145.0,5,0,44,2,0,2:53,2,51,2,0,3:37,2,3,http://www.ufcstats.com/fighter-details/304a21d0595e1a08
Danny Chavez,68,67,11,5,33,145.0,1,1,49,4,0,2:05,0,43,0,0,1:03,0,3,http://www.ufcstats.com/fighter-details/0de720c0f1d4ab9c
Danny Chavez,68,67,11,5,33,145.0,2,0,39,1,0,0:10,0,82,2,0,6:07,0,3,http://www.ufcstats.com/fighter-details/0de720c0f1d4ab9c
Danny Chavez,68,67,11,5,35,145.0,3,0,3,0,0,0:00,0,4,0,1,0:01,0,1,http://www.ufcstats.com/fighter-details/0de720c0f1d4ab9c
Zubaira Tukhugov,68,68,20,6,24,145.0,1,1,21,1,0,0:38,0,20,0,0,0:21,0,3,http://www.ufcstats.com/fighter-details/aceffa19749c4dc0
Zubaira Tukhugov,68,68,20,6,25,145.0,2,0,29,3,0,1:54,0,44,0,0,0:05,0,3,http://www.ufcstats.com/fighter-details/aceffa19749c4dc0
Zubaira Tukhugov,68,68,20,6,29,145.0,3,1,28,0,2,0:09,0,9,0,0,0:00,0,1,http://www.ufcstats.com/fighter-details/aceffa19749c4dc0
Zubaira Tukhugov,68,68,20,6,29,145.0,4,0,35,1,0,2:03,0,69,0,0,0:00,0,3,http://www.ufcstats.com/fighter-details/aceffa19749c4dc0
Zubaira Tukhugov,68,68,20,6,30,145.0,5,1,77,2,0,0:55,0,68,0,0,0:00,0,3,http://www.ufcstats.com/fighter-details/aceffa19749c4dc0
Zubaira Tukhugov,68,68,20,6,32,155.0,6,0,70,0,0,2:11,0,69,0,0,0:00,0,3,http://www.ufcstats.com/fighter-details/aceffa19749c4dc0
Alejandro Flores,70,73,17,3,29,145.0,1,0,29,0,0,0:45,0,16,0,0,0:00,1,2,http://www.ufcstats.com/fighter-details/d23d5960ac5e117c
Steven Peterson,70,70,19,11,28,145.0,1,0,34,4,0,5:09,1,52,1,0,4:48,0,3,http://www.ufcstats.com/fighter-details/b93c06d09d1c4ac0
Steven Peterson,70,70,19,11,29,145.0,2,0,67,2,0,2:38,0,94,0,0,0:00,0,3,http://www.ufcstats.com/fighter-details/b93c06d09d1c4ac0
Steven Peterson,70,70,19,11,29,145.0,3,1,49,0,1,0:01,0,86,2,0,0:38,0,2,http://www.ufcstats.com/fighter-details/b93c06d09d1c4ac0
Steven Peterson,70,70,19,11,31,145.0,4,1,49,1,0,7:57,2,31,3,0,2:55,2,3,http://www.ufcstats.com/fighter-details/b93c06d09d1c4ac0
Steven Peterson,70,70,19,11,31,145.0,5,0,148,0,0,0:44,2,155,3,0,1:52,0,3,http://www.ufcstats.com/fighter-details/b93c06d09d1c4ac0
Steven Peterson,70,70,19,11,32,145.0,6,0,26,0,0,0:31,0,85,0,1,0:55,0,3,http://www.ufcstats.com/fighter-details/b93c06d09d1c4ac0
Chris Barnett,69,75,23,9,34,265.0,1,0,33,0,0,0:02,0,60,1,0,2:03,2,2,http://www.ufcstats.com/fighter-details/7a5e8c94a86f9895
Chris Barnett,69,75,23,9,35,265.0,2,1,38,0,1,0:12,0,30,0,0,0:08,0,2,http://www.ufcstats.com/fighter-details/7a5e8c94a86f9895
Chris Barnett,69,75,23,9,35,265.0,3,0,23,0,0,0:17,0,56,0,1,7:44,0,3,http://www.ufcstats.com/fighter-details/7a5e8c94a86f9895
Chris Barnett,69,75,23,9,36,265.0,4,1,54,0,0,1:07,0,51,1,1,1:26,1,2,http://www.ufcstats.com/fighter-details/7a5e8c94a86f9895
Chris Barnett,69,75,23,9,38,265.0,5,0,12,0,0,0:00,0,51,0,0,0:00,0,1,http://www.ufcstats.com/fighter-details/7a5e8c94a86f9895
Kevin Lee,69,77,18,8,26,155.0,1,0,102,3,0,5:25,0,111,0,0,0:14,0,5,http://www.ufcstats.com/fighter-details/ee9ebceabfd16fa7
Kevin Lee,69,77,18,8,26,170.0,2,0,35,6,0,8:42,0,60,4,0,3:53,1,4,http://www.ufcstats.com/fighter-details/ee9ebceabfd16fa7
Kevin Lee,69,77,18,8,27,155.0,3,1,21,0,1,0:01,0,9,0,0,0:00,0,1,http://www.ufcstats.com/fighter-details/ee9ebceabfd16fa7
Kevin Lee,69,77,18,8,27,155.0,4,0,41,2,0,6:30,0,43,0,0,0:11,2,3,http://www.ufcstats.com/fighter-details/ee9ebceabfd16fa7
Kevin Lee,69,77,18,8,28,170.0,5,0,56,3,0,3:34,0,120,0,0,0:45,0,3,http://www.ufcstats.com/fighter-details/ee9ebceabfd16fa7
Kevin Lee,69,77,18,8,30,170.0,6,0,3,0,0,0:00,0,11,0,1,0:20,1,1,http://www.ufcstats.com/fighter-details/ee9ebceabfd16fa7
Andreas Michailidis,72,76,13,6,31,205.0,1,0,23,0,0,0:09,0,18,0,0,0:00,0,1,http://www.ufcstats.com/fighter-details/79325a3c1a5c3bf4
Andreas Michailidis,72,76,13,6,32,185.0,2,1,73,1,0,1:59,0,70,0,0,0:12,0,3,http://www.ufcstats.com/fighter-details/79325a3c1a5c3bf4
Andreas Michailidis,72,76,13,6,33,185.0,3,0,3,2,0,3:59,0,11,0,1,0:04,0,2,http://www.ufcstats.com/fighter-details/79325a3c1a5c3bf4
Andreas Michailidis,72,76,13,6,33,170.0,4,0,18,0,0,0:39,0,45,5,0,13:00,0,3,http://www.ufcstats.com/fighter-details/79325a3c1a5c3bf4
Zachary Scroggin,75,74,7,1,28,170.0,1,0,3,0,0,0:00,0,11,0,0,0:20,0,1,http://www.ufcstats.com/fighter-details/03dee485905dbc9f
Abubakar Nurmagomedov,71,72,17,4,29,170.0,1,0,4,1,0,1:50,0,2,0,0,0:00,2,1,http://www.ufcstats.com/fighter-details/029e1293e609fd74
Abubakar Nurmagomedov,71,72,17,4,31,170.0,2,1,60,1,0,4:18,0,43,0,0,0:00,0,3,http://www.ufcstats.com/fighter-details/029e1293e609fd74
Abubakar Nurmagomedov,71,72,17,4,32,170.0,3,1,40,1,0,7:55,0,38,1,0,1:08,0,3,http://www.ufcstats.com/fighter-details/029e1293e609fd74
Abubakar Nurmagomedov,71,72,17,4,33,170.0,4,0,29,1,0,6:16,0,42,0,0,0:15,0,3,http://www.ufcstats.com/fighter-details/029e1293e609fd74
Aleksei Kunchenko,68,70,20,2,34,170.0,1,1,44,1,0,0:00,0,56,0,0,0:48,0,3,http://www.ufcstats.com/fighter-details/e2ccd9a9ace60de7
Aleksei Kunchenko,68,70,20,2,34,170.0,2,1,72,0,0,1:18,0,10,0,0,2:46,0,3,http://www.ufcstats.com/fighter-details/e2ccd9a9ace60de7
Aleksei Kunchenko,68,70,20,2,35,170.0,3,0,47,0,0,0:28,0,42,3,0,6:58,0,3,http://www.ufcstats.com/fighter-details/e2ccd9a9ace60de7
Aleksei Kunchenko,68,70,20,2,35,170.0,4,0,57,0,0,0:24,0,62,2,0,2:30,0,3,http://www.ufcstats.com/fighter-details/e2ccd9a9ace60de7
Omar Morales,71,73,11,4,34,155.0,1,1,63,0,0,0:00,0,50,0,0,0:00,0,3,http://www.ufcstats.com/fighter-details/a0e6753c42698f13
Omar Morales,71,73,11,4,34,145.0,2,0,34,0,0,1:04,0,65,0,1,0:29,0,3,http://www.ufcstats.com/fighter-details/a0e6753c42698f13
Omar Morales,71,73,11,4,35,145.0,3,1,69,2,0,1:27,0,46,1,0,3:26,0,3,http://www.ufcstats.com/fighter-details/a0e6753c42698f13
Omar Morales,71,73,11,4,35,145.0,4,0,12,0,0,0:19,0,12,6,0,5:33,1,2,http://www.ufcstats.com/fighter-details/a0e6753c42698f13
Omar Morales,71,73,11,4,36,155.0,5,0,33,0,0,0:00,0,47,0,2,0:02,0,2,http://www.ufcstats.com/fighter-details/a0e6753c42698f13
Omar Morales,71,73,11,4,37,155.0,6,0,47,0,0,0:02,0,53,5,0,6:31,0,3,http://www.ufcstats.com/fighter-details/a0e6753c42698f13
Aalon Cruz,72,78,8,4,29,145.0,1,1,132,0,1,0:00,0,92,0,0,0:00,0,3,http://www.ufcstats.com/fighter-details/003d82fa384ca1d0
Aalon Cruz,72,78,8,4,30,145.0,2,0,2,0,0,0:05,0,20,0,0,0:07,0,1,http://www.ufcstats.com/fighter-details/003d82fa384ca1d0
Aalon Cruz,72,78,8,4,31,155.0,3,0,0,0,0,0:11,0,45,0,1,0:56,0,1,http://www.ufcstats.com/fighter-details/003d82fa384ca1d0
Darrius Flowers,69,71,12,8,27,170.0,1,1,1,0,0,0:48,0,2,0,0,0:08,0,1,http://www.ufcstats.com/fighter-details/65db4065e2bc107d
Darrius Flowers,69,71,12,8,28,170.0,2,0,36,1,0,1:03,0,60,0,0,1:15,1,2,http://www.ufcstats.com/fighter-details/65db4065e2bc107d
Darrius Flowers,69,71,12,8,29,155.0,3,0,33,0,0,0:43,0,61,4,0,6:02,0,3,http://www.ufcstats.com/fighter-details/65db4065e2bc107d
Darrius Flowers,69,71,12,8,29,170.0,4,0,24,1,0,0:28,0,45,0,0,2:01,1,2,http://www.ufcstats.com/fighter-details/65db4065e2bc107d
Alan Patrick,71,74,15,4,32,155.0,1,1,25,5,0,12:21,1,15,1,0,0:36,1,3,http://www.ufcstats.com/fighter-details/cd7763bcadb5d4c8
Alan Patrick,71,74,15,4,33,155.0,2,1,7,5,0,12:12,1,2,0,0,1:32,1,3,http://www.ufcstats.com/fighter-details/cd7763bcadb5d4c8
Alan Patrick,71,74,15,4,34,155.0,3,1,28,9,0,12:26,0,20,0,0,0:48,1,3,http://www.ufcstats.com/fighter-details/cd7763bcadb5d4c8
Alan Patrick,71,74,15,4,35,155.0,4,0,25,0,0,0:13,0,73,1,1,5:36,0,3,http://www.ufcstats.com/fighter-details/cd7763bcadb5d4c8
Alan Patrick,71,74,15,4,37,155.0,5,0,19,1,0,1:43,0,61,4,0,7:31,0,3,http://www.ufcstats.com/fighter-details/cd7763bcadb5d4c8
Alan Patrick,71,74,15,4,38,155.0,6,0,22,0,0,0:12,0,30,1,1,2:01,0,2,http://www.ufcstats.com/fighter-details/cd7763bcadb5d4c8
Mark De La Rosa,66,65,11,5,23,125.0,1,1,25,2,0,2:13,1,19,0,0,0:00,0,2,http://www.ufcstats.com/fighter-details/f57dd0bfa8c17813
Mark De La Rosa,66,65,11,5,24,135.0,2,1,66,0,0,1:53,0,55,0,0,1:20,0,3,http://www.ufcstats.com/fighter-details/f57dd0bfa8c17813
Mark De La Rosa,66,65,11,5,24,135.0,3,0,26,0,0,0:00,0,60,2,0,8:14,0,3,http://www.ufcstats.com/fighter-details/f57dd0bfa8c17813
Mark De La Rosa,66,65,11,5,25,125.0,4,0,60,1,0,1:12,0,91,1,1,0:20,0,3,http://www.ufcstats.com/fighter-details/f57dd0bfa8c17813
Mark De La Rosa,66,65,11,5,25,125.0,5,0,45,0,0,0:00,0,54,0,1,1:48,0,2,http://www.ufcstats.com/fighter-details/f57dd0bfa8c17813
Mark De La Rosa,66,65,11,5,25,135.0,6,0,37,0,0,3:49,0,126,2,0,2:22,0,3,http://www.ufcstats.com/fighter-details/f57dd0bfa8c17813
Denis Tiuliulin,73,77,10,10,33,185.0,1,0,31,0,0,0:02,0,42,2,0,2:46,1,2,http://www.ufcstats.com/fighter-details/0112352cb32f5026
Denis Tiuliulin,73,77,10,10,34,185.0,2,1,73,0,2,0:59,0,60,0,0,0:35,0,2,http://www.ufcstats.com/fighter-details/0112352cb32f5026
Denis Tiuliulin,73,77,10,10,34,185.0,3,0,8,0,0,0:00,0,25,1,0,2:58,1,1,http://www.ufcstats.com/fighter-details/0112352cb32f5026
Denis Tiuliulin,73,77,10,10,35,185.0,4,0,2,0,0,0:00,0,5,1,0,0:47,0,1,http://www.ufcstats.com/fighter-details/0112352cb32f5026
Denis Tiuliulin,73,77,10,10,35,185.0,5,0,30,0,0,0:00,0,65,0,1,4:51,0,2,http://www.ufcstats.com/fighter-details/0112352cb32f5026
Denis Tiuliulin,73,77,10,10,36,185.0,6,0,26,3,0,2:27,0,49,3,0,6:00,0,3,http://www.ufcstats.com/fighter-details/0112352cb32f5026
Luke Rockhold,75,77,16,6,31,185.0,1,1,126,2,0,5:32,1,48,3,0,4:27,0,4,http://www.ufcstats.com/fighter-details/00e11b5c8b7bfeeb
Luke Rockhold,75,77,16,6,31,185.0,2,0,17,0,0,0:00,0,21,0,2,0:03,0,1,http://www.ufcstats.com/fighter-details/00e11b5c8b7bfeeb
Luke Rockhold,75,77,16,6,32,185.0,3,1,58,2,0,3:42,0,25,1,0,2:18,0,2,http://www.ufcstats.com/fighter-details/00e11b5c8b7bfeeb
Luke Rockhold,75,77,16,6,33,185.0,4,0,45,0,0,0:00,0,45,0,1,0:08,0,3,http://www.ufcstats.com/fighter-details/00e11b5c8b7bfeeb
Luke Rockhold,75,77,16,6,34,205.0,5,0,14,0,0,3:26,0,30,0,1,0:01,0,2,http://www.ufcstats.com/fighter-details/00e11b5c8b7bfeeb
Luke Rockhold,75,77,16,6,37,185.0,6,0,51,1,0,0:47,0,73,2,0,5:28,0,3,http://www.ufcstats.com/fighter-details/00e11b5c8b7bfeeb
Alessio Di Chirico,72,74,13,7,29,185.0,1,0,51,2,0,1:42,0,58,0,0,3:20,0,3,http://www.ufcstats.com/fighter-details/77d7295d1b22c694
Alessio Di Chirico,72,74,13,7,29,185.0,2,0,36,0,0,0:43,0,54,0,0,0:38,0,3,http://www.ufcstats.com/fighter-details/77d7295d1b22c694
Alessio Di Chirico,72,74,13,7,30,185.0,3,0,53,0,0,0:00,0,54,0,1,0:00,0,3,http://www.ufcstats.com/fighter-details/77d7295d1b22c694
Alessio Di Chirico,72,74,13,7,31,185.0,4,1,12,0,1,0:01,0,3,0,0,0:00,0,1,http://www.ufcstats.com/fighter-details/77d7295d1b22c694
Alessio Di Chirico,72,74,13,7,31,185.0,5,0,1,0,0,0:00,0,1,0,1,0:00,0,1,http://www.ufcstats.com/fighter-details/77d7295d1b22c694
Alessio Di Chirico,72,74,13,7,32,185.0,6,0,39,0,0,1:02,0,59,0,1,0:01,0,3,http://www.ufcstats.com/fighter-details/77d7295d1b22c694
Brad Riddell,67,71,10,4,28,155.0,1,1,38,1,1,2:02,0,28,8,0,7:03,0,3,http://www.ufcstats.com/fighter-details/37ed1ab2f8b819f4
Brad Riddell,67,71,10,4,28,155.0,2,1,67,1,0,1:24,0,54,3,0,5:17,1,3,http://www.ufcstats.com/fighter-details/37ed1ab2f8b819f4
Brad Riddell,67,71,10,4,29,155.0,3,1,89,5,0,2:30,0,73,1,0,1:05,0,3,http://www.ufcstats.com/fighter-details/37ed1ab2f8b819f4
Brad Riddell,67,71,10,4,30,155.0,4,0,59,1,0,0:14,0,66,0,0,0:09,0,3,http://www.ufcstats.com/fighter-details/37ed1ab2f8b819f4
Brad Riddell,67,71,10,4,30,155.0,5,0,2,0,0,0:00,0,3,0,0,0:13,1,1,http://www.ufcstats.com/fighter-details/37ed1ab2f8b819f4
Brad Riddell,67,71,10,4,31,155.0,6,0,14,0,0,0:14,0,10,0,0,0:34,1,1,http://www.ufcstats.com/fighter-details/37ed1ab2f8b819f4
Mike Grundy,67,72,12,4,32,145.0,1,1,33,1,1,1:03,0,22,0,0,0:00,0,2,http://www.ufcstats.com/fighter-details/56fcb2c4d99f9d1b
Mike Grundy,67,72,12,4,33,145.0,2,0,20,6,0,2:35,1,79,0,0,0:48,0,3,http://www.ufcstats.com/fighter-details/56fcb2c4d99f9d1b
Mike Grundy,67,72,12,4,34,145.0,3,0,32,3,0,2:37,0,80,1,0,0:23,0,3,http://www.ufcstats.com/fighter-details/56fcb2c4d99f9d1b
Mike Grundy,67,72,12,4,35,145.0,4,0,0,1,0,0:31,0,0,0,0,0:15,1,1,http://www.ufcstats.com/fighter-details/56fcb2c4d99f9d1b
Yoel Romero,72,73,13,5,39,185.0,1,1,18,2,1,1:53,0,12,1,0,0:25,0,3,http://www.ufcstats.com/fighter-details/f77c68bb4be8516d
Yoel Romero,72,73,13,5,40,185.0,2,0,48,4,0,5:15,0,74,0,0,1:34,0,5,http://www.ufcstats.com/fighter-details/f77c68bb4be8516d
Yoel Romero,72,73,13,5,40,185.0,3,1,45,0,1,0:08,0,45,0,0,0:00,0,3,http://www.ufcstats.com/fighter-details/f77c68bb4be8516d
Yoel Romero,72,73,13,5,41,185.0,4,0,111,3,2,4:21,0,128,0,0,0:37,0,5,http://www.ufcstats.com/fighter-details/f77c68bb4be8516d
Yoel Romero,72,73,13,5,42,185.0,5,0,125,1,1,0:13,0,118,0,1,0:06,0,3,http://www.ufcstats.com/fighter-details/f77c68bb4be8516d
Yoel Romero,72,73,13,5,42,185.0,6,0,40,0,0,0:00,0,48,0,0,0:00,0,5,http://www.ufcstats.com/fighter-details/f77c68bb4be8516d
David Branch,73,78,22,6,29,185.0,1,0,6,1,0,3:19,0,2,0,0,0:26,3,2,http://www.ufcstats.com/fighter-details/d2c55d1d2e67773b
David Branch,73,78,22,6,35,185.0,2,1,39,2,0,5:12,0,28,1,0,0:57,0,3,http://www.ufcstats.com/fighter-details/d2c55d1d2e67773b
David Branch,73,78,22,6,35,185.0,3,0,25,1,0,2:18,0,58,2,0,3:42,0,2,http://www.ufcstats.com/fighter-details/d2c55d1d2e67773b
David Branch,73,78,22,6,36,185.0,4,1,5,0,1,0:02,0,14,0,0,0:00,0,1,http://www.ufcstats.com/fighter-details/d2c55d1d2e67773b
David Branch,73,78,22,6,37,185.0,5,0,10,3,0,1:59,0,26,0,1,0:42,0,2,http://www.ufcstats.com/fighter-details/d2c55d1d2e67773b
David Branch,73,78,22,6,37,185.0,6,0,1,0,0,0:04,0,3,1,0,0:10,1,1,http://www.ufcstats.com/fighter-details/d2c55d1d2e67773b
Michael Bisping,73,75,30,9,36,185.0,1,1,115,0,0,0:35,0,79,1,0,0:58,0,5,http://www.ufcstats.com/fighter-details/2b93ebd9f5417ad2
Michael Bisping,73,75,30,9,36,185.0,2,1,108,0,1,0:44,0,75,0,1,0:05,0,5,http://www.ufcstats.com/fighter-details/2b93ebd9f5417ad2
Michael Bisping,73,75,30,9,37,185.0,3,1,21,0,2,0:03,0,17,0,0,0:00,0,1,http://www.ufcstats.com/fighter-details/2b93ebd9f5417ad2
Michael Bisping,73,75,30,9,37,185.0,4,1,119,0,0,0:01,0,81,1,2,1:43,0,5,http://www.ufcstats.com/fighter-details/2b93ebd9f5417ad2
Michael Bisping,73,75,30,9,38,185.0,5,0,27,0,0,0:00,0,59,3,1,3:16,1,3,http://www.ufcstats.com/fighter-details/2b93ebd9f5417ad2
Michael Bisping,73,75,30,9,38,185.0,6,0,7,0,0,0:00,0,14,0,1,0:07,0,1,http://www.ufcstats.com/fighter-details/2b93ebd9f5417ad2
Chris Weidman,74,78,16,8,35,205.0,1,0,3,1,0,1:10,0,8,0,1,0:09,0,1,http://www.ufcstats.com/fighter-details/3a8176e15b9887c1
Chris Weidman,74,78,16,8,36,185.0,2,1,29,5,0,8:17,0,33,4,0,1:34,0,3,http://www.ufcstats.com/fighter-details/3a8176e15b9887c1
Chris Weidman,74,78,16,8,36,185.0,3,0,1,0,0,0:00,0,0,0,0,0:00,0,1,http://www.ufcstats.com/fighter-details/3a8176e15b9887c1
Chris Weidman,74,78,16,8,39,185.0,4,0,37,0,0,1:21,0,70,0,0,0:00,0,3,http://www.ufcstats.com/fighter-details/3a8176e15b9887c1
Chris Weidman,74,78,16,8,39,185.0,5,1,75,1,1,3:15,0,30,0,0,0:00,0,3,http://www.ufcstats.com/fighter-details/3a8176e15b9887c1
Chris Weidman,74,78,16,8,40,185.0,6,0,16,0,1,2:15,1,62,0,0,4:24,0,2,http://www.ufcstats.com/fighter-details/3a8176e15b9887c1
Zak Cummings,72,75,25,7,33,170.0,1,0,28,0,0,2:13,0,30,3,0,2:44,0,3,http://www.ufcstats.com/fighter-details/4ba8d454f762005d
Zak Cummings,72,75,25,7,34,185.0,2,1,56,0,1,2:05,0,54,0,0,2:06,0,3,http://www.ufcstats.com/fighter-details/4ba8d454f762005d
Zak Cummings,72,75,25,7,34,185.0,3,1,34,0,1,0:26,1,31,0,0,0:23,0,3,http://www.ufcstats.com/fighter-details/4ba8d454f762005d
Zak Cummings,72,75,25,7,35,185.0,4,0,17,0,0,0:00,0,26,2,0,3:39,0,3,http://www.ufcstats.com/fighter-details/4ba8d454f762005d
Zak Cummings,72,75,25,7,36,185.0,5,1,54,0,1,0:00,0,53,0,0,0:00,0,3,http://www.ufcstats.com/fighter-details/4ba8d454f762005d
Zak Cummings,72,75,25,7,38,205.0,6,1,100,0,3,3:18,0,54,0,0,0:00,0,3,http://www.ufcstats.com/fighter-details/4ba8d454f762005d
Shamil Abdurakhimov,75,76,20,8,37,265.0,1,1,32,2,0,3:26,0,18,2,0,0:18,0,3,http://www.ufcstats.com/fighter-details/2f5cbecbbe18bac4
Shamil Abdurakhimov,75,76,20,8,37,265.0,2,1,36,0,1,0:00,0,28,0,0,0:00,0,2,http://www.ufcstats.com/fighter-details/2f5cbecbbe18bac4
Shamil Abdurakhimov,75,76,20,8,38,265.0,3,0,3,0,0,0:00,0,25,5,0,6:07,0,2,http://www.ufcstats.com/fighter-details/2f5cbecbbe18bac4
Shamil Abdurakhimov,75,76,20,8,40,265.0,4,0,23,0,0,0:00,0,38,0,2,0:48,0,2,http://www.ufcstats.com/fighter-details/2f5cbecbbe18bac4
Shamil Abdurakhimov,75,76,20,8,40,265.0,5,0,17,0,0,0:00,0,21,0,1,0:12,0,1,http://www.ufcstats.com/fighter-details/2f5cbecbbe18bac4
Shamil Abdurakhimov,75,76,20,8,41,265.0,6,0,1,0,0,0:00,0,45,3,0,7:28,0,2,http://www.ufcstats.com/fighter-details/2f5cbecbbe18bac4
Krzysztof Jotko,73,77,24,6,29,185.0,1,1,40,1,0,4:49,0,39,1,0,2:16,0,3,http://www.ufcstats.com/fighter-details/4e06913c91da5200
Krzysztof Jotko,73,77,24,6,30,185.0,2,1,66,0,0,0:46,0,41,0,0,5:51,0,3,http://www.ufcstats.com/fighter-details/4e06913c91da5200
Krzysztof Jotko,73,77,24,6,31,185.0,3,0,37,0,0,0:00,0,84,0,0,0:00,0,3,http://www.ufcstats.com/fighter-details/4e06913c91da5200
Krzysztof Jotko,73,77,24,6,32,185.0,4,1,41,1,0,0:44,0,41,5,0,4:06,0,3,http://www.ufcstats.com/fighter-details/4e06913c91da5200
Krzysztof Jotko,73,77,24,6,32,185.0,5,1,65,4,0,5:25,0,37,1,0,1:54,0,3,http://www.ufcstats.com/fighter-details/4e06913c91da5200
Krzysztof Jotko,73,77,24,6,33,185.0,6,0,3,0,0,1:33,0,3,1,0,2:24,1,1,http://www.ufcstats.com/fighter-details/4e06913c91da5200
Jussier Formiga,65,67,23,8,32,125.0,1,1,27,2,1,4:03,1,21,0,0,0:55,0,3,http://www.ufcstats.com/fighter-details/b102c26727306ab6
Jussier Formiga,65,67,23,8,33,125.0,2,1,18,2,0,7:26,0,30,0,0,0:00,0,3,http://www.ufcstats.com/fighter-details/b102c26727306ab6
Jussier Formiga,65,67,23,8,33,125.0,3,1,26,3,0,6:41,0,14,0,0,0:11,0,3,http://www.ufcstats.com/fighter-details/b102c26727306ab6
Jussier Formiga,65,67,23,8,34,125.0,4,0,15,1,0,0:26,0,50,0,1,2:03,0,2,http://www.ufcstats.com/fighter-details/b102c26727306ab6
Jussier Formiga,65,67,23,8,34,125.0,5,0,15,1,0,4:13,1,33,0,0,3:45,0,3,http://www.ufcstats.com/fighter-details/b102c26727306ab6
Jussier Formiga,65,67,23,8,35,125.0,6,0,18,0,0,0:00,0,29,0,2,0:04,0,1,http://www.ufcstats.com/fighter-details/b102c26727306ab6
Josh Parisian,76,79,15,8,31,265.0,1,1,79,1,0,4:23,0,64,0,0,4:19,1,3,http://www.ufcstats.com/fighter-details/b5da8f7d05e85a55
Josh Parisian,76,79,15,8,32,265.0,2,0,10,0,0,0:21,0,25,6,0,11:32,0,3,http://www.ufcstats.com/fighter-details/b5da8f7d05e85a55
Josh Parisian,76,79,15,8,32,265.0,3,1,42,3,0,3:09,0,49,0,1,1:43,0,2,http://www.ufcstats.com/fighter-details/b5da8f7d05e85a55
Josh Parisian,76,79,15,8,33,265.0,4,0,37,1,0,1:12,0,33,5,0,5:49,0,3,http://www.ufcstats.com/fighter-details/b5da8f7d05e85a55
Josh Parisian,76,79,15,8,34,265.0,5,0,26,0,0,0:13,0,42,1,0,1:56,1,1,http://www.ufcstats.com/fighter-details/b5da8f7d05e85a55
Josh Parisian,76,79,15,8,34,265.0,6,0,2,0,0,0:00,0,7,0,1,0:02,0,1,http://www.ufcstats.com/fighter-details/b5da8f7d05e85a55
Phillip Latu,75,76,6,2,33,205.0,1,0,25,0,0,0:00,0,52,0,1,0:59,0,2,http://www.ufcstats.com/fighter-details/09224b76d27007ee
Gilbert Urbina,75,75,7,4,25,185.0,1,0,45,2,0,2:40,0,46,1,0,1:22,1,2,http://www.ufcstats.com/fighter-details/b12fb759e02378de
Gilbert Urbina,75,75,7,4,27,170.0,2,1,51,2,1,3:06,1,16,0,0,0:05,0,2,http://www.ufcstats.com/fighter-details/b12fb759e02378de
Gilbert Urbina,75,75,7,4,27,170.0,3,0,16,0,0,0:05,0,30,0,2,0:08,0,1,http://www.ufcstats.com/fighter-details/b12fb759e02378de
Blood Diamond,71,76,3,3,33,170.0,1,0,1,0,0,0:03,0,15,1,0,4:25,1,1,http://www.ufcstats.com/fighter-details/9edf2c9082cc2cd8
Blood Diamond,71,76,3,3,34,170.0,2,0,63,0,0,1:08,0,25,3,0,9:26,0,3,http://www.ufcstats.com/fighter-details/9edf2c9082cc2cd8
Blood Diamond,71,76,3,3,35,170.0,3,0,44,0,0,0:21,0,35,1,0,9:41,0,3,http://www.ufcstats.com/fighter-details/9edf2c9082cc2cd8
Joseph Benavidez,64,65,28,8,34,125.0,1,1,35,1,0,1:15,0,14,1,0,0:03,0,1,http://www.ufcstats.com/fighter-details/80eacd4da0617c57
Joseph Benavidez,64,65,28,8,34,125.0,2,1,21,7,1,6:50,0,49,3,0,3:03,0,3,http://www.ufcstats.com/fighter-details/80eacd4da0617c57
Joseph Benavidez,64,65,28,8,34,125.0,3,1,50,0,1,2:03,0,15,1,0,0:26,0,2,http://www.ufcstats.com/fighter-details/80eacd4da0617c57
Joseph Benavidez,64,65,28,8,35,125.0,4,0,46,0,0,0:10,0,25,1,1,0:27,1,2,http://www.ufcstats.com/fighter-details/80eacd4da0617c57
Joseph Benavidez,64,65,28,8,35,125.0,5,0,18,0,0,0:00,0,35,0,2,2:23,4,1,http://www.ufcstats.com/fighter-details/80eacd4da0617c57
Joseph Benavidez,64,65,28,8,36,125.0,6,0,46,0,0,0:00,0,58,5,0,5:00,0,3,http://www.ufcstats.com/fighter-details/80eacd4da0617c57
Sergio Pettis,66,69,18,5,23,125.0,1,1,76,0,0,0:13,0,45,4,0,7:48,0,5,http://www.ufcstats.com/fighter-details/de75d1c45a39e221
Sergio Pettis,66,69,18,5,24,125.0,2,0,25,0,0,0:00,0,36,3,0,9:35,0,3,http://www.ufcstats.com/fighter-details/de75d1c45a39e221
Sergio Pettis,66,69,18,5,24,125.0,3,1,74,0,0,0:00,0,59,2,0,4:24,0,3,http://www.ufcstats.com/fighter-details/de75d1c45a39e221
Sergio Pettis,66,69,18,5,25,125.0,4,0,30,0,0,0:00,0,18,2,0,7:26,0,3,http://www.ufcstats.com/fighter-details/de75d1c45a39e221
Sergio Pettis,66,69,18,5,25,135.0,5,0,71,1,0,0:16,0,111,2,0,4:51,1,3,http://www.ufcstats.com/fighter-details/de75d1c45a39e221
Sergio Pettis,66,69,18,5,26,125.0,6,1,96,0,0,0:02,0,40,0,0,0:46,0,3,http://www.ufcstats.com/fighter-details/de75d1c45a39e221
Ben Nguyen,65,65,16,8,27,125.0,1,1,11,0,0,2:18,2,1,0,0,0:00,0,1,http://www.ufcstats.com/fighter-details/840d2c82ea68b9aa
Ben Nguyen,65,65,16,8,27,125.0,2,0,4,0,0,1:49,1,82,3,0,7:03,7,2,http://www.ufcstats.com/fighter-details/840d2c82ea68b9aa
Ben Nguyen,65,65,16,8,28,125.0,3,1,105,0,1,0:02,0,22,1,0,0:38,0,3,http://www.ufcstats.com/fighter-details/840d2c82ea68b9aa
Ben Nguyen,65,65,16,8,28,125.0,4,1,3,1,0,0:31,1,1,0,0,0:00,0,1,http://www.ufcstats.com/fighter-details/840d2c82ea68b9aa
Ben Nguyen,65,65,16,8,29,125.0,5,0,21,0,0,0:55,0,27,2,1,4:03,1,3,http://www.ufcstats.com/fighter-details/840d2c82ea68b9aa
Ben Nguyen,65,65,16,8,30,125.0,6,0,39,0,0,0:25,0,32,7,0,5:57,1,3,http://www.ufcstats.com/fighter-details/840d2c82ea68b9aa
Robelis Despaigne,79,84,5,2,35,265.0,1,1,7,0,1,0:02,0,2,0,0,0:00,0,1,http://www.ufcstats.com/fighter-details/140567899d98978a
Robelis Despaigne,79,84,5,2,35,265.0,2,0,26,0,0,0:19,0,52,3,0,9:49,1,3,http://www.ufcstats.com/fighter-details/140567899d98978a
Robelis Despaigne,79,84,5,2,36,265.0,3,0,31,0,0,0:00,0,23,3,0,8:58,0,3,http://www.ufcstats.com/fighter-details/140567899d98978a
Alan Baudot,75,79,8,3,32,265.0,1,0,3,0,0,0:00,0,16,1,0,0:30,0,1,http://www.ufcstats.com/fighter-details/c9a94278df042f46
Alan Baudot,75,79,8,3,34,265.0,2,0,55,0,0,0:24,0,43,2,0,6:34,0,3,http://www.ufcstats.com/fighter-details/c9a94278df042f46
Alan Baudot,75,79,8,3,34,265.0,3,0,49,0,1,1:43,0,42,3,0,3:09,0,2,http://www.ufcstats.com/fighter-details/c9a94278df042f46
Roque Martinez,70,72,15,8,34,265.0,1,0,7,0,0,0:00,0,55,4,0,8:15,2,2,http://www.ufcstats.com/fighter-details/2c5a0b8317f8f27a
Roque Martinez,70,72,15,8,34,265.0,2,0,58,1,0,2:52,0,59,1,0,2:27,0,3,http://www.ufcstats.com/fighter-details/2c5a0b8317f8f27a
Roque Martinez,70,72,15,8,35,265.0,3,0,64,0,0,4:19,1,79,1,0,4:23,0,3,http://www.ufcstats.com/fighter-details/2c5a0b8317f8f27a
Andrei Arlovski,75,77,34,24,43,265.0,1,1,64,0,0,0:00,0,70,0,0,2:44,0,3,http://www.ufcstats.com/fighter-details/3738e68d2261e60f
Andrei Arlovski,75,77,34,24,43,265.0,2,1,91,0,0,0:01,0,93,2,0,3:38,0,3,http://www.ufcstats.com/fighter-details/3738e68d2261e60f
Andrei Arlovski,75,77,34,24,43,265.0,3,0,2,0,0,0:00,0,6,0,1,1:30,1,1,http://www.ufcstats.com/fighter-details/3738e68d2261e60f
Andrei Arlovski,75,77,34,24,44,265.0,4,0,24,0,0,0:00,0,25,0,1,0:02,0,2,http://www.ufcstats.com/fighter-details/3738e68d2261e60f
Andrei Arlovski,75,77,34,24,44,265.0,5,0,58,0,0,0:00,0,49,0,0,0:00,0,3,http://www.ufcstats.com/fighter-details/3738e68d2261e60f
Andrei Arlovski,75,77,34,24,45,265.0,6,0,74,0,0,4:58,0,54,0,0,2:40,0,3,http://www.ufcstats.com/fighter-details/3738e68d2261e60f
Jake Collier,75,78,13,10,32,265.0,1,0,130,0,0,0:00,0,94,0,0,0:02,0,3,http://www.ufcstats.com/fighter-details/92fa1401b7927da3
Jake Collier,75,78,13,10,33,265.0,2,1,20,1,0,1:07,1,10,0,0,0:00,0,1,http://www.ufcstats.com/fighter-details/92fa1401b7927da3
Jake Collier,75,78,13,10,33,265.0,3,0,93,2,0,3:38,0,91,0,0,0:01,0,3,http://www.ufcstats.com/fighter-details/92fa1401b7927da3
Jake Collier,75,78,13,10,33,265.0,4,0,51,1,1,1:26,1,54,0,0,1:07,0,2,http://www.ufcstats.com/fighter-details/92fa1401b7927da3
Jake Collier,75,78,13,10,34,265.0,5,0,94,0,0,4:31,0,98,0,0,1:45,0,3,http://www.ufcstats.com/fighter-details/92fa1401b7927da3
Jake Collier,75,78,13,10,34,265.0,6,0,87,0,0,0:53,2,85,1,0,3:07,0,3,http://www.ufcstats.com/fighter-details/92fa1401b7927da3
Nate Diaz,72,76,22,13,30,170.0,1,1,77,1,0,1:10,2,61,0,0,0:39,0,2,http://www.ufcstats.com/fighter-details/8355922d564b152c
Nate Diaz,72,76,22,13,31,170.0,2,0,166,1,0,5:50,0,164,0,3,1:31,0,5,http://www.ufcstats.com/fighter-details/8355922d564b152c
Nate Diaz,72,76,22,13,34,170.0,3,1,114,1,1,5:58,0,69,0,0,1:49,1,3,http://www.ufcstats.com/fighter-details/8355922d564b152c
Nate Diaz,72,76,22,13,34,170.0,4,0,43,0,0,0:44,0,112,1,2,6:56,0,3,http://www.ufcstats.com/fighter-details/8355922d564b152c
Nate Diaz,72,76,22,13,36,170.0,5,0,76,0,0,1:53,0,77,4,0,4:59,0,5,http://www.ufcstats.com/fighter-details/8355922d564b152c
Nate Diaz,72,76,22,13,37,170.0,6,1,101,0,0,0:00,1,80,1,0,0:08,0,4,http://www.ufcstats.com/fighter-details/8355922d564b152c
Yizha,67,71,25,5,25,145.0,1,1,32,6,0,3:47,2,32,6,0,4:33,0,3,http://www.ufcstats.com/fighter-details/3f11fd1751fa83b1
Yizha,67,71,25,5,26,145.0,2,0,24,5,0,8:19,0,25,0,0,0:50,0,3,http://www.ufcstats.com/fighter-details/3f11fd1751fa83b1
Yizha,67,71,25,5,26,145.0,3,1,7,0,0,0:42,1,1,1,0,1:03,0,1,http://www.ufcstats.com/fighter-details/3f11fd1751fa83b1
Yizha,67,71,25,5,26,145.0,4,1,62,2,0,1:58,0,43,1,0,2:23,0,3,http://www.ufcstats.com/fighter-details/3f11fd1751fa83b1
Yizha,67,71,25,5,27,145.0,5,1,13,0,0,0:20,1,9,1,0,0:19,0,1,http://www.ufcstats.com/fighter-details/3f11fd1751fa83b1
Yizha,67,71,25,5,27,145.0,6,0,41,0,0,0:04,0,76,2,1,6:35,0,3,http://www.ufcstats.com/fighter-details/3f11fd1751fa83b1
Ismail Naurdiev,70,74,24,8,22,170.0,1,1,63,0,0,3:49,1,15,3,0,5:59,0,3,http://www.ufcstats.com/fighter-details/6a96ad1bc34fb113
Ismail Naurdiev,70,74,24,8,22,170.0,2,0,21,2,0,0:22,0,4,2,0,11:15,0,3,http://www.ufcstats.com/fighter-details/6a96ad1bc34fb113
Ismail Naurdiev,70,74,24,8,23,170.0,3,1,69,3,0,5:44,0,12,0,0,0:00,0,3,http://www.ufcstats.com/fighter-details/6a96ad1bc34fb113
Ismail Naurdiev,70,74,24,8,23,170.0,4,0,37,0,0,0:18,0,47,4,0,7:58,1,3,http://www.ufcstats.com/fighter-details/6a96ad1bc34fb113
Ismail Naurdiev,70,74,24,8,28,185.0,5,1,66,3,0,5:51,0,36,0,0,0:00,0,3,http://www.ufcstats.com/fighter-details/6a96ad1bc34fb113
Ismail Naurdiev,70,74,24,8,28,185.0,6,0,76,1,0,1:25,0,45,2,0,6:39,1,3,http://www.ufcstats.com/fighter-details/6a96ad1bc34fb113
Matt Sayles,67,68,8,4,24,145.0,1,1,34,0,1,0:00,0,3,0,0,0:00,0,1,http://www.ufcstats.com/fighter-details/5b8ba8f5512893b1
Matt Sayles,67,68,8,4,24,145.0,2,0,77,0,0,1:07,0,73,0,0,0:03,0,3,http://www.ufcstats.com/fighter-details/5b8ba8f5512893b1
Matt Sayles,67,68,8,4,25,145.0,3,1,75,0,0,2:47,1,26,2,0,3:47,4,3,http://www.ufcstats.com/fighter-details/5b8ba8f5512893b1
Matt Sayles,67,68,8,4,25,145.0,4,0,2,0,0,0:00,0,6,1,0,4:00,1,1,http://www.ufcstats.com/fighter-details/5b8ba8f5512893b1
Matt Sayles,67,68,8,4,27,155.0,5,0,13,1,0,1:14,1,9,1,0,2:48,3,2,http://www.ufcstats.com/fighter-details/5b8ba8f5512893b1
Marlon Moraes,66,67,23,10,31,135.0,1,0,57,0,0,0:00,0,90,1,0,2:40,1,3,http://www.ufcstats.com/fighter-details/fea79f9bc8c68769
Marlon Moraes,66,67,23,10,31,135.0,2,1,59,1,0,0:21,0,58,0,0,0:00,0,3,http://www.ufcstats.com/fighter-details/fea79f9bc8c68769
Marlon Moraes,66,67,23,10,32,135.0,3,0,14,1,0,0:09,0,38,0,1,0:04,0,2,http://www.ufcstats.com/fighter-details/fea79f9bc8c68769
Marlon Moraes,66,67,23,10,32,135.0,4,0,9,2,0,2:31,0,30,0,1,0:38,0,1,http://www.ufcstats.com/fighter-details/fea79f9bc8c68769
Marlon Moraes,66,67,23,10,33,135.0,5,0,29,0,1,0:30,0,69,4,0,6:00,0,2,http://www.ufcstats.com/fighter-details/fea79f9bc8c68769
Marlon Moraes,66,67,23,10,33,135.0,6,0,9,0,0,0:00,0,14,0,1,0:00,0,1,http://www.ufcstats.com/fighter-details/fea79f9bc8c68769
Jamey Simmons,66,70,7,4,28,145.0,1,0,2,0,0,0:44,0,8,0,1,0:09,0,1,http://www.ufcstats.com/fighter-details/f0fad0e9f3b65752
Jamey Simmons,66,70,7,4,28,135.0,2,0,7,0,0,0:00,0,14,2,0,2:04,3,2,http://www.ufcstats.com/fighter-details/f0fad0e9f3b65752
Askar Askarov,66,67,14,1,27,125.0,1,1,73,0,0,4:05,0,47,3,0,2:02,0,3,http://www.ufcstats.com/fighter-details/b1d19449397541dc
Askar Askarov,66,67,14,1,27,125.0,2,1,41,2,0,5:11,0,32,1,0,2:17,0,3,http://www.ufcstats.com/fighter-details/b1d19449397541dc
Askar Askarov,66,67,14,1,28,125.0,3,1,58,5,0,5:00,0,46,0,0,0:00,0,3,http://www.ufcstats.com/fighter-details/b1d19449397541dc
Askar Askarov,66,67,14,1,29,125.0,4,0,27,2,0,5:14,2,51,0,0,0:00,0,3,http://www.ufcstats.com/fighter-details/b1d19449397541dc
Muhammad Mokaev,67,70,13,0,21,125.0,1,1,12,12,0,11:44,0,12,0,0,0:27,0,3,http://www.ufcstats.com/fighter-details/75353550928a7921
Muhammad Mokaev,67,70,13,0,22,125.0,2,1,21,6,0,10:18,1,17,1,0,2:49,1,3,http://www.ufcstats.com/fighter-details/75353550928a7921
Muhammad Mokaev,67,70,13,0,22,125.0,3,1,16,4,0,8:15,2,9,0,0,0:50,2,3,http://www.ufcstats.com/fighter-details/75353550928a7921
Muhammad Mokaev,67,70,13,0,23,125.0,4,1,14,3,0,8:24,1,30,1,0,2:23,2,3,http://www.ufcstats.com/fighter-details/75353550928a7921
Muhammad Mokaev,67,70,13,0,23,125.0,5,1,47,3,0,4:29,0,30,0,0,3:44,0,3,http://www.ufcstats.com/fighter-details/75353550928a7921
Muhammad Mokaev,67,70,13,0,23,125.0,6,1,30,3,0,2:11,0,20,0,0,0:04,0,3,http://www.ufcstats.com/fighter-details/75353550928a7921
Scott Holtzman,69,69,14,6,35,155.0,1,0,54,0,0,0:17,0,71,5,0,6:47,1,3,http://www.ufcstats.com/fighter-details/df1eb4354d18a906
Scott Holtzman,69,69,14,6,35,155.0,2,1,44,1,1,4:54,0,16,1,0,0:35,0,2,http://www.ufcstats.com/fighter-details/df1eb4354d18a906
Scott Holtzman,69,69,14,6,36,155.0,3,1,88,1,0,4:57,0,58,0,0,0:27,0,3,http://www.ufcstats.com/fighter-details/df1eb4354d18a906
Scott Holtzman,69,69,14,6,36,155.0,4,0,9,0,0,0:24,0,36,0,1,1:57,0,1,http://www.ufcstats.com/fighter-details/df1eb4354d18a906
Scott Holtzman,69,69,14,6,37,155.0,5,0,10,0,0,0:00,0,39,2,1,0:50,0,2,http://www.ufcstats.com/fighter-details/df1eb4354d18a906
Scott Holtzman,69,69,14,6,39,155.0,6,0,65,0,0,0:18,0,66,4,0,5:35,0,3,http://www.ufcstats.com/fighter-details/df1eb4354d18a906
Claudio Ribeiro,73,77,11,5,30,185.0,1,1,4,0,1,0:00,0,0,0,0,0:00,0,1,http://www.ufcstats.com/fighter-details/972c456ff38b2015
Claudio Ribeiro,73,77,11,5,30,185.0,2,0,19,0,0,0:16,0,17,0,1,3:09,0,2,http://www.ufcstats.com/fighter-details/972c456ff38b2015
Claudio Ribeiro,73,77,11,5,30,185.0,3,1,37,1,1,3:07,0,17,1,0,2:30,0,2,http://www.ufcstats.com/fighter-details/972c456ff38b2015
Claudio Ribeiro,73,77,11,5,31,185.0,4,0,32,0,0,0:16,0,32,0,1,0:03,0,2,http://www.ufcstats.com/fighter-details/972c456ff38b2015
Claudio Ribeiro,73,77,11,5,31,185.0,5,0,4,0,0,1:03,0,65,1,0,2:15,0,2,http://www.ufcstats.com/fighter-details/972c456ff38b2015
Michel Prazeres,66,67,26,4,36,155.0,1,1,26,4,0,8:51,1,10,0,0,0:20,0,3,http://www.ufcstats.com/fighter-details/e51fcd9cd84c0b93
Michel Prazeres,66,67,26,4,36,155.0,2,1,36,3,0,3:55,3,33,3,0,2:45,0,3,http://www.ufcstats.com/fighter-details/e51fcd9cd84c0b93
Michel Prazeres,66,67,26,4,36,170.0,3,1,30,3,0,2:44,0,28,0,0,2:13,0,3,http://www.ufcstats.com/fighter-details/e51fcd9cd84c0b93
Michel Prazeres,66,67,26,4,37,170.0,4,1,18,1,1,0:46,1,1,0,0,0:00,0,1,http://www.ufcstats.com/fighter-details/e51fcd9cd84c0b93
Michel Prazeres,66,67,26,4,37,170.0,5,0,15,3,0,5:59,0,63,0,0,3:49,1,3,http://www.ufcstats.com/fighter-details/e51fcd9cd84c0b93
Michel Prazeres,66,67,26,4,39,170.0,6,0,6,0,0,0:58,0,21,1,0,3:25,1,2,http://www.ufcstats.com/fighter-details/e51fcd9cd84c0b93
Da Woon Jung,76,78,15,6,27,205.0,1,1,28,8,0,12:04,0,17,0,0,0:09,0,3,http://www.ufcstats.com/fighter-details/74f9448b97bf8bec
Da Woon Jung,76,78,15,6,27,205.0,2,1,16,0,1,0:00,0,6,0,0,0:00,0,1,http://www.ufcstats.com/fighter-details/74f9448b97bf8bec
Da Woon Jung,76,78,15,6,28,205.0,3,0,14,0,0,0:00,0,14,0,1,0:00,0,1,http://www.ufcstats.com/fighter-details/74f9448b97bf8bec
Da Woon Jung,76,78,15,6,29,205.0,4,0,18,1,0,5:48,0,39,3,0,5:02,0,3,http://www.ufcstats.com/fighter-details/74f9448b97bf8bec
Da Woon Jung,76,78,15,6,29,205.0,5,0,58,1,0,0:15,0,81,1,1,1:41,1,3,http://www.ufcstats.com/fighter-details/74f9448b97bf8bec
Da Woon Jung,76,78,15,6,30,205.0,6,0,29,0,0,0:09,0,90,2,0,3:02,0,3,http://www.ufcstats.com/fighter-details/74f9448b97bf8bec
Nicolae Negumereanu,72,78,13,2,24,205.0,1,0,11,0,0,0:00,0,70,3,0,10:45,0,3,http://www.ufcstats.com/fighter-details/8c57c7b8c3bab0eb
Nicolae Negumereanu,72,78,13,2,26,205.0,2,1,71,1,0,4:52,0,102,0,0,0:00,0,3,http://www.ufcstats.com/fighter-details/8c57c7b8c3bab0eb
Nicolae Negumereanu,72,78,13,2,27,205.0,3,1,11,0,0,0:20,0,7,0,0,0:00,0,1,http://www.ufcstats.com/fighter-details/8c57c7b8c3bab0eb
Nicolae Negumereanu,72,78,13,2,27,205.0,4,1,64,1,0,3:28,0,95,0,0,0:00,0,3,http://www.ufcstats.com/fighter-details/8c57c7b8c3bab0eb
Nicolae Negumereanu,72,78,13,2,27,205.0,5,1,51,2,0,4:01,0,38,0,0,0:00,0,2,http://www.ufcstats.com/fighter-details/8c57c7b8c3bab0eb
Nicolae Negumereanu,72,78,13,2,28,205.0,6,0,2,0,0,0:00,0,14,0,1,0:05,0,1,http://www.ufcstats.com/fighter-details/8c57c7b8c3bab0eb
James Llontop,72,73,14,5,24,155.0,1,1,74,0,2,6:53,0,29,2,0,1:04,0,3,http://www.ufcstats.com/fighter-details/93b2b7caa457cbea
James Llontop,72,73,14,5,24,155.0,2,0,19,0,0,0:00,0,12,3,0,1:20,1,1,http://www.ufcstats.com/fighter-details/93b2b7caa457cbea
James Llontop,72,73,14,5,25,155.0,3,0,93,0,0,0:05,0,96,0,0,0:03,0,3,http://www.ufcstats.com/fighter-details/93b2b7caa457cbea
James Llontop,72,73,14,5,25,155.0,4,0,90,0,0,1:20,0,67,0,1,0:16,0,3,http://www.ufcstats.com/fighter-details/93b2b7caa457cbea
Fabio Cherant,73,74,7,4,24,205.0,1,0,7,0,0,0:00,0,44,0,1,0:00,0,2,http://www.ufcstats.com/fighter-details/78a68f1dade6aaf7
Fabio Cherant,73,74,7,4,26,205.0,2,0,0,0,0,0:00,0,3,1,0,1:07,1,1,http://www.ufcstats.com/fighter-details/78a68f1dade6aaf7
Fabio Cherant,73,74,7,4,26,205.0,3,0,15,0,0,0:00,0,14,0,1,0:02,0,1,http://www.ufcstats.com/fighter-details/78a68f1dade6aaf7
Fabio Cherant,73,74,7,4,27,205.0,4,0,13,0,0,0:22,0,66,2,0,1:15,0,3,http://www.ufcstats.com/fighter-details/78a68f1dade6aaf7
Francisco Figueiredo,66,68,13,5,31,125.0,1,1,29,4,0,7:07,0,31,0,0,1:07,0,3,http://www.ufcstats.com/fighter-details/cdadae5363b66eef
Francisco Figueiredo,66,68,13,5,31,125.0,2,0,28,2,0,4:15,0,46,2,0,6:01,0,3,http://www.ufcstats.com/fighter-details/cdadae5363b66eef
Francisco Figueiredo,66,68,13,5,32,125.0,3,1,5,0,0,0:00,1,4,1,0,0:28,0,1,http://www.ufcstats.com/fighter-details/cdadae5363b66eef
Francisco Figueiredo,66,68,13,5,32,125.0,4,0,11,0,0,0:00,0,12,2,0,2:36,1,1,http://www.ufcstats.com/fighter-details/cdadae5363b66eef
Malcolm Gordon,67,71,14,8,30,125.0,1,0,0,0,0,0:00,0,9,0,1,0:02,0,1,http://www.ufcstats.com/fighter-details/dee294e9717012c2
Malcolm Gordon,67,71,14,8,31,125.0,2,1,46,2,0,6:01,0,28,2,0,4:15,0,3,http://www.ufcstats.com/fighter-details/dee294e9717012c2
Malcolm Gordon,67,71,14,8,31,125.0,3,1,3,1,0,0:15,1,4,1,0,0:37,0,1,http://www.ufcstats.com/fighter-details/dee294e9717012c2
Malcolm Gordon,67,71,14,8,32,125.0,4,0,17,1,0,2:49,1,21,6,0,10:18,1,3,http://www.ufcstats.com/fighter-details/dee294e9717012c2
Malcolm Gordon,67,71,14,8,32,125.0,5,0,3,0,0,0:00,0,10,0,1,0:04,0,1,http://www.ufcstats.com/fighter-details/dee294e9717012c2
Malcolm Gordon,67,71,14,8,33,125.0,6,0,37,1,0,4:13,1,3,1,0,1:07,4,2,http://www.ufcstats.com/fighter-details/dee294e9717012c2
Raimond Magomedaliev,73,75,10,2,33,170.0,1,0,60,0,0,0:24,0,70,0,0,1:12,0,3,http://www.ufcstats.com/fighter-details/d16373b3568678d4
Francis Ngannou,76,83,17,3,32,265.0,1,1,13,0,1,0:08,0,1,0,0,0:00,0,1,http://www.ufcstats.com/fighter-details/8d03ce87ca14e778
Francis Ngannou,76,83,17,3,32,265.0,2,1,6,0,0,0:00,0,1,0,0,0:02,0,1,http://www.ufcstats.com/fighter-details/8d03ce87ca14e778
Francis Ngannou,76,83,17,3,32,265.0,3,1,9,0,1,0:04,0,4,0,0,0:00,0,1,http://www.ufcstats.com/fighter-details/8d03ce87ca14e778
Francis Ngannou,76,83,17,3,33,265.0,4,1,6,0,1,0:02,0,5,0,0,0:00,0,1,http://www.ufcstats.com/fighter-details/8d03ce87ca14e778
Francis Ngannou,76,83,17,3,34,265.0,5,1,36,1,2,0:22,0,12,0,0,0:04,0,2,http://www.ufcstats.com/fighter-details/8d03ce87ca14e778
Francis Ngannou,76,83,17,3,35,265.0,6,1,43,4,0,8:29,0,63,1,0,2:51,3,5,http://www.ufcstats.com/fighter-details/8d03ce87ca14e778
Bryan Barberena,72,72,18,12,32,170.0,1,1,111,0,0,0:57,0,81,5,0,5:01,0,3,http://www.ufcstats.com/fighter-details/a331233f597090a5
Bryan Barberena,72,72,18,12,33,170.0,2,1,147,0,0,0:00,0,81,0,0,0:00,0,2,http://www.ufcstats.com/fighter-details/a331233f597090a5
Bryan Barberena,72,72,18,12,33,170.0,3,0,14,0,0,0:35,0,20,4,0,6:36,2,2,http://www.ufcstats.com/fighter-details/a331233f597090a5
Bryan Barberena,72,72,18,12,33,170.0,4,0,7,0,0,0:00,0,10,1,0,3:13,1,1,http://www.ufcstats.com/fighter-details/a331233f597090a5
Bryan Barberena,72,72,18,12,34,185.0,5,0,28,0,0,0:02,0,54,13,2,5:10,0,3,http://www.ufcstats.com/fighter-details/a331233f597090a5
Bryan Barberena,72,72,18,12,34,185.0,6,0,12,0,0,0:03,0,11,3,0,5:03,2,2,http://www.ufcstats.com/fighter-details/a331233f597090a5
Corey Anderson,75,79,14,5,28,205.0,1,0,30,4,0,7:08,0,23,0,1,0:02,0,3,http://www.ufcstats.com/fighter-details/5e4eec08896c9423
Corey Anderson,75,79,14,5,28,205.0,2,1,64,12,0,8:02,0,31,0,0,0:30,0,3,http://www.ufcstats.com/fighter-details/5e4eec08896c9423
Corey Anderson,75,79,14,5,28,205.0,3,1,48,7,0,7:28,0,20,0,0,0:40,1,3,http://www.ufcstats.com/fighter-details/5e4eec08896c9423
Corey Anderson,75,79,14,5,29,205.0,4,1,40,0,0,0:23,0,33,0,0,0:46,0,3,http://www.ufcstats.com/fighter-details/5e4eec08896c9423
Corey Anderson,75,79,14,5,30,205.0,5,1,22,1,1,0:22,0,1,0,0,0:19,0,1,http://www.ufcstats.com/fighter-details/5e4eec08896c9423
Corey Anderson,75,79,14,5,30,205.0,6,0,11,0,0,0:03,0,13,0,1,0:02,0,1,http://www.ufcstats.com/fighter-details/5e4eec08896c9423
Charles Rosa,69,69,14,8,33,155.0,1,1,69,0,0,0:00,0,53,0,0,0:04,0,3,http://www.ufcstats.com/fighter-details/40093d1d2d78394e
Charles Rosa,69,69,14,8,34,145.0,2,0,15,0,0,0:00,2,45,4,1,12:34,3,3,http://www.ufcstats.com/fighter-details/40093d1d2d78394e
Charles Rosa,69,69,14,8,34,145.0,3,1,51,2,0,3:37,2,44,2,0,2:53,2,3,http://www.ufcstats.com/fighter-details/40093d1d2d78394e
Charles Rosa,69,69,14,8,35,145.0,4,0,34,2,0,1:18,0,41,6,0,10:24,2,3,http://www.ufcstats.com/fighter-details/40093d1d2d78394e
Charles Rosa,69,69,14,8,35,155.0,5,0,46,0,0,2:42,1,58,6,0,7:39,3,3,http://www.ufcstats.com/fighter-details/40093d1d2d78394e
Charles Rosa,69,69,14,8,35,145.0,6,0,51,2,0,0:52,1,97,1,0,1:25,0,3,http://www.ufcstats.com/fighter-details/40093d1d2d78394e
Joe Duffy,70,73,16,5,27,155.0,1,0,37,0,0,0:08,1,72,4,0,9:23,0,3,http://www.ufcstats.com/fighter-details/654ae722109a0d31
Joe Duffy,70,73,16,5,28,155.0,2,1,3,0,1,0:15,1,1,0,0,0:00,0,1,http://www.ufcstats.com/fighter-details/654ae722109a0d31
Joe Duffy,70,73,16,5,29,155.0,3,1,51,0,0,4:20,0,28,2,0,0:54,0,3,http://www.ufcstats.com/fighter-details/654ae722109a0d31
Joe Duffy,70,73,16,5,29,155.0,4,0,25,2,0,0:30,0,42,0,1,0:04,0,2,http://www.ufcstats.com/fighter-details/654ae722109a0d31
Joe Duffy,70,73,16,5,31,155.0,5,0,15,1,0,0:35,0,63,3,1,4:27,0,3,http://www.ufcstats.com/fighter-details/654ae722109a0d31
Joe Duffy,70,73,16,5,32,155.0,6,0,14,1,0,0:09,0,18,0,0,0:00,1,1,http://www.ufcstats.com/fighter-details/654ae722109a0d31
Tony Kelley,69,70,8,3,33,145.0,1,0,114,0,0,0:00,0,114,5,0,5:09,0,3,http://www.ufcstats.com/fighter-details/1a08b01fdabb6ae2
Tony Kelley,69,70,8,3,33,135.0,2,1,23,0,0,1:56,4,29,5,0,6:00,1,3,http://www.ufcstats.com/fighter-details/1a08b01fdabb6ae2
Tony Kelley,69,70,8,3,34,135.0,3,1,82,0,0,3:26,0,31,0,0,2:29,0,2,http://www.ufcstats.com/fighter-details/1a08b01fdabb6ae2
Tony Kelley,69,70,8,3,35,135.0,4,0,20,0,0,0:02,0,35,0,1,0:04,0,1,http://www.ufcstats.com/fighter-details/1a08b01fdabb6ae2
Randy Costa,69,73,6,4,24,135.0,1,0,46,0,0,0:37,0,35,0,0,1:15,1,2,http://www.ufcstats.com/fighter-details/325ad0dd9126d3df
Randy Costa,69,73,6,4,25,135.0,2,1,22,0,2,0:07,0,12,0,0,0:43,0,1,http://www.ufcstats.com/fighter-details/325ad0dd9126d3df
Randy Costa,69,73,6,4,26,135.0,3,1,4,0,1,0:02,0,1,0,0,0:00,0,1,http://www.ufcstats.com/fighter-details/325ad0dd9126d3df
Randy Costa,69,73,6,4,27,135.0,4,0,69,0,0,0:00,0,64,0,1,0:04,0,2,http://www.ufcstats.com/fighter-details/325ad0dd9126d3df
Randy Costa,69,73,6,4,27,135.0,5,0,31,0,0,2:29,0,82,0,0,3:26,0,2,http://www.ufcstats.com/fighter-details/325ad0dd9126d3df
Randy Costa,69,73,6,4,28,135.0,6,0,2,0,0,0:00,0,8,1,0,0:09,1,1,http://www.ufcstats.com/fighter-details/325ad0dd9126d3df
Michael Trizano,71,71,11,3,26,155.0,1,1,51,1,0,2:14,1,23,1,0,5:26,0,3,http://www.ufcstats.com/fighter-details/5bf31a46becc1204
Michael Trizano,71,71,11,3,27,145.0,2,0,20,0,0,0:34,0,27,3,0,4:13,1,2,http://www.ufcstats.com/fighter-details/5bf31a46becc1204
Michael Trizano,71,71,11,3,29,145.0,3,1,56,0,0,0:00,1,45,4,0,3:28,0,3,http://www.ufcstats.com/fighter-details/5bf31a46becc1204
Michael Trizano,71,71,11,3,30,145.0,4,0,70,1,0,0:33,0,141,0,0,3:46,0,3,http://www.ufcstats.com/fighter-details/5bf31a46becc1204
Michael Trizano,71,71,11,3,30,145.0,5,0,31,0,1,1:43,0,75,0,2,2:13,0,3,http://www.ufcstats.com/fighter-details/5bf31a46becc1204
Michael Trizano,71,71,11,3,30,145.0,6,1,32,0,2,0:14,0,26,0,1,0:12,0,1,http://www.ufcstats.com/fighter-details/5bf31a46becc1204
Victor Rodriguez,65,67,7,4,28,135.0,1,0,6,0,0,0:54,0,17,0,1,0:05,0,1,http://www.ufcstats.com/fighter-details/f6e5972c9d16c40e
Victor Rodriguez,65,67,7,4,28,125.0,2,0,0,0,0,0:00,0,6,0,1,0:02,0,1,http://www.ufcstats.com/fighter-details/f6e5972c9d16c40e
Landon Quinones,69,70,7,3,27,155.0,1,0,148,0,0,0:41,0,171,0,0,0:21,0,3,http://www.ufcstats.com/fighter-details/267f4a6568abe245
Landon Quinones,69,70,7,3,28,155.0,2,0,55,1,0,2:04,0,60,0,0,4:13,0,3,http://www.ufcstats.com/fighter-details/267f4a6568abe245
Felipe Colares,68,69,10,4,24,145.0,1,0,21,3,0,4:12,0,49,6,0,6:36,0,3,http://www.ufcstats.com/fighter-details/dbac0a413af64bbe
Felipe Colares,68,69,10,4,25,135.0,2,1,23,2,0,6:38,0,11,2,0,6:10,1,3,http://www.ufcstats.com/fighter-details/dbac0a413af64bbe
Felipe Colares,68,69,10,4,25,135.0,3,0,7,1,0,1:22,3,75,11,1,10:37,0,3,http://www.ufcstats.com/fighter-details/dbac0a413af64bbe
Felipe Colares,68,69,10,4,27,145.0,4,1,78,2,0,2:54,0,118,2,1,2:55,0,3,http://www.ufcstats.com/fighter-details/dbac0a413af64bbe
Felipe Colares,68,69,10,4,27,135.0,5,0,41,1,0,3:59,0,96,0,0,1:30,0,3,http://www.ufcstats.com/fighter-details/dbac0a413af64bbe
Felipe Colares,68,69,10,4,28,145.0,6,0,21,2,0,4:14,0,60,4,0,7:04,3,3,http://www.ufcstats.com/fighter-details/dbac0a413af64bbe
Marcin Prachnio,75,74,17,8,32,205.0,1,1,59,0,1,0:00,0,34,1,0,0:05,0,2,http://www.ufcstats.com/fighter-details/6370c1c1e12723d5
Marcin Prachnio,75,74,17,8,33,205.0,2,0,74,0,0,1:53,0,64,4,0,5:28,0,3,http://www.ufcstats.com/fighter-details/6370c1c1e12723d5
Marcin Prachnio,75,74,17,8,34,205.0,3,1,79,0,0,0:00,0,8,0,0,0:00,0,3,http://www.ufcstats.com/fighter-details/6370c1c1e12723d5
Marcin Prachnio,75,74,17,8,34,205.0,4,0,55,0,0,0:18,0,44,4,0,8:39,2,3,http://www.ufcstats.com/fighter-details/6370c1c1e12723d5
Marcin Prachnio,75,74,17,8,35,205.0,5,1,101,1,0,0:44,0,53,0,0,0:14,0,3,http://www.ufcstats.com/fighter-details/6370c1c1e12723d5
Marcin Prachnio,75,74,17,8,36,205.0,6,0,70,0,0,0:09,0,38,2,0,5:31,1,3,http://www.ufcstats.com/fighter-details/6370c1c1e12723d5
Andre Soukhamthath,69,70,13,8,28,135.0,1,0,43,0,3,0:09,0,44,1,0,2:12,0,3,http://www.ufcstats.com/fighter-details/d0e50a3d1b250708
Andre Soukhamthath,69,70,13,8,29,135.0,2,1,20,0,1,0:00,0,23,0,0,1:49,0,2,http://www.ufcstats.com/fighter-details/d0e50a3d1b250708
Andre Soukhamthath,69,70,13,8,29,135.0,3,0,25,4,0,6:01,0,63,0,0,0:55,3,3,http://www.ufcstats.com/fighter-details/d0e50a3d1b250708
Andre Soukhamthath,69,70,13,8,30,135.0,4,1,79,3,2,4:27,1,71,1,0,5:00,0,3,http://www.ufcstats.com/fighter-details/d0e50a3d1b250708
Andre Soukhamthath,69,70,13,8,30,135.0,5,0,30,1,0,0:05,0,64,3,0,7:44,0,3,http://www.ufcstats.com/fighter-details/d0e50a3d1b250708
Andre Soukhamthath,69,70,13,8,30,135.0,6,0,23,0,0,1:27,0,93,1,0,3:38,0,3,http://www.ufcstats.com/fighter-details/d0e50a3d1b250708
Victor Hugo,67,71,25,5,30,135.0,1,1,9,1,0,2:40,2,8,1,0,1:47,0,2,http://www.ufcstats.com/fighter-details/f264ba50b007f39e
Victor Hugo,67,71,25,5,31,135.0,2,1,68,0,1,0:49,0,42,1,0,7:10,0,3,http://www.ufcstats.com/fighter-details/f264ba50b007f39e
Victor Hugo,67,71,25,5,31,145.0,3,0,45,1,0,0:18,1,60,4,0,4:37,0,3,http://www.ufcstats.com/fighter-details/f264ba50b007f39e
Kleydson Rodrigues,65,67,8,4,25,125.0,1,1,91,0,0,0:21,1,21,2,0,1:22,0,3,http://www.ufcstats.com/fighter-details/102a8fdf8cbf7467
Kleydson Rodrigues,65,67,8,4,26,125.0,2,0,81,2,0,3:14,1,71,0,0,4:20,0,3,http://www.ufcstats.com/fighter-details/102a8fdf8cbf7467
Kleydson Rodrigues,65,67,8,4,27,125.0,3,1,14,0,1,0:00,0,1,0,0,0:00,0,1,http://www.ufcstats.com/fighter-details/102a8fdf8cbf7467
Kleydson Rodrigues,65,67,8,4,27,135.0,4,0,7,0,0,0:30,0,4,2,0,3:15,1,1,http://www.ufcstats.com/fighter-details/102a8fdf8cbf7467
Kleydson Rodrigues,65,67,8,4,28,135.0,5,0,37,0,0,0:30,0,18,3,0,8:16,0,3,http://www.ufcstats.com/fighter-details/102a8fdf8cbf7467
Allan Begosso,65,66,7,2,26,135.0,1,0,27,0,0,0:00,2,116,3,0,9:05,0,3,http://www.ufcstats.com/fighter-details/d6ed764f8b78d32a
Jordan Espinosa,66,69,15,9,29,125.0,1,1,47,1,0,0:18,0,25,0,0,0:00,0,3,http://www.ufcstats.com/fighter-details/215a70f073a7b726
Jordan Espinosa,66,69,15,9,29,125.0,2,0,5,0,0,0:25,0,3,0,0,0:00,1,1,http://www.ufcstats.com/fighter-details/215a70f073a7b726
Jordan Espinosa,66,69,15,9,30,125.0,3,0,2,0,0,0:00,0,2,1,0,1:33,1,1,http://www.ufcstats.com/fighter-details/215a70f073a7b726
Jordan Espinosa,66,69,15,9,30,135.0,4,1,126,2,0,2:22,0,37,0,0,3:49,0,3,http://www.ufcstats.com/fighter-details/215a70f073a7b726
Jordan Espinosa,66,69,15,9,30,125.0,5,0,50,0,0,0:00,0,68,0,0,0:04,0,3,http://www.ufcstats.com/fighter-details/215a70f073a7b726
Jordan Espinosa,66,69,15,9,31,125.0,6,0,13,0,0,0:00,0,25,4,0,13:19,0,3,http://www.ufcstats.com/fighter-details/215a70f073a7b726
Dan Argueta,67,68,9,3,28,145.0,1,0,27,1,0,2:44,0,32,2,0,10:25,1,3,http://www.ufcstats.com/fighter-details/e4ba58725825412d
Dan Argueta,67,68,9,3,29,145.0,2,1,47,4,0,10:14,2,14,0,0,1:15,1,3,http://www.ufcstats.com/fighter-details/e4ba58725825412d
Dan Argueta,67,68,9,3,30,135.0,3,0,14,9,0,6:01,0,19,2,0,1:34,1,2,http://www.ufcstats.com/fighter-details/e4ba58725825412d
Dan Argueta,67,68,9,3,31,135.0,4,0,54,4,0,4:23,1,140,2,0,1:31,0,3,http://www.ufcstats.com/fighter-details/e4ba58725825412d
Kasey Tanner,67,69,6,1,31,135.0,1,0,99,2,0,3:11,0,100,0,0,0:30,0,3,http://www.ufcstats.com/fighter-details/078b732efa497f49
Blagoy Ivanov,71,73,19,6,32,265.0,1,1,73,2,1,2:38,0,64,0,0,2:39,0,3,http://www.ufcstats.com/fighter-details/1788eee370f077b7
Blagoy Ivanov,71,73,19,6,33,265.0,2,0,20,3,0,3:20,1,31,1,0,2:07,0,3,http://www.ufcstats.com/fighter-details/1788eee370f077b7
Blagoy Ivanov,71,73,19,6,33,265.0,3,0,66,1,0,1:08,0,78,0,0,1:46,0,3,http://www.ufcstats.com/fighter-details/1788eee370f077b7
Blagoy Ivanov,71,73,19,6,35,265.0,4,1,62,0,0,3:52,0,68,1,0,2:04,0,3,http://www.ufcstats.com/fighter-details/1788eee370f077b7
Blagoy Ivanov,71,73,19,6,36,265.0,5,0,34,0,0,0:00,0,40,1,0,4:55,0,3,http://www.ufcstats.com/fighter-details/1788eee370f077b7
Blagoy Ivanov,71,73,19,6,36,265.0,6,0,44,0,0,0:00,0,85,2,0,2:53,0,3,http://www.ufcstats.com/fighter-details/1788eee370f077b7
Val Woodburn,68,74,7,2,29,185.0,1,0,2,0,0,0:00,0,7,0,1,0:02,0,1,http://www.ufcstats.com/fighter-details/7a47e068f8017019
Val Woodburn,68,74,7,2,30,170.0,2,0,23,2,1,1:56,0,70,3,0,8:58,0,3,http://www.ufcstats.com/fighter-details/7a47e068f8017019
Jamie Pickett,74,80,13,11,33,185.0,1,1,50,2,0,3:02,0,51,0,0,3:15,0,3,http://www.ufcstats.com/fighter-details/830f60497fab345a
Jamie Pickett,74,80,13,11,33,185.0,2,0,5,0,0,0:15,0,6,3,0,4:12,2,1,http://www.ufcstats.com/fighter-details/830f60497fab345a
Jamie Pickett,74,80,13,11,34,185.0,3,0,60,0,0,0:35,0,73,0,2,0:59,0,2,http://www.ufcstats.com/fighter-details/830f60497fab345a
Jamie Pickett,74,80,13,11,34,185.0,4,0,1,0,0,0:00,0,1,1,0,2:30,2,1,http://www.ufcstats.com/fighter-details/830f60497fab345a
Jamie Pickett,74,80,13,11,34,185.0,5,0,14,2,0,3:01,0,31,0,0,7:15,2,3,http://www.ufcstats.com/fighter-details/830f60497fab345a
Jamie Pickett,74,80,13,11,35,185.0,6,0,20,0,1,0:16,0,23,5,0,10:08,0,3,http://www.ufcstats.com/fighter-details/830f60497fab345a
Abu Azaitar,69,76,14,4,32,185.0,1,1,48,1,0,3:18,0,19,3,0,4:57,1,3,http://www.ufcstats.com/fighter-details/46d0a888d87d91ac
Abu Azaitar,69,76,14,4,35,185.0,2,0,108,0,0,2:03,0,141,0,1,6:00,0,3,http://www.ufcstats.com/fighter-details/46d0a888d87d91ac
Abu Azaitar,69,76,14,4,37,185.0,3,0,41,2,0,0:32,0,34,1,0,4:10,0,3,http://www.ufcstats.com/fighter-details/46d0a888d87d91ac
Zachary Borrego,74,78,3,1,26,185.0,1,0,0,0,0,0:00,0,2,2,0,0:53,2,1,http://www.ufcstats.com/fighter-details/b8fdb2903a2582a8
Donovan Beard,74,78,7,2,32,185.0,1,0,0,0,0,0:10,0,5,1,0,0:13,1,1,http://www.ufcstats.com/fighter-details/3a6ac598320ca7f2
Matej Penaz,75,83,6,1,25,185.0,1,0,1,0,0,0:16,0,2,1,0,0:08,1,1,http://www.ufcstats.com/fighter-details/abd64006fd37298d
Guido Cannetti,66,68,10,8,38,135.0,1,0,24,2,0,2:46,0,24,2,1,1:21,2,2,http://www.ufcstats.com/fighter-details/d05412b513b19621
Guido Cannetti,66,68,10,8,40,135.0,2,0,11,0,0,0:00,0,17,0,1,0:03,0,1,http://www.ufcstats.com/fighter-details/d05412b513b19621
Guido Cannetti,66,68,10,8,41,135.0,3,0,66,0,0,0:28,0,79,2,0,1:07,0,3,http://www.ufcstats.com/fighter-details/d05412b513b19621
Guido Cannetti,66,68,10,8,42,135.0,4,1,28,0,0,0:01,0,11,0,0,0:00,0,1,http://www.ufcstats.com/fighter-details/d05412b513b19621
Guido Cannetti,66,68,10,8,42,135.0,5,1,8,1,0,0:09,1,2,0,0,0:00,0,1,http://www.ufcstats.com/fighter-details/d05412b513b19621
Guido Cannetti,66,68,10,8,43,135.0,6,0,2,1,0,0:16,0,3,3,0,2:36,1,1,http://www.ufcstats.com/fighter-details/d05412b513b19621
Benito Lopez,70,73,10,2,23,135.0,1,1,77,0,0,0:00,0,82,2,0,0:00,0,3,http://www.ufcstats.com/fighter-details/773f7feacf96153e
Benito Lopez,70,73,10,2,23,135.0,2,1,78,0,1,0:53,1,78,0,0,3:02,0,3,http://www.ufcstats.com/fighter-details/773f7feacf96153e
Benito Lopez,70,73,10,2,24,135.0,3,0,7,0,0,0:59,0,7,1,0,1:32,1,1,http://www.ufcstats.com/fighter-details/773f7feacf96153e
Benito Lopez,70,73,10,2,25,135.0,4,1,54,0,0,0:00,0,64,0,1,0:29,0,3,http://www.ufcstats.com/fighter-details/773f7feacf96153e
Benito Lopez,70,73,10,2,28,135.0,5,0,17,0,0,0:00,0,44,1,0,2:36,3,1,http://www.ufcstats.com/fighter-details/773f7feacf96153e
Manvel Gamburyan,65,67,15,10,32,145.0,1,1,23,5,0,7:51,0,32,0,0,0:06,0,3,http://www.ufcstats.com/fighter-details/cc6f9d1e89f3449a
Manvel Gamburyan,65,67,15,10,33,145.0,2,0,28,1,0,1:22,1,52,4,0,9:18,0,3,http://www.ufcstats.com/fighter-details/cc6f9d1e89f3449a
Manvel Gamburyan,65,67,15,10,33,135.0,3,1,11,2,0,1:32,1,49,1,1,2:42,0,2,http://www.ufcstats.com/fighter-details/cc6f9d1e89f3449a
Manvel Gamburyan,65,67,15,10,34,135.0,4,1,42,5,1,4:48,2,36,1,0,1:31,0,3,http://www.ufcstats.com/fighter-details/cc6f9d1e89f3449a
Manvel Gamburyan,65,67,15,10,34,135.0,5,0,2,0,0,0:00,0,16,0,1,0:04,0,1,http://www.ufcstats.com/fighter-details/cc6f9d1e89f3449a
Manvel Gamburyan,65,67,15,10,35,135.0,6,0,11,0,0,0:00,0,26,0,1,0:31,0,2,http://www.ufcstats.com/fighter-details/cc6f9d1e89f3449a
Nariman Abbasov,68,66,28,4,28,155.0,1,0,45,0,0,0:21,0,85,1,1,0:06,0,3,http://www.ufcstats.com/fighter-details/59a9d6dac61c2540
Caio Machado,76,78,8,4,29,265.0,1,1,121,0,0,1:28,0,17,0,0,3:26,0,3,http://www.ufcstats.com/fighter-details/89839250eb25c9c1
Caio Machado,76,78,8,4,29,265.0,2,0,76,0,0,0:20,0,39,3,0,6:23,0,3,http://www.ufcstats.com/fighter-details/89839250eb25c9c1
Caio Machado,76,78,8,4,29,265.0,3,0,76,0,0,0:00,0,67,0,1,0:36,0,3,http://www.ufcstats.com/fighter-details/89839250eb25c9c1
Caio Machado,76,78,8,4,30,205.0,4,0,76,0,0,0:02,0,49,0,0,0:00,0,3,http://www.ufcstats.com/fighter-details/89839250eb25c9c1
Carlos Mota,64,69,8,2,27,125.0,1,0,12,0,0,0:11,1,17,4,0,12:32,0,3,http://www.ufcstats.com/fighter-details/b15862fcd6ded451
Eduardo Neves,74,78,7,2,22,265.0,1,0,16,2,0,0:18,0,7,2,0,0:50,1,1,http://www.ufcstats.com/fighter-details/1d688fa375d9431c
Eduardo Neves,74,78,7,2,23,265.0,2,0,24,0,0,0:02,0,25,0,2,0:02,0,1,http://www.ufcstats.com/fighter-details/1d688fa375d9431c
Chad Anheliger,66,64,13,8,34,135.0,1,1,47,0,1,2:49,1,31,5,0,7:37,0,3,http://www.ufcstats.com/fighter-details/c7c39e2fb70248b3
Chad Anheliger,66,64,13,8,35,135.0,2,1,67,0,2,1:20,2,64,4,0,3:20,0,3,http://www.ufcstats.com/fighter-details/c7c39e2fb70248b3
Chad Anheliger,66,64,13,8,35,135.0,3,0,39,0,0,0:00,0,49,2,0,1:23,0,3,http://www.ufcstats.com/fighter-details/c7c39e2fb70248b3
Chad Anheliger,66,64,13,8,36,135.0,4,0,26,4,0,6:18,0,63,1,0,4:20,1,3,http://www.ufcstats.com/fighter-details/c7c39e2fb70248b3
Chad Anheliger,66,64,13,8,37,135.0,5,1,85,0,0,1:34,0,21,4,0,5:24,0,3,http://www.ufcstats.com/fighter-details/c7c39e2fb70248b3
Chad Anheliger,66,64,13,8,37,135.0,6,0,11,0,0,0:00,0,16,5,0,12:25,2,3,http://www.ufcstats.com/fighter-details/c7c39e2fb70248b3
Mohammed Usman,74,79,12,4,33,265.0,1,1,12,0,1,0:02,0,32,0,0,0:00,0,2,http://www.ufcstats.com/fighter-details/da7f113b5ea39c43
Mohammed Usman,74,79,12,4,34,265.0,2,1,7,2,0,12:03,0,22,0,0,0:00,0,3,http://www.ufcstats.com/fighter-details/da7f113b5ea39c43
Mohammed Usman,74,79,12,4,34,265.0,3,1,85,1,0,3:07,0,87,0,0,0:53,2,3,http://www.ufcstats.com/fighter-details/da7f113b5ea39c43
Mohammed Usman,74,79,12,4,34,265.0,4,0,57,0,0,0:00,0,72,0,0,0:00,0,3,http://www.ufcstats.com/fighter-details/da7f113b5ea39c43
Mohammed Usman,74,79,12,4,35,265.0,5,0,63,0,0,0:00,0,76,2,0,1:01,0,3,http://www.ufcstats.com/fighter-details/da7f113b5ea39c43
Mohammed Usman,74,79,12,4,36,265.0,6,1,86,0,0,0:00,0,55,0,0,0:02,0,3,http://www.ufcstats.com/fighter-details/da7f113b5ea39c43
Devonte Smith,69,76,11,4,25,155.0,1,1,13,0,1,0:03,0,4,0,0,0:00,0,1,http://www.ufcstats.com/fighter-details/207773daeb4afa7b
Devonte Smith,69,76,11,4,25,155.0,2,1,19,0,1,0:02,0,1,0,0,0:00,0,1,http://www.ufcstats.com/fighter-details/207773daeb4afa7b
Devonte Smith,69,76,11,4,26,155.0,3,0,15,0,0,0:00,0,21,0,1,0:02,0,1,http://www.ufcstats.com/fighter-details/207773daeb4afa7b
Devonte Smith,69,76,11,4,27,155.0,4,1,34,1,0,3:08,1,11,0,0,0:12,0,2,http://www.ufcstats.com/fighter-details/207773daeb4afa7b
Devonte Smith,69,76,11,4,28,155.0,5,0,29,0,0,0:00,0,55,1,1,0:47,0,2,http://www.ufcstats.com/fighter-details/207773daeb4afa7b
Devonte Smith,69,76,11,4,28,155.0,6,0,53,0,0,0:14,0,60,0,0,6:39,0,3,http://www.ufcstats.com/fighter-details/207773daeb4afa7b
Dwight Grant,73,76,11,6,34,170.0,1,1,38,0,0,0:00,0,24,1,0,0:29,0,3,http://www.ufcstats.com/fighter-details/8be158ca1e5ea6a0
Dwight Grant,73,76,11,6,35,170.0,2,0,30,0,1,0:53,0,15,0,3,0:02,0,1,http://www.ufcstats.com/fighter-details/8be158ca1e5ea6a0
Dwight Grant,73,76,11,6,36,170.0,3,1,49,1,0,0:25,0,33,3,0,2:04,1,3,http://www.ufcstats.com/fighter-details/8be158ca1e5ea6a0
Dwight Grant,73,76,11,6,37,170.0,4,0,31,1,0,0:11,0,36,1,0,4:45,0,3,http://www.ufcstats.com/fighter-details/8be158ca1e5ea6a0
Dwight Grant,73,76,11,6,37,170.0,5,0,42,1,1,0:20,0,49,1,2,0:48,0,2,http://www.ufcstats.com/fighter-details/8be158ca1e5ea6a0
Dwight Grant,73,76,11,6,37,185.0,6,0,52,0,0,0:00,0,49,2,0,4:17,0,3,http://www.ufcstats.com/fighter-details/8be158ca1e5ea6a0
Isaac Dulgarian,67,71,7,1,27,145.0,1,1,35,1,0,4:18,0,2,0,0,0:00,0,1,http://www.ufcstats.com/fighter-details/a57cb948c4c70a47
Isaac Dulgarian,67,71,7,1,27,145.0,2,0,22,7,0,9:22,2,48,0,0,3:19,0,3,http://www.ufcstats.com/fighter-details/a57cb948c4c70a47
Isaac Dulgarian,67,71,7,1,28,145.0,3,1,41,2,0,9:12,2,3,0,0,0:00,0,2,http://www.ufcstats.com/fighter-details/a57cb948c4c70a47
Joshua Weems,68,69,11,3,27,135.0,1,0,15,0,0,0:13,0,12,0,1,0:23,0,1,http://www.ufcstats.com/fighter-details/69888118d968ba52
Joshua Weems,68,69,11,3,28,135.0,2,0,18,2,0,1:03,0,9,0,0,0:56,1,1,http://www.ufcstats.com/fighter-details/69888118d968ba52
Francisco Trinaldo,69,70,28,9,41,155.0,1,1,55,0,0,0:00,0,67,0,0,0:00,0,3,http://www.ufcstats.com/fighter-details/a8283a4f415e1eb9
Francisco Trinaldo,69,70,28,9,41,155.0,2,1,30,2,1,3:18,2,21,0,1,3:20,0,3,http://www.ufcstats.com/fighter-details/a8283a4f415e1eb9
Francisco Trinaldo,69,70,28,9,42,170.0,3,0,39,0,0,0:40,0,62,2,1,2:07,0,3,http://www.ufcstats.com/fighter-details/a8283a4f415e1eb9
Francisco Trinaldo,69,70,28,9,43,170.0,4,1,36,1,0,4:45,0,31,1,0,0:11,0,3,http://www.ufcstats.com/fighter-details/a8283a4f415e1eb9
Francisco Trinaldo,69,70,28,9,43,170.0,5,1,80,0,0,4:21,1,36,0,0,0:39,0,3,http://www.ufcstats.com/fighter-details/a8283a4f415e1eb9
Francisco Trinaldo,69,70,28,9,44,170.0,6,0,40,1,0,5:21,0,60,0,1,0:38,1,3,http://www.ufcstats.com/fighter-details/a8283a4f415e1eb9
Kyle Daukaus,75,76,11,4,27,185.0,1,0,34,3,0,7:44,0,41,0,1,5:37,0,3,http://www.ufcstats.com/fighter-details/d6c0cdd7e467c440
Kyle Daukaus,75,76,11,4,27,185.0,2,1,64,2,0,8:40,1,32,0,0,2:01,0,3,http://www.ufcstats.com/fighter-details/d6c0cdd7e467c440
Kyle Daukaus,75,76,11,4,28,185.0,3,0,28,0,0,4:13,0,66,2,0,5:34,1,3,http://www.ufcstats.com/fighter-details/d6c0cdd7e467c440
Kyle Daukaus,75,76,11,4,28,185.0,4,1,6,3,0,4:12,2,5,0,0,0:15,0,1,http://www.ufcstats.com/fighter-details/d6c0cdd7e467c440
Kyle Daukaus,75,76,11,4,29,185.0,5,0,4,0,0,0:00,0,8,0,2,0:36,0,1,http://www.ufcstats.com/fighter-details/d6c0cdd7e467c440
Kyle Daukaus,75,76,11,4,29,185.0,6,0,37,0,0,0:44,0,49,1,1,2:26,0,2,http://www.ufcstats.com/fighter-details/d6c0cdd7e467c440
Darren Stewart,72,74,12,8,28,185.0,1,1,30,0,0,1:41,0,31,0,0,3:42,0,3,http://www.ufcstats.com/fighter-details/a17ad5a5048e8c3f
Darren Stewart,72,74,12,8,28,185.0,2,1,57,1,0,0:30,0,29,6,0,8:02,0,3,http://www.ufcstats.com/fighter-details/a17ad5a5048e8c3f
Darren Stewart,72,74,12,8,29,185.0,3,1,13,0,0,0:19,1,12,1,0,0:17,0,1,http://www.ufcstats.com/fighter-details/a17ad5a5048e8c3f
Darren Stewart,72,74,12,8,29,185.0,4,0,57,3,0,4:09,0,74,0,0,3:35,0,3,http://www.ufcstats.com/fighter-details/a17ad5a5048e8c3f
Darren Stewart,72,74,12,8,30,205.0,5,0,33,2,0,2:15,0,44,0,0,8:19,0,3,http://www.ufcstats.com/fighter-details/a17ad5a5048e8c3f
Darren Stewart,72,74,12,8,30,205.0,6,0,18,2,0,0:43,0,37,0,0,0:23,0,1,http://www.ufcstats.com/fighter-details/a17ad5a5048e8c3f
Timur Valiev,66,67,18,3,31,145.0,1,1,55,4,0,11:19,0,8,0,0,0:15,0,3,http://www.ufcstats.com/fighter-details/45e738622ea2c02c
Timur Valiev,66,67,18,3,31,135.0,2,1,77,0,0,0:42,0,69,0,2,1:23,0,3,http://www.ufcstats.com/fighter-details/45e738622ea2c02c
Timur Valiev,66,67,18,3,32,135.0,3,0,72,2,0,2:03,1,70,3,2,4:42,0,3,http://www.ufcstats.com/fighter-details/45e738622ea2c02c
Liudvik Sholinian,70,71,9,4,31,135.0,1,0,19,0,0,1:26,0,92,2,0,4:28,1,3,http://www.ufcstats.com/fighter-details/1a54231796e24a3f
Liudvik Sholinian,70,71,9,4,32,135.0,2,0,56,0,0,1:30,0,78,2,0,2:39,0,3,http://www.ufcstats.com/fighter-details/1a54231796e24a3f
Daniel Lacerda,66,70,11,6,25,125.0,1,0,20,0,0,0:55,0,47,0,1,3:26,0,2,http://www.ufcstats.com/fighter-details/31bb0772f21cabd8
Daniel Lacerda,66,70,11,6,25,125.0,2,0,4,1,0,0:28,0,5,0,0,0:00,1,1,http://www.ufcstats.com/fighter-details/31bb0772f21cabd8
Daniel Lacerda,66,70,11,6,26,125.0,3,0,22,0,1,0:03,0,58,0,1,1:55,0,1,http://www.ufcstats.com/fighter-details/31bb0772f21cabd8
Daniel Lacerda,66,70,11,6,26,125.0,4,0,48,1,2,0:40,2,83,0,0,2:54,1,2,http://www.ufcstats.com/fighter-details/31bb0772f21cabd8
Daniel Lacerda,66,70,11,6,27,125.0,5,0,4,1,0,0:41,0,9,0,0,0:00,1,1,http://www.ufcstats.com/fighter-details/31bb0772f21cabd8
Emiliano Linares,68,72,8,2,25,145.0,1,0,17,0,0,0:38,0,52,4,0,11:09,0,3,http://www.ufcstats.com/fighter-details/a4ef92274a45143d
Anderson Dos Santos,65,70,21,9,33,145.0,1,0,46,0,0,0:18,1,84,1,0,4:40,0,3,http://www.ufcstats.com/fighter-details/bbc9ab95fa766493
Anderson Dos Santos,65,70,21,9,33,135.0,2,0,35,2,0,3:52,0,73,0,0,0:02,0,3,http://www.ufcstats.com/fighter-details/bbc9ab95fa766493
Anderson Dos Santos,65,70,21,9,35,135.0,3,1,11,1,0,2:57,1,9,1,0,0:15,0,1,http://www.ufcstats.com/fighter-details/bbc9ab95fa766493
Anderson Dos Santos,65,70,21,9,36,135.0,4,0,32,0,0,0:09,0,80,0,1,0:00,0,3,http://www.ufcstats.com/fighter-details/bbc9ab95fa766493
Trevor Peek,69,70,9,3,27,155.0,1,1,54,1,0,2:05,0,65,4,0,2:05,0,2,http://www.ufcstats.com/fighter-details/0bc697c5936a2d0a
Trevor Peek,69,70,9,3,28,155.0,2,1,51,0,2,0:16,0,7,4,0,2:15,0,1,http://www.ufcstats.com/fighter-details/0bc697c5936a2d0a
Trevor Peek,69,70,9,3,28,155.0,3,0,51,0,0,1:23,0,71,4,0,5:29,1,3,http://www.ufcstats.com/fighter-details/0bc697c5936a2d0a
Trevor Peek,69,70,9,3,28,155.0,4,1,61,4,0,5:10,0,43,1,0,0:24,1,3,http://www.ufcstats.com/fighter-details/0bc697c5936a2d0a
Trevor Peek,69,70,9,3,29,155.0,5,0,47,2,0,3:15,0,54,4,0,5:41,0,3,http://www.ufcstats.com/fighter-details/0bc697c5936a2d0a
Trevor Peek,69,70,9,3,29,155.0,6,0,55,0,0,0:30,0,42,9,0,8:16,0,3,http://www.ufcstats.com/fighter-details/0bc697c5936a2d0a
TJ Laramie,66,66,12,5,22,145.0,1,1,16,1,0,4:05,0,4,0,0,0:00,2,1,http://www.ufcstats.com/fighter-details/cd2e5a390821fb48
TJ Laramie,66,66,12,5,22,145.0,2,0,0,0,0,0:23,0,15,0,0,0:07,1,1,http://www.ufcstats.com/fighter-details/cd2e5a390821fb48
TJ Laramie,66,66,12,5,24,145.0,3,0,15,1,0,4:07,0,36,6,0,7:59,0,3,http://www.ufcstats.com/fighter-details/cd2e5a390821fb48
Darrick Minner,67,69,26,14,29,145.0,1,0,4,1,0,0:26,2,15,2,0,5:15,2,2,http://www.ufcstats.com/fighter-details/34e516ab361afb1c
Darrick Minner,67,69,26,14,30,145.0,2,1,15,0,0,0:07,1,0,0,0,0:23,0,1,http://www.ufcstats.com/fighter-details/34e516ab361afb1c
Darrick Minner,67,69,26,14,30,145.0,3,1,45,4,1,12:34,3,15,0,0,0:00,2,3,http://www.ufcstats.com/fighter-details/34e516ab361afb1c
Darrick Minner,67,69,26,14,31,145.0,4,0,19,2,0,4:41,3,20,1,0,3:01,0,2,http://www.ufcstats.com/fighter-details/34e516ab361afb1c
Darrick Minner,67,69,26,14,31,145.0,5,0,26,1,0,4:58,0,40,0,0,5:37,7,3,http://www.ufcstats.com/fighter-details/34e516ab361afb1c
Darrick Minner,67,69,26,14,32,145.0,6,0,5,0,0,0:00,0,19,0,1,0:33,0,1,http://www.ufcstats.com/fighter-details/34e516ab361afb1c
WonBin Ki,71,73,18,9,31,155.0,1,1,35,0,0,2:50,0,1,1,0,0:18,2,1,http://www.ufcstats.com/fighter-details/aaeb55084b198a39
WonBin Ki,71,73,18,9,31,155.0,2,0,12,0,0,0:00,0,15,0,1,0:01,0,1,http://www.ufcstats.com/fighter-details/aaeb55084b198a39
WonBin Ki,71,73,18,9,32,155.0,3,0,34,0,1,0:19,0,32,1,0,0:16,0,2,http://www.ufcstats.com/fighter-details/aaeb55084b198a39
WonBin Ki,71,73,18,9,33,155.0,4,1,58,1,0,2:02,0,39,0,1,0:49,0,2,http://www.ufcstats.com/fighter-details/aaeb55084b198a39
TJ Brown,69,72,17,11,30,145.0,1,1,82,2,0,0:36,1,61,1,1,5:38,0,3,http://www.ufcstats.com/fighter-details/d31cbcdd7d69536d
TJ Brown,69,72,17,11,31,155.0,2,1,58,6,0,7:39,3,46,0,0,2:42,1,3,http://www.ufcstats.com/fighter-details/d31cbcdd7d69536d
TJ Brown,69,72,17,11,32,145.0,3,0,42,1,0,2:54,4,47,3,1,7:32,0,3,http://www.ufcstats.com/fighter-details/d31cbcdd7d69536d
TJ Brown,69,72,17,11,32,145.0,4,1,24,2,0,9:43,1,21,3,0,2:35,0,3,http://www.ufcstats.com/fighter-details/d31cbcdd7d69536d
TJ Brown,69,72,17,11,32,145.0,5,0,46,1,0,0:39,0,64,1,1,1:42,1,2,http://www.ufcstats.com/fighter-details/d31cbcdd7d69536d
TJ Brown,69,72,17,11,33,145.0,6,0,15,2,0,1:29,0,11,5,0,8:09,2,3,http://www.ufcstats.com/fighter-details/d31cbcdd7d69536d
Junior Tafa,75,75,6,3,26,265.0,1,0,22,0,0,0:00,0,7,2,0,12:03,0,3,http://www.ufcstats.com/fighter-details/c15fa95b9a12fde4
Junior Tafa,75,75,6,3,26,265.0,2,1,8,0,1,0:04,0,2,0,0,0:17,0,1,http://www.ufcstats.com/fighter-details/c15fa95b9a12fde4
Junior Tafa,75,75,6,3,27,265.0,3,0,11,0,0,0:00,0,33,1,1,3:26,0,2,http://www.ufcstats.com/fighter-details/c15fa95b9a12fde4
Junior Tafa,75,75,6,3,27,265.0,4,0,5,0,0,0:00,0,4,2,0,3:54,1,1,http://www.ufcstats.com/fighter-details/c15fa95b9a12fde4
Junior Tafa,75,75,6,3,28,265.0,5,1,71,0,0,0:02,0,53,1,0,0:46,0,2,http://www.ufcstats.com/fighter-details/c15fa95b9a12fde4
Alistair Overeem,76,80,47,19,38,265.0,1,1,22,1,0,1:56,0,13,0,0,0:12,0,1,http://www.ufcstats.com/fighter-details/b4ad3a06ee4d660c
Alistair Overeem,76,80,47,19,38,265.0,2,1,29,0,1,1:12,0,38,0,0,1:23,0,1,http://www.ufcstats.com/fighter-details/b4ad3a06ee4d660c
Alistair Overeem,76,80,47,19,39,265.0,3,0,74,2,0,8:21,0,89,0,1,0:06,0,5,http://www.ufcstats.com/fighter-details/b4ad3a06ee4d660c
Alistair Overeem,76,80,47,19,39,265.0,4,1,68,1,1,4:22,0,25,0,1,0:47,0,2,http://www.ufcstats.com/fighter-details/b4ad3a06ee4d660c
Alistair Overeem,76,80,47,19,40,265.0,5,1,92,3,0,5:29,0,99,0,0,2:22,0,5,http://www.ufcstats.com/fighter-details/b4ad3a06ee4d660c
Alistair Overeem,76,80,47,19,40,265.0,6,0,10,0,0,0:15,0,54,0,1,0:11,0,2,http://www.ufcstats.com/fighter-details/b4ad3a06ee4d660c
Darian Weeks,71,72,5,3,28,170.0,1,0,118,4,0,3:18,0,108,0,0,0:21,0,3,http://www.ufcstats.com/fighter-details/326a001926ffb7ec
Darian Weeks,71,72,5,3,28,170.0,2,0,40,1,0,2:52,0,74,0,0,0:39,0,3,http://www.ufcstats.com/fighter-details/326a001926ffb7ec
Darian Weeks,71,72,5,3,28,170.0,3,0,44,1,0,1:49,0,23,0,0,0:17,0,3,http://www.ufcstats.com/fighter-details/326a001926ffb7ec
Alex Da Silva,68,73,21,4,23,155.0,1,0,8,1,0,4:29,0,14,1,0,2:13,1,2,http://www.ufcstats.com/fighter-details/c3ded6f7155f9ea4
Alex Da Silva,68,73,21,4,23,155.0,2,1,17,3,0,12:01,0,20,0,0,0:18,0,3,http://www.ufcstats.com/fighter-details/c3ded6f7155f9ea4
Alex Da Silva,68,73,21,4,24,155.0,3,0,54,3,0,5:17,1,67,1,0,1:24,0,3,http://www.ufcstats.com/fighter-details/c3ded6f7155f9ea4
Alex Da Silva,68,73,21,4,26,155.0,4,0,35,0,1,5:55,0,33,1,0,4:51,3,3,http://www.ufcstats.com/fighter-details/c3ded6f7155f9ea4
Aaron Phillips,69,71,12,5,24,145.0,1,0,18,0,0,1:08,1,37,5,0,10:09,1,3,http://www.ufcstats.com/fighter-details/34c2b3656f88f7ef
Aaron Phillips,69,71,12,5,25,135.0,2,0,38,0,0,0:00,0,63,6,0,12:55,0,3,http://www.ufcstats.com/fighter-details/34c2b3656f88f7ef
Aaron Phillips,69,71,12,5,30,135.0,3,0,6,0,0,0:05,0,29,3,0,5:25,1,2,http://www.ufcstats.com/fighter-details/34c2b3656f88f7ef
Aaron Phillips,69,71,12,5,33,135.0,4,0,17,3,0,6:01,1,63,0,0,1:36,0,3,http://www.ufcstats.com/fighter-details/34c2b3656f88f7ef
Gaetano Pirrello,67,65,15,7,28,135.0,1,0,6,0,0,0:00,0,17,7,0,6:59,1,2,http://www.ufcstats.com/fighter-details/8765559b6a29a421
Gaetano Pirrello,67,65,15,7,29,135.0,2,0,5,0,0,0:00,0,10,0,1,0:19,0,1,http://www.ufcstats.com/fighter-details/8765559b6a29a421
Shohei Nose,66,68,12,5,24,135.0,1,1,6,0,0,0:05,0,1,0,0,0:02,0,1,http://www.ufcstats.com/fighter-details/6b0e83b094f816ac
Shohei Nose,66,68,12,5,25,135.0,2,0,16,0,0,0:01,0,22,0,2,0:23,0,1,http://www.ufcstats.com/fighter-details/6b0e83b094f816ac
Shohei Nose,66,68,12,5,25,135.0,3,0,24,4,0,1:30,6,44,2,0,6:27,0,3,http://www.ufcstats.com/fighter-details/6b0e83b094f816ac
Shohei Nose,66,68,12,5,26,135.0,4,0,5,1,0,1:49,2,6,4,0,10:27,1,3,http://www.ufcstats.com/fighter-details/6b0e83b094f816ac
Carl Deaton,67,69,17,7,33,155.0,1,0,1,0,0,0:00,0,2,2,0,8:51,3,2,http://www.ufcstats.com/fighter-details/914a897455693650
Carl Deaton,67,69,17,7,33,155.0,2,0,37,0,0,0:00,0,44,3,1,3:54,0,3,http://www.ufcstats.com/fighter-details/914a897455693650
Santo Curatolo,63,62,6,2,26,125.0,1,0,21,2,0,1:22,0,91,0,0,0:21,1,3,http://www.ufcstats.com/fighter-details/b8b765e320a8db39
Gugun Gusman,67,68,8,4,32,135.0,1,0,3,0,0,0:00,0,21,2,0,1:58,1,1,http://www.ufcstats.com/fighter-details/e34e3b1fffa13a6a
Richard Jacobi,76,75,6,1,28,265.0,1,0,4,1,0,1:40,0,18,0,0,1:45,0,1,http://www.ufcstats.com/fighter-details/46f557bd44da630e
Justin Burlinson,73,74,6,1,24,170.0,1,0,2,0,0,0:00,1,5,0,1,1:05,0,1,http://www.ufcstats.com/fighter-details/dadd80ef954e54ed
Pawan Maan,67,70,7,3,36,155.0,1,0,11,0,0,2:14,0,37,3,1,6:26,1,3,http://www.ufcstats.com/fighter-details/450bacdacd706bcd
Achilles Estremadura,70,68,7,1,29,155.0,1,0,48,0,0,1:18,0,49,0,0,0:41,0,3,http://www.ufcstats.com/fighter-details/41f3cfdab0b22236
Manolo Zecchini,68,68,11,4,26,145.0,1,0,9,0,0,0:00,0,26,0,1,0:03,0,1,http://www.ufcstats.com/fighter-details/fd7ab338e4953644
Sean Sharaf,75,77,4,1,31,265.0,1,0,53,1,0,0:46,0,71,0,0,0:02,0,2,http://www.ufcstats.com/fighter-details/0f3a990526c5e706
Frank Camacho,70,73,22,10,28,170.0,1,0,106,3,0,3:04,0,145,0,0,0:25,0,3,http://www.ufcstats.com/fighter-details/764342d39cdaa54a
Frank Camacho,70,73,22,10,29,170.0,2,0,25,0,0,0:11,0,59,0,2,0:08,0,2,http://www.ufcstats.com/fighter-details/764342d39cdaa54a
Frank Camacho,70,73,22,10,30,155.0,3,1,100,0,0,0:00,0,37,1,0,0:21,0,2,http://www.ufcstats.com/fighter-details/764342d39cdaa54a
Frank Camacho,70,73,22,10,30,155.0,4,0,3,0,0,0:00,0,13,2,0,0:45,1,1,http://www.ufcstats.com/fighter-details/764342d39cdaa54a
Frank Camacho,70,73,22,10,31,155.0,5,0,4,0,0,0:00,0,16,0,1,0:03,0,1,http://www.ufcstats.com/fighter-details/764342d39cdaa54a
Frank Camacho,70,73,22,10,32,155.0,6,0,16,0,0,0:14,0,34,0,1,0:16,0,1,http://www.ufcstats.com/fighter-details/764342d39cdaa54a
Shimon Smotritsky,74,74,8,2,21,170.0,1,0,0,1,0,0:10,0,1,0,0,0:00,1,1,http://www.ufcstats.com/fighter-details/1b0491ef0f9c965e
Shimon Smotritsky,74,74,8,2,21,170.0,2,0,15,0,1,0:34,0,36,2,1,0:37,0,1,http://www.ufcstats.com/fighter-details/1b0491ef0f9c965e
Louis Cosce,69,71,7,2,24,170.0,1,1,16,0,1,0:14,0,5,0,0,0:03,0,1,http://www.ufcstats.com/fighter-details/afe8d5b39ff7fca2
Louis Cosce,69,71,7,2,25,170.0,2,0,99,1,1,0:53,0,125,1,0,3:16,0,3,http://www.ufcstats.com/fighter-details/afe8d5b39ff7fca2
Louis Cosce,69,71,7,2,27,170.0,3,0,10,1,0,3:36,1,25,2,0,2:09,0,3,http://www.ufcstats.com/fighter-details/afe8d5b39ff7fca2
Omari Akhmedov,72,73,21,6,31,185.0,1,1,52,0,0,3:14,0,41,0,0,0:02,0,3,http://www.ufcstats.com/fighter-details/16690d100f995f8f
Omari Akhmedov,72,73,21,6,31,185.0,2,1,26,2,0,3:39,0,17,0,0,0:00,0,3,http://www.ufcstats.com/fighter-details/16690d100f995f8f
Omari Akhmedov,72,73,21,6,32,185.0,3,1,55,2,0,1:33,0,53,3,0,2:30,0,3,http://www.ufcstats.com/fighter-details/16690d100f995f8f
Omari Akhmedov,72,73,21,6,32,185.0,4,0,33,4,0,1:34,0,29,5,0,8:17,0,3,http://www.ufcstats.com/fighter-details/16690d100f995f8f
Omari Akhmedov,72,73,21,6,33,185.0,5,1,25,2,0,4:34,1,1,0,0,1:00,3,2,http://www.ufcstats.com/fighter-details/16690d100f995f8f
Omari Akhmedov,72,73,21,6,33,185.0,6,0,48,2,0,1:42,0,84,0,1,0:09,0,3,http://www.ufcstats.com/fighter-details/16690d100f995f8f
Walt Harris,77,77,13,10,34,265.0,1,1,29,0,1,0:10,0,17,0,0,0:00,0,2,http://www.ufcstats.com/fighter-details/03f982ca3735070c
Walt Harris,77,77,13,10,35,265.0,2,1,17,0,1,0:05,0,1,0,0,0:00,0,1,http://www.ufcstats.com/fighter-details/03f982ca3735070c
Walt Harris,77,77,13,10,36,265.0,3,1,4,0,1,0:01,0,1,0,0,0:00,0,1,http://www.ufcstats.com/fighter-details/03f982ca3735070c
Walt Harris,77,77,13,10,36,265.0,4,0,25,0,1,0:47,0,68,1,1,4:22,0,2,http://www.ufcstats.com/fighter-details/03f982ca3735070c
Walt Harris,77,77,13,10,37,265.0,5,0,16,0,0,0:00,0,45,0,0,0:05,0,2,http://www.ufcstats.com/fighter-details/03f982ca3735070c
Walt Harris,77,77,13,10,37,265.0,6,0,23,0,0,0:06,0,4,1,0,2:18,0,1,http://www.ufcstats.com/fighter-details/03f982ca3735070c
Jared Cannonier,71,77,18,8,38,185.0,1,0,90,0,0,4:14,0,116,0,0,0:00,0,5,http://www.ufcstats.com/fighter-details/13a0275fa13c4d26
Jared Cannonier,71,77,18,8,38,185.0,2,1,141,0,0,0:00,0,152,1,0,0:48,0,5,http://www.ufcstats.com/fighter-details/13a0275fa13c4d26
Jared Cannonier,71,77,18,8,39,185.0,3,1,241,4,0,3:07,0,153,1,0,0:28,0,5,http://www.ufcstats.com/fighter-details/13a0275fa13c4d26
Jared Cannonier,71,77,18,8,40,185.0,4,0,64,1,0,6:18,0,82,2,0,1:10,0,4,http://www.ufcstats.com/fighter-details/13a0275fa13c4d26
Jared Cannonier,71,77,18,8,40,185.0,5,0,83,0,0,0:00,0,153,0,1,1:59,1,5,http://www.ufcstats.com/fighter-details/13a0275fa13c4d26
Jared Cannonier,71,77,18,8,40,185.0,6,1,98,1,2,2:09,0,93,0,2,0:17,0,4,http://www.ufcstats.com/fighter-details/13a0275fa13c4d26
Gregory Rodrigues,75,75,16,6,30,185.0,1,1,48,1,1,1:14,0,44,0,0,1:40,0,2,http://www.ufcstats.com/fighter-details/d1c65d2cf2925ddd
Gregory Rodrigues,75,75,16,6,30,185.0,2,0,21,0,0,0:10,0,22,0,1,0:01,0,1,http://www.ufcstats.com/fighter-details/d1c65d2cf2925ddd
Gregory Rodrigues,75,75,16,6,31,185.0,3,1,5,1,0,0:47,0,2,0,0,0:00,0,1,http://www.ufcstats.com/fighter-details/d1c65d2cf2925ddd
Gregory Rodrigues,75,75,16,6,31,185.0,4,1,71,2,0,3:18,0,37,0,0,0:00,0,3,http://www.ufcstats.com/fighter-details/d1c65d2cf2925ddd
Gregory Rodrigues,75,75,16,6,32,185.0,5,1,45,4,0,8:20,0,29,0,0,1:45,0,3,http://www.ufcstats.com/fighter-details/d1c65d2cf2925ddd
Gregory Rodrigues,75,75,16,6,32,185.0,6,0,93,0,2,0:17,0,98,1,2,2:09,0,4,http://www.ufcstats.com/fighter-details/d1c65d2cf2925ddd
Nassourdine Imavov,75,75,16,4,27,185.0,1,1,51,2,0,3:56,2,46,0,0,0:29,0,3,http://www.ufcstats.com/fighter-details/881bf86d4cba8578
Nassourdine Imavov,75,75,16,4,27,205.0,2,0,123,0,0,0:12,0,182,1,0,4:12,0,5,http://www.ufcstats.com/fighter-details/881bf86d4cba8578
Nassourdine Imavov,75,75,16,4,28,185.0,3,1,112,0,1,3:52,1,34,0,0,10:11,0,5,http://www.ufcstats.com/fighter-details/881bf86d4cba8578
Nassourdine Imavov,75,75,16,4,29,185.0,4,1,82,2,0,1:10,0,64,1,0,6:18,0,4,http://www.ufcstats.com/fighter-details/881bf86d4cba8578
Nassourdine Imavov,75,75,16,4,29,185.0,5,1,57,0,0,5:47,0,30,1,0,6:06,0,3,http://www.ufcstats.com/fighter-details/881bf86d4cba8578
Nassourdine Imavov,75,75,16,4,29,185.0,6,1,15,0,1,0:44,0,26,0,0,0:00,0,2,http://www.ufcstats.com/fighter-details/881bf86d4cba8578
Israel Adesanya,76,80,24,5,32,185.0,1,1,116,0,0,0:00,0,90,0,0,4:14,0,5,http://www.ufcstats.com/fighter-details/1338e2c7480bdf9e
Israel Adesanya,76,80,24,5,33,185.0,2,0,86,1,0,6:34,0,91,1,0,0:31,0,5,http://www.ufcstats.com/fighter-details/1338e2c7480bdf9e
Israel Adesanya,76,80,24,5,33,185.0,3,1,41,0,1,0:03,0,49,0,0,0:00,0,2,http://www.ufcstats.com/fighter-details/1338e2c7480bdf9e
Israel Adesanya,76,80,24,5,34,185.0,4,0,94,0,0,0:00,0,137,0,1,0:14,0,5,http://www.ufcstats.com/fighter-details/1338e2c7480bdf9e
Israel Adesanya,76,80,24,5,35,185.0,5,0,97,0,0,0:09,0,90,4,0,3:39,2,4,http://www.ufcstats.com/fighter-details/1338e2c7480bdf9e
Israel Adesanya,76,80,24,5,35,185.0,6,0,26,0,0,0:00,0,15,0,1,0:44,0,2,http://www.ufcstats.com/fighter-details/1338e2c7480bdf9e
Anthony Hernandez,72,75,14,2,28,185.0,1,1,48,8,0,10:45,3,31,1,0,2:37,1,3,http://www.ufcstats.com/fighter-details/093e1f5bb73850be
Anthony Hernandez,72,75,14,2,28,185.0,2,1,39,8,0,8:45,2,25,0,0,0:25,0,3,http://www.ufcstats.com/fighter-details/093e1f5bb73850be
Anthony Hernandez,72,75,14,2,29,185.0,3,1,63,6,0,7:11,4,30,1,0,0:41,1,3,http://www.ufcstats.com/fighter-details/093e1f5bb73850be
Anthony Hernandez,72,75,14,2,30,185.0,4,1,34,3,0,4:05,2,35,0,0,0:00,0,2,http://www.ufcstats.com/fighter-details/093e1f5bb73850be
Anthony Hernandez,72,75,14,2,31,185.0,5,1,152,10,0,15:42,0,24,0,0,0:56,1,5,http://www.ufcstats.com/fighter-details/093e1f5bb73850be
Anthony Hernandez,72,75,14,2,31,185.0,6,1,30,4,0,10:22,0,14,0,0,2:58,1,3,http://www.ufcstats.com/fighter-details/093e1f5bb73850be
Brendan Allen,74,75,24,7,27,185.0,1,1,42,1,0,4:12,2,43,0,0,0:15,0,3,http://www.ufcstats.com/fighter-details/2f181c0467965b98
Brendan Allen,74,75,24,7,27,185.0,2,1,30,0,1,2:29,1,20,0,0,0:02,0,1,http://www.ufcstats.com/fighter-details/2f181c0467965b98
Brendan Allen,74,75,24,7,27,185.0,3,1,32,2,0,7:58,2,6,0,0,0:34,1,3,http://www.ufcstats.com/fighter-details/2f181c0467965b98
Brendan Allen,74,75,24,7,28,185.0,4,1,112,6,0,6:05,0,124,0,0,1:18,0,5,http://www.ufcstats.com/fighter-details/2f181c0467965b98
Brendan Allen,74,75,24,7,28,185.0,5,0,30,1,0,6:06,0,57,0,0,5:47,0,3,http://www.ufcstats.com/fighter-details/2f181c0467965b98
Brendan Allen,74,75,24,7,29,185.0,6,0,14,0,0,2:58,1,30,4,0,10:22,0,3,http://www.ufcstats.com/fighter-details/2f181c0467965b98
Song Yadong,68,67,22,8,24,135.0,1,1,14,0,1,0:00,0,9,0,0,0:00,0,1,http://www.ufcstats.com/fighter-details/efb96bf3e9ada36f
Song Yadong,68,67,22,8,24,135.0,2,0,54,2,0,1:39,0,94,1,0,3:47,0,4,http://www.ufcstats.com/fighter-details/efb96bf3e9ada36f
Song Yadong,68,67,22,8,25,135.0,3,1,105,0,2,0:27,0,60,2,0,0:51,0,5,http://www.ufcstats.com/fighter-details/efb96bf3e9ada36f
Song Yadong,68,67,22,8,26,135.0,4,1,77,2,0,11:01,0,87,0,0,0:00,0,5,http://www.ufcstats.com/fighter-details/efb96bf3e9ada36f
Song Yadong,68,67,22,8,26,135.0,5,0,86,1,0,1:40,0,99,2,0,1:47,0,3,http://www.ufcstats.com/fighter-details/efb96bf3e9ada36f
Song Yadong,68,67,22,8,27,135.0,6,1,84,0,0,0:00,0,67,0,0,0:00,0,3,http://www.ufcstats.com/fighter-details/efb96bf3e9ada36f
Rob Font,68,71,22,8,34,135.0,1,0,271,1,0,0:18,0,159,0,3,2:05,0,5,http://www.ufcstats.com/fighter-details/05339613bf8e9808
Rob Font,68,71,22,8,35,135.0,2,1,33,0,1,0:04,0,25,0,0,0:00,0,1,http://www.ufcstats.com/fighter-details/05339613bf8e9808
Rob Font,68,71,22,8,36,135.0,3,0,9,1,0,1:08,0,34,7,0,19:38,1,5,http://www.ufcstats.com/fighter-details/05339613bf8e9808
Rob Font,68,71,22,8,36,135.0,4,0,46,0,0,0:22,0,45,4,0,4:02,0,3,http://www.ufcstats.com/fighter-details/05339613bf8e9808
Rob Font,68,71,22,8,37,135.0,5,1,61,0,0,1:19,0,38,4,0,4:42,0,3,http://www.ufcstats.com/fighter-details/05339613bf8e9808
Rob Font,68,71,22,8,37,135.0,6,1,95,0,0,1:18,1,77,7,0,6:15,0,3,http://www.ufcstats.com/fighter-details/05339613bf8e9808
Jean Matsumoto,66,68,16,1,24,135.0,1,1,100,0,0,0:30,0,99,2,0,3:11,0,3,http://www.ufcstats.com/fighter-details/ffd3224638c01b57
Jean Matsumoto,66,68,16,1,24,135.0,2,1,19,2,0,1:34,1,14,9,0,6:01,0,2,http://www.ufcstats.com/fighter-details/ffd3224638c01b57
Jean Matsumoto,66,68,16,1,25,135.0,3,1,89,1,0,2:04,0,89,3,0,3:35,0,3,http://www.ufcstats.com/fighter-details/ffd3224638c01b57
Jean Matsumoto,66,68,16,1,25,135.0,4,0,77,7,0,6:15,0,95,0,0,1:18,1,3,http://www.ufcstats.com/fighter-details/ffd3224638c01b57
Ibo Aslan,75,77,14,2,27,205.0,1,1,21,0,1,0:01,0,8,0,0,0:00,0,1,http://www.ufcstats.com/fighter-details/6e8f1bcdda94ff45
Ibo Aslan,75,77,14,2,27,205.0,2,1,74,0,1,0:02,0,55,0,0,0:18,0,3,http://www.ufcstats.com/fighter-details/6e8f1bcdda94ff45
Ibo Aslan,75,77,14,2,28,205.0,3,1,28,0,0,0:00,0,1,0,0,0:00,0,1,http://www.ufcstats.com/fighter-details/6e8f1bcdda94ff45
Ibo Aslan,75,77,14,2,28,205.0,4,0,15,0,0,0:00,0,14,2,0,1:06,1,1,http://www.ufcstats.com/fighter-details/6e8f1bcdda94ff45
Rafael Cerqueira,75,76,11,2,33,205.0,1,0,1,0,0,0:00,0,28,0,0,0:00,0,1,http://www.ufcstats.com/fighter-details/09a4447655fd4b7b
Rafael Cerqueira,75,76,11,2,33,205.0,2,0,9,0,0,0:00,0,16,0,1,0:02,0,1,http://www.ufcstats.com/fighter-details/09a4447655fd4b7b
Andre Fili,71,74,24,12,32,145.0,1,1,59,1,0,4:18,2,81,0,0,0:07,0,3,http://www.ufcstats.com/fighter-details/8fd808923cffff82
Andre Fili,71,74,24,12,33,145.0,2,0,58,0,1,2:55,0,84,1,1,1:47,0,3,http://www.ufcstats.com/fighter-details/8fd808923cffff82
Andre Fili,71,74,24,12,33,145.0,3,1,20,0,1,0:15,0,10,0,0,0:00,0,1,http://www.ufcstats.com/fighter-details/8fd808923cffff82
Andre Fili,71,74,24,12,33,145.0,4,0,8,0,0,0:00,0,11,0,1,0:01,0,1,http://www.ufcstats.com/fighter-details/8fd808923cffff82
Andre Fili,71,74,24,12,34,145.0,5,1,67,2,0,3:50,0,62,0,0,0:29,0,3,http://www.ufcstats.com/fighter-details/8fd808923cffff82
Andre Fili,71,74,24,12,34,145.0,6,0,7,1,0,0:24,0,27,0,0,0:00,1,1,http://www.ufcstats.com/fighter-details/8fd808923cffff82
Vinicius Oliveira,69,70,22,3,27,135.0,1,1,29,0,1,0:00,0,7,0,0,0:04,0,1,http://www.ufcstats.com/fighter-details/18d01f7f8338ae72
Vinicius Oliveira,69,70,22,3,28,135.0,2,1,67,2,1,1:37,0,45,3,0,4:28,0,3,http://www.ufcstats.com/fighter-details/18d01f7f8338ae72
Vinicius Oliveira,69,70,22,3,28,135.0,3,1,96,1,0,0:16,0,42,2,0,0:31,0,3,http://www.ufcstats.com/fighter-details/18d01f7f8338ae72
Vinicius Oliveira,69,70,22,3,29,135.0,4,1,43,3,0,7:12,1,38,1,0,0:58,0,3,http://www.ufcstats.com/fighter-details/18d01f7f8338ae72
Said Nurmagomedov,68,70,18,4,29,135.0,1,1,7,0,0,0:02,1,1,0,0,0:10,0,1,http://www.ufcstats.com/fighter-details/0fd5f4b838e890cc
Said Nurmagomedov,68,70,18,4,30,135.0,2,1,42,1,0,0:22,0,28,1,0,4:12,0,3,http://www.ufcstats.com/fighter-details/0fd5f4b838e890cc
Said Nurmagomedov,68,70,18,4,30,135.0,3,1,7,0,0,0:25,3,11,5,0,7:52,1,2,http://www.ufcstats.com/fighter-details/0fd5f4b838e890cc
Said Nurmagomedov,68,70,18,4,30,135.0,4,0,47,3,0,4:21,2,38,0,0,6:09,1,3,http://www.ufcstats.com/fighter-details/0fd5f4b838e890cc
Said Nurmagomedov,68,70,18,4,31,135.0,5,1,5,0,0,0:03,1,1,0,0,0:07,0,1,http://www.ufcstats.com/fighter-details/0fd5f4b838e890cc
Said Nurmagomedov,68,70,18,4,32,135.0,6,0,38,1,0,0:58,0,43,3,0,7:12,1,3,http://www.ufcstats.com/fighter-details/0fd5f4b838e890cc
Benardo Sopaj,66,66,12,3,23,135.0,1,0,45,3,0,4:28,0,67,2,1,1:37,0,3,http://www.ufcstats.com/fighter-details/b6c37948cb226e8c
Benardo Sopaj,66,66,12,3,24,135.0,2,1,81,2,1,2:30,0,78,1,0,1:56,0,3,http://www.ufcstats.com/fighter-details/b6c37948cb226e8c
Julius Walker,76,78,6,1,25,205.0,1,0,86,1,0,5:31,0,87,0,0,0:43,0,3,http://www.ufcstats.com/fighter-details/6add18754930182b
Nick Klein,73,77,6,2,29,185.0,1,1,1,1,0,0:27,1,1,0,0,0:00,0,1,http://www.ufcstats.com/fighter-details/7eaa5e31c2dd86aa
Nick Klein,73,77,6,2,29,185.0,2,0,28,1,0,3:01,0,29,1,0,0:35,0,2,http://www.ufcstats.com/fighter-details/7eaa5e31c2dd86aa
Henry Cejudo,64,64,16,5,31,125.0,1,1,18,0,1,0:00,0,1,0,0,0:09,0,1,http://www.ufcstats.com/fighter-details/056c493bbd76a918
Henry Cejudo,64,64,16,5,32,135.0,2,1,90,1,0,2:40,1,57,0,0,0:00,0,3,http://www.ufcstats.com/fighter-details/056c493bbd76a918
Henry Cejudo,64,64,16,5,33,135.0,3,1,53,1,1,0:14,0,33,0,0,0:00,0,2,http://www.ufcstats.com/fighter-details/056c493bbd76a918
Henry Cejudo,64,64,16,5,36,135.0,4,0,99,3,0,5:06,0,135,4,0,4:00,0,5,http://www.ufcstats.com/fighter-details/056c493bbd76a918
Henry Cejudo,64,64,16,5,37,135.0,5,0,29,1,0,2:05,0,74,5,0,4:23,1,3,http://www.ufcstats.com/fighter-details/056c493bbd76a918
Henry Cejudo,64,64,16,5,38,135.0,6,0,67,0,0,0:00,0,84,0,0,0:00,0,3,http://www.ufcstats.com/fighter-details/056c493bbd76a918
Ismael Bonfim,68,71,20,5,26,155.0,1,1,85,1,1,0:06,0,45,0,0,0:21,0,3,http://www.ufcstats.com/fighter-details/eb393afdbe3293d5
Ismael Bonfim,68,71,20,5,27,155.0,2,1,34,1,1,0:48,0,14,0,0,2:16,0,2,http://www.ufcstats.com/fighter-details/eb393afdbe3293d5
Ismael Bonfim,68,71,20,5,27,155.0,3,0,14,0,0,0:10,0,13,2,0,2:57,2,1,http://www.ufcstats.com/fighter-details/eb393afdbe3293d5
Ismael Bonfim,68,71,20,5,28,155.0,4,1,111,1,0,0:30,0,61,1,0,0:29,0,3,http://www.ufcstats.com/fighter-details/eb393afdbe3293d5
Ismael Bonfim,68,71,20,5,29,155.0,5,0,26,0,0,0:00,0,13,0,0,0:35,0,1,http://www.ufcstats.com/fighter-details/eb393afdbe3293d5
Youssef Zalal,70,72,17,5,24,145.0,1,0,23,3,0,4:29,1,41,2,0,3:39,0,3,http://www.ufcstats.com/fighter-details/52c2ae6d2f2d2613
Youssef Zalal,70,72,17,5,24,145.0,2,0,42,2,0,6:21,0,40,0,0,1:03,2,3,http://www.ufcstats.com/fighter-details/52c2ae6d2f2d2613
Youssef Zalal,70,72,17,5,27,145.0,3,1,33,2,0,2:55,2,10,0,0,0:21,0,2,http://www.ufcstats.com/fighter-details/52c2ae6d2f2d2613
Youssef Zalal,70,72,17,5,27,145.0,4,1,10,1,0,1:08,1,6,0,0,0:00,0,1,http://www.ufcstats.com/fighter-details/52c2ae6d2f2d2613
Youssef Zalal,70,72,17,5,28,145.0,5,1,13,1,1,2:07,1,8,2,0,1:49,0,2,http://www.ufcstats.com/fighter-details/52c2ae6d2f2d2613
Youssef Zalal,70,72,17,5,28,145.0,6,1,74,0,0,0:00,0,38,0,0,0:00,0,3,http://www.ufcstats.com/fighter-details/52c2ae6d2f2d2613
Calvin Kattar,71,72,23,9,32,145.0,1,0,133,0,0,0:05,0,445,0,0,0:27,0,5,http://www.ufcstats.com/fighter-details/751de04455cfaac0
Calvin Kattar,71,72,23,9,33,145.0,2,1,144,2,1,3:42,1,128,0,0,0:09,0,5,http://www.ufcstats.com/fighter-details/751de04455cfaac0
Calvin Kattar,71,72,23,9,34,145.0,3,0,130,0,0,0:00,0,107,0,0,0:04,0,5,http://www.ufcstats.com/fighter-details/751de04455cfaac0
Calvin Kattar,71,72,23,9,34,145.0,4,0,14,0,0,0:00,0,28,0,0,0:23,0,2,http://www.ufcstats.com/fighter-details/751de04455cfaac0
Calvin Kattar,71,72,23,9,36,145.0,5,0,8,0,0,0:05,0,39,8,0,10:43,0,3,http://www.ufcstats.com/fighter-details/751de04455cfaac0
Calvin Kattar,71,72,23,9,36,145.0,6,0,38,0,0,0:00,0,74,0,0,0:00,0,3,http://www.ufcstats.com/fighter-details/751de04455cfaac0
Tallison Teixeira,79,83,8,0,24,265.0,1,1,29,0,1,0:02,0,19,0,0,0:00,0,1,http://www.ufcstats.com/fighter-details/17923f676f100e16
Tallison Teixeira,79,83,8,0,25,265.0,2,1,8,0,1,0:11,0,0,0,0,0:00,0,1,http://www.ufcstats.com/fighter-details/17923f676f100e16
Jake Matthews,71,73,21,7,27,170.0,1,1,47,0,1,0:00,0,18,0,0,0:00,0,2,http://www.ufcstats.com/fighter-details/a845f0735bc67405
Jake Matthews,71,73,21,7,28,170.0,2,0,32,1,0,1:42,1,45,3,3,4:16,0,3,http://www.ufcstats.com/fighter-details/a845f0735bc67405
Jake Matthews,71,73,21,7,28,170.0,3,1,60,0,0,1:15,1,36,1,0,1:03,0,2,http://www.ufcstats.com/fighter-details/a845f0735bc67405
Jake Matthews,71,73,21,7,29,170.0,4,0,57,0,0,0:03,0,84,0,0,0:07,0,3,http://www.ufcstats.com/fighter-details/a845f0735bc67405
Jake Matthews,71,73,21,7,29,170.0,5,1,66,1,0,3:04,0,34,0,0,1:50,0,3,http://www.ufcstats.com/fighter-details/a845f0735bc67405
Jake Matthews,71,73,21,7,30,170.0,6,1,68,0,0,0:40,0,59,1,0,2:16,0,3,http://www.ufcstats.com/fighter-details/a845f0735bc67405
Francisco Prado,70,69,12,3,20,155.0,1,0,28,0,0,0:10,1,59,3,0,4:47,0,3,http://www.ufcstats.com/fighter-details/3920d0cc288f9b0d
Francisco Prado,70,69,12,3,21,155.0,2,1,38,0,1,0:49,0,14,0,0,0:00,0,1,http://www.ufcstats.com/fighter-details/3920d0cc288f9b0d
Francisco Prado,70,69,12,3,21,155.0,3,0,90,0,0,0:25,0,120,0,0,0:05,0,3,http://www.ufcstats.com/fighter-details/3920d0cc288f9b0d
Francisco Prado,70,69,12,3,22,170.0,4,0,59,1,0,2:16,0,68,0,0,0:40,0,3,http://www.ufcstats.com/fighter-details/3920d0cc288f9b0d
Cesar Almeida,73,74,7,1,35,185.0,1,1,71,0,0,5:43,0,28,3,0,5:44,1,3,http://www.ufcstats.com/fighter-details/64d47ef881a437a4
Cesar Almeida,73,74,7,1,36,185.0,2,1,29,0,0,0:12,0,1,3,0,5:53,0,2,http://www.ufcstats.com/fighter-details/64d47ef881a437a4
Cesar Almeida,73,74,7,1,36,185.0,3,0,58,0,0,0:00,0,41,5,1,8:39,0,3,http://www.ufcstats.com/fighter-details/64d47ef881a437a4
Cesar Almeida,73,74,7,1,36,185.0,4,1,57,0,0,2:15,1,44,3,0,3:32,0,3,http://www.ufcstats.com/fighter-details/64d47ef881a437a4
Cesar Almeida,73,74,7,1,36,185.0,5,1,20,0,1,0:03,0,17,0,1,1:31,0,1,http://www.ufcstats.com/fighter-details/64d47ef881a437a4
Carlston Harris,72,76,19,7,34,170.0,1,1,24,0,1,0:21,0,6,0,0,0:00,0,1,http://www.ufcstats.com/fighter-details/a53d30163304aa6e
Carlston Harris,72,76,19,7,34,170.0,2,0,10,0,0,0:44,0,13,1,1,0:52,0,1,http://www.ufcstats.com/fighter-details/a53d30163304aa6e
Carlston Harris,72,76,19,7,35,170.0,3,1,63,5,0,9:38,0,51,0,0,0:02,0,3,http://www.ufcstats.com/fighter-details/a53d30163304aa6e
Carlston Harris,72,76,19,7,36,170.0,4,1,5,0,0,0:13,1,18,3,0,9:26,2,3,http://www.ufcstats.com/fighter-details/a53d30163304aa6e
Carlston Harris,72,76,19,7,36,170.0,5,0,14,0,0,0:00,0,12,0,1,0:01,0,1,http://www.ufcstats.com/fighter-details/a53d30163304aa6e
Carlston Harris,72,76,19,7,37,170.0,6,0,73,0,1,0:17,0,76,0,1,0:38,0,3,http://www.ufcstats.com/fighter-details/a53d30163304aa6e
Abdul Razak Alhassan,70,73,12,7,35,185.0,1,0,21,0,0,0:02,0,27,8,0,11:41,2,3,http://www.ufcstats.com/fighter-details/eae431e70064e046
Abdul Razak Alhassan,70,73,12,7,36,185.0,2,1,1,0,1,0:00,0,1,0,0,0:00,0,1,http://www.ufcstats.com/fighter-details/eae431e70064e046
Abdul Razak Alhassan,70,73,12,7,36,185.0,3,0,46,3,0,3:34,0,51,5,0,2:05,0,3,http://www.ufcstats.com/fighter-details/eae431e70064e046
Abdul Razak Alhassan,70,73,12,7,37,185.0,4,1,17,0,1,3:09,0,19,0,0,0:16,0,2,http://www.ufcstats.com/fighter-details/eae431e70064e046
Abdul Razak Alhassan,70,73,12,7,38,185.0,5,0,11,0,0,0:08,1,26,3,0,1:07,2,2,http://www.ufcstats.com/fighter-details/eae431e70064e046
Abdul Razak Alhassan,70,73,12,7,39,185.0,6,0,17,0,1,1:31,0,20,0,1,0:03,0,1,http://www.ufcstats.com/fighter-details/eae431e70064e046
Roman Kopylov,72,75,14,3,31,185.0,1,1,82,1,0,0:10,0,39,0,0,0:06,0,2,http://www.ufcstats.com/fighter-details/9d83f6da776ff7d6
Roman Kopylov,72,75,14,3,32,185.0,2,1,32,0,1,0:03,0,32,0,0,0:16,0,2,http://www.ufcstats.com/fighter-details/9d83f6da776ff7d6
Roman Kopylov,72,75,14,3,32,185.0,3,1,49,0,1,0:03,0,38,0,0,0:50,0,2,http://www.ufcstats.com/fighter-details/9d83f6da776ff7d6
Roman Kopylov,72,75,14,3,32,185.0,4,0,35,0,0,0:00,0,34,3,0,4:05,2,2,http://www.ufcstats.com/fighter-details/9d83f6da776ff7d6
Roman Kopylov,72,75,14,3,33,185.0,5,1,41,5,1,8:39,0,58,0,0,0:00,0,3,http://www.ufcstats.com/fighter-details/9d83f6da776ff7d6
Roman Kopylov,72,75,14,3,33,185.0,6,1,130,1,1,0:49,0,142,0,0,0:00,0,3,http://www.ufcstats.com/fighter-details/9d83f6da776ff7d6
Chris Curtis,70,75,31,12,35,185.0,1,0,43,0,0,0:00,0,100,0,0,0:00,0,3,http://www.ufcstats.com/fighter-details/5442f1bc4b47eaf3
Chris Curtis,70,75,31,12,35,185.0,2,1,36,0,1,0:06,0,50,0,0,0:00,0,2,http://www.ufcstats.com/fighter-details/5442f1bc4b47eaf3
Chris Curtis,70,75,31,12,35,185.0,3,0,70,0,0,0:01,0,83,0,0,1:21,0,3,http://www.ufcstats.com/fighter-details/5442f1bc4b47eaf3
Chris Curtis,70,75,31,12,36,185.0,4,1,140,0,0,0:00,0,122,0,0,0:00,0,3,http://www.ufcstats.com/fighter-details/5442f1bc4b47eaf3
Chris Curtis,70,75,31,12,36,185.0,5,0,124,0,0,1:18,0,112,6,0,6:05,0,5,http://www.ufcstats.com/fighter-details/5442f1bc4b47eaf3
Chris Curtis,70,75,31,12,37,185.0,6,0,142,0,0,0:00,0,130,1,1,0:49,0,3,http://www.ufcstats.com/fighter-details/5442f1bc4b47eaf3
Javid Basharat,69,69,14,2,26,135.0,1,1,70,3,0,10:01,1,12,0,0,0:02,0,3,http://www.ufcstats.com/fighter-details/bbab3baf66128ae2
Javid Basharat,69,69,14,2,26,135.0,2,1,89,0,0,0:00,0,62,0,0,0:03,0,3,http://www.ufcstats.com/fighter-details/bbab3baf66128ae2
Javid Basharat,69,69,14,2,27,135.0,3,1,80,2,0,3:13,0,33,2,0,1:43,0,3,http://www.ufcstats.com/fighter-details/bbab3baf66128ae2
Javid Basharat,69,69,14,2,27,135.0,4,1,95,3,0,5:19,0,29,2,0,2:19,0,3,http://www.ufcstats.com/fighter-details/bbab3baf66128ae2
Javid Basharat,69,69,14,2,28,135.0,5,0,67,0,0,0:00,0,75,0,0,0:13,0,3,http://www.ufcstats.com/fighter-details/bbab3baf66128ae2
Javid Basharat,69,69,14,2,29,135.0,6,0,20,0,0,0:01,0,11,1,1,1:16,0,1,http://www.ufcstats.com/fighter-details/bbab3baf66128ae2
Jiri Prochazka,75,80,31,5,28,205.0,1,1,77,1,1,1:35,0,63,1,0,0:29,1,2,http://www.ufcstats.com/fighter-details/009341ed974bad72
Jiri Prochazka,75,80,31,5,29,205.0,2,1,120,0,0,4:29,1,111,5,0,9:47,1,5,http://www.ufcstats.com/fighter-details/009341ed974bad72
Jiri Prochazka,75,80,31,5,31,205.0,3,0,30,1,0,2:45,0,38,0,1,0:08,1,2,http://www.ufcstats.com/fighter-details/009341ed974bad72
Jiri Prochazka,75,80,31,5,31,205.0,4,1,69,1,0,0:38,0,58,0,0,0:00,0,2,http://www.ufcstats.com/fighter-details/009341ed974bad72
Jiri Prochazka,75,80,31,5,31,205.0,5,0,7,0,0,1:11,0,38,0,2,0:03,0,2,http://www.ufcstats.com/fighter-details/009341ed974bad72
Jiri Prochazka,75,80,31,5,32,205.0,6,1,97,0,2,0:22,0,81,0,0,0:00,0,3,http://www.ufcstats.com/fighter-details/009341ed974bad72
Islam Makhachev,70,70,27,1,30,155.0,1,1,14,1,0,1:57,0,9,0,0,0:00,0,1,http://www.ufcstats.com/fighter-details/275aca31f61ba28c
Islam Makhachev,70,70,27,1,30,155.0,2,1,30,2,1,5:05,1,19,0,0,0:42,0,2,http://www.ufcstats.com/fighter-details/275aca31f61ba28c
Islam Makhachev,70,70,27,1,31,155.0,3,1,57,4,0,7:37,0,70,0,1,2:55,0,5,http://www.ufcstats.com/fighter-details/275aca31f61ba28c
Islam Makhachev,70,70,27,1,31,155.0,4,1,24,0,1,0:19,0,4,0,0,0:49,0,1,http://www.ufcstats.com/fighter-details/275aca31f61ba28c
Islam Makhachev,70,70,27,1,32,155.0,5,1,88,5,0,10:23,2,74,0,0,0:30,0,5,http://www.ufcstats.com/fighter-details/275aca31f61ba28c
Islam Makhachev,70,70,27,1,33,155.0,6,1,6,1,0,1:27,1,9,0,0,0:00,0,1,http://www.ufcstats.com/fighter-details/275aca31f61ba28c
Ricky Turcios,69,71,13,5,24,135.0,1,0,110,0,0,0:00,0,61,0,0,0:00,0,3,http://www.ufcstats.com/fighter-details/cd3d7e37ff2d679c
Ricky Turcios,69,71,13,5,28,135.0,2,1,100,2,1,2:32,0,66,6,0,7:40,0,3,http://www.ufcstats.com/fighter-details/cd3d7e37ff2d679c
Ricky Turcios,69,71,13,5,29,135.0,3,0,27,0,0,0:00,0,54,0,0,0:00,0,3,http://www.ufcstats.com/fighter-details/cd3d7e37ff2d679c
Ricky Turcios,69,71,13,5,29,135.0,4,1,68,2,0,6:17,1,41,7,1,5:00,0,3,http://www.ufcstats.com/fighter-details/cd3d7e37ff2d679c
Ricky Turcios,69,71,13,5,31,135.0,5,0,7,0,0,0:52,1,3,4,0,5:49,1,2,http://www.ufcstats.com/fighter-details/cd3d7e37ff2d679c
Ricky Turcios,69,71,13,5,31,135.0,6,0,78,1,0,1:56,0,81,2,1,2:30,0,3,http://www.ufcstats.com/fighter-details/cd3d7e37ff2d679c
Aleksei Oleinik,74,80,60,17,42,265.0,1,1,94,0,0,3:53,0,53,3,0,3:55,1,3,http://www.ufcstats.com/fighter-details/98c23cb6da5b3352
Aleksei Oleinik,74,80,60,17,43,265.0,2,0,2,1,0,2:21,2,35,1,1,2:39,0,2,http://www.ufcstats.com/fighter-details/98c23cb6da5b3352
Aleksei Oleinik,74,80,60,17,43,265.0,3,0,5,0,0,0:24,0,34,0,0,0:19,0,1,http://www.ufcstats.com/fighter-details/98c23cb6da5b3352
Aleksei Oleinik,74,80,60,17,43,265.0,4,0,59,1,0,3:31,1,71,0,0,4:51,0,3,http://www.ufcstats.com/fighter-details/98c23cb6da5b3352
Aleksei Oleinik,74,80,60,17,44,265.0,5,1,8,0,0,0:44,1,15,0,0,0:54,0,1,http://www.ufcstats.com/fighter-details/98c23cb6da5b3352
Aleksei Oleinik,74,80,60,17,45,265.0,6,0,28,0,0,0:02,0,38,3,0,8:29,0,3,http://www.ufcstats.com/fighter-details/98c23cb6da5b3352
Uros Medic,73,71,10,3,28,155.0,1,0,6,0,0,0:00,0,25,1,0,2:24,1,1,http://www.ufcstats.com/fighter-details/681399317dbf4701
Uros Medic,73,71,10,3,29,155.0,2,1,47,0,2,0:02,0,33,0,0,0:00,0,2,http://www.ufcstats.com/fighter-details/681399317dbf4701
Uros Medic,73,71,10,3,30,170.0,3,1,69,1,1,0:22,0,52,0,1,1:13,0,3,http://www.ufcstats.com/fighter-details/681399317dbf4701
Uros Medic,73,71,10,3,30,170.0,4,0,14,0,0,0:02,0,8,7,0,7:26,1,2,http://www.ufcstats.com/fighter-details/681399317dbf4701
Uros Medic,73,71,10,3,31,170.0,5,1,7,0,1,0:04,0,7,0,0,1:18,0,1,http://www.ufcstats.com/fighter-details/681399317dbf4701
Uros Medic,73,71,10,3,31,170.0,6,0,2,0,0,0:00,0,13,0,1,0:04,0,1,http://www.ufcstats.com/fighter-details/681399317dbf4701
Felipe Bunes,67,69,14,7,34,125.0,1,0,50,2,0,2:02,0,83,1,1,1:14,0,2,http://www.ufcstats.com/fighter-details/53c10176e3bc7416
Felipe Bunes,67,69,14,7,35,125.0,2,1,2,0,0,0:11,2,8,0,0,0:48,0,1,http://www.ufcstats.com/fighter-details/53c10176e3bc7416
Ihor Potieria,75,75,20,8,26,205.0,1,0,5,0,0,0:00,0,13,0,1,0:08,0,1,http://www.ufcstats.com/fighter-details/260bd4cef10b033f
Ihor Potieria,75,75,20,8,27,205.0,2,0,73,0,1,1:41,0,80,1,0,2:49,0,2,http://www.ufcstats.com/fighter-details/260bd4cef10b033f
Ihor Potieria,75,75,20,8,27,185.0,3,1,67,0,1,2:37,0,32,0,0,0:30,0,3,http://www.ufcstats.com/fighter-details/260bd4cef10b033f
Ihor Potieria,75,75,20,8,27,185.0,4,0,2,0,0,0:00,0,6,0,0,0:09,1,1,http://www.ufcstats.com/fighter-details/260bd4cef10b033f
Ihor Potieria,75,75,20,8,28,185.0,5,0,44,3,0,3:32,0,57,0,0,2:15,1,3,http://www.ufcstats.com/fighter-details/260bd4cef10b033f
Ihor Potieria,75,75,20,8,28,185.0,6,0,6,0,0,0:00,0,29,0,1,0:26,0,1,http://www.ufcstats.com/fighter-details/260bd4cef10b033f
Trey Ogden,71,72,18,7,32,155.0,1,0,41,1,0,2:02,2,69,0,0,5:17,0,3,http://www.ufcstats.com/fighter-details/cfc3e7bb44685289
Trey Ogden,71,72,18,7,32,155.0,2,1,71,1,0,0:38,0,52,0,0,0:00,0,3,http://www.ufcstats.com/fighter-details/cfc3e7bb44685289
Trey Ogden,71,72,18,7,33,155.0,3,0,42,0,0,0:00,0,99,0,0,0:00,0,3,http://www.ufcstats.com/fighter-details/cfc3e7bb44685289
Trey Ogden,71,72,18,7,34,155.0,4,1,35,3,0,11:09,0,29,0,0,0:10,0,3,http://www.ufcstats.com/fighter-details/cfc3e7bb44685289
Trey Ogden,71,72,18,7,34,155.0,5,1,24,4,0,9:47,2,42,0,0,1:36,0,3,http://www.ufcstats.com/fighter-details/cfc3e7bb44685289
Trey Ogden,71,72,18,7,35,155.0,6,0,59,1,0,0:11,0,55,0,0,7:30,0,3,http://www.ufcstats.com/fighter-details/cfc3e7bb44685289
Umar Nurmagomedov,68,69,18,1,26,145.0,1,1,18,1,0,1:27,1,1,0,0,0:06,0,1,http://www.ufcstats.com/fighter-details/2b6fc1c02736833d
Umar Nurmagomedov,68,69,18,1,26,135.0,2,1,74,3,0,10:49,0,2,0,0,0:00,0,3,http://www.ufcstats.com/fighter-details/2b6fc1c02736833d
Umar Nurmagomedov,68,69,18,1,27,135.0,3,1,36,0,1,0:02,0,13,0,0,0:00,0,1,http://www.ufcstats.com/fighter-details/2b6fc1c02736833d
Umar Nurmagomedov,68,69,18,1,28,135.0,4,1,68,5,0,11:26,0,3,0,1,0:34,0,3,http://www.ufcstats.com/fighter-details/2b6fc1c02736833d
Umar Nurmagomedov,68,69,18,1,28,135.0,5,1,98,5,0,5:11,0,71,0,0,0:12,0,5,http://www.ufcstats.com/fighter-details/2b6fc1c02736833d
Umar Nurmagomedov,68,69,18,1,29,135.0,6,0,104,2,0,1:37,0,111,7,0,2:22,0,5,http://www.ufcstats.com/fighter-details/2b6fc1c02736833d
Preston Parsons,71,71,11,6,26,170.0,1,0,23,0,0,0:15,0,45,0,0,0:09,0,1,http://www.ufcstats.com/fighter-details/9fe7af8b3fbe00a0
Preston Parsons,71,71,11,6,26,170.0,2,1,75,4,0,7:48,5,27,0,0,1:47,0,3,http://www.ufcstats.com/fighter-details/9fe7af8b3fbe00a0
Preston Parsons,71,71,11,6,27,170.0,3,0,42,3,0,5:16,3,55,0,0,4:14,0,3,http://www.ufcstats.com/fighter-details/9fe7af8b3fbe00a0
Preston Parsons,71,71,11,6,28,170.0,4,1,47,7,0,6:26,2,28,1,0,3:08,2,3,http://www.ufcstats.com/fighter-details/9fe7af8b3fbe00a0
Preston Parsons,71,71,11,6,29,170.0,5,0,36,1,0,1:58,0,44,1,0,4:56,0,3,http://www.ufcstats.com/fighter-details/9fe7af8b3fbe00a0
Preston Parsons,71,71,11,6,29,170.0,6,0,7,0,0,0:00,0,12,0,1,0:13,0,1,http://www.ufcstats.com/fighter-details/9fe7af8b3fbe00a0
Jose Johnson,72,71,16,10,25,135.0,1,0,15,0,0,1:16,0,28,12,0,10:05,1,3,http://www.ufcstats.com/fighter-details/84f727cf0166d6f2
Jose Johnson,72,71,16,10,27,135.0,2,1,50,1,0,3:56,1,12,6,0,8:23,2,3,http://www.ufcstats.com/fighter-details/84f727cf0166d6f2
Jose Johnson,72,71,16,10,28,135.0,3,0,8,0,0,0:00,0,18,2,0,2:57,1,1,http://www.ufcstats.com/fighter-details/84f727cf0166d6f2
Jose Johnson,72,71,16,10,28,135.0,4,1,63,1,0,4:20,1,26,4,0,6:18,0,3,http://www.ufcstats.com/fighter-details/84f727cf0166d6f2
Jose Johnson,72,71,16,10,29,125.0,5,0,5,1,0,1:03,1,20,6,0,11:24,4,3,http://www.ufcstats.com/fighter-details/84f727cf0166d6f2
Jose Johnson,72,71,16,10,29,125.0,6,0,8,0,0,0:48,0,2,0,0,0:11,2,1,http://www.ufcstats.com/fighter-details/84f727cf0166d6f2
Punahele Soriano,71,72,11,4,29,185.0,1,0,45,0,0,1:37,0,29,11,0,8:45,1,3,http://www.ufcstats.com/fighter-details/64facb6cc564262d
Punahele Soriano,71,72,11,4,29,185.0,2,1,17,0,1,0:04,0,11,2,0,1:39,0,2,http://www.ufcstats.com/fighter-details/64facb6cc564262d
Punahele Soriano,71,72,11,4,30,185.0,3,0,39,0,0,0:06,0,82,1,0,0:10,0,2,http://www.ufcstats.com/fighter-details/64facb6cc564262d
Punahele Soriano,71,72,11,4,31,185.0,4,0,31,0,0,0:00,0,64,4,1,2:12,1,2,http://www.ufcstats.com/fighter-details/64facb6cc564262d
Punahele Soriano,71,72,11,4,31,170.0,5,1,144,5,0,10:58,0,7,0,0,0:47,3,3,http://www.ufcstats.com/fighter-details/64facb6cc564262d
Punahele Soriano,71,72,11,4,32,170.0,6,1,13,0,1,0:04,0,2,0,0,0:00,0,1,http://www.ufcstats.com/fighter-details/64facb6cc564262d
Renato Moicano,71,72,20,6,32,155.0,1,0,88,0,0,0:30,0,149,5,1,13:22,0,5,http://www.ufcstats.com/fighter-details/b6452706b373eea1
Renato Moicano,71,72,20,6,33,155.0,2,1,10,0,0,0:34,1,14,0,0,0:14,0,1,http://www.ufcstats.com/fighter-details/b6452706b373eea1
Renato Moicano,71,72,20,6,34,155.0,3,1,23,3,0,10:33,0,23,1,0,1:02,0,3,http://www.ufcstats.com/fighter-details/b6452706b373eea1
Renato Moicano,71,72,20,6,34,155.0,4,1,36,2,0,5:50,0,16,0,1,0:02,0,2,http://www.ufcstats.com/fighter-details/b6452706b373eea1
Renato Moicano,71,72,20,6,35,155.0,5,1,50,1,0,4:53,0,25,0,0,0:05,0,2,http://www.ufcstats.com/fighter-details/b6452706b373eea1
Renato Moicano,71,72,20,6,35,155.0,6,0,9,0,0,0:00,0,6,1,0,1:27,1,1,http://www.ufcstats.com/fighter-details/b6452706b373eea1
Jailton Almeida,75,79,22,3,31,265.0,1,1,45,3,0,7:28,0,1,0,0,0:00,0,2,http://www.ufcstats.com/fighter-details/41e83a89929d1327
Jailton Almeida,75,79,22,3,31,265.0,2,1,4,1,0,3:09,1,0,0,0,0:00,0,1,http://www.ufcstats.com/fighter-details/41e83a89929d1327
Jailton Almeida,75,79,22,3,32,265.0,3,1,38,6,0,21:10,4,20,0,0,0:57,0,5,http://www.ufcstats.com/fighter-details/41e83a89929d1327
Jailton Almeida,75,79,22,3,32,265.0,4,0,1,9,0,4:39,0,16,0,0,0:09,0,2,http://www.ufcstats.com/fighter-details/41e83a89929d1327
Jailton Almeida,75,79,22,3,32,265.0,5,1,1,1,0,2:07,2,1,0,0,0:00,0,1,http://www.ufcstats.com/fighter-details/41e83a89929d1327
Jailton Almeida,75,79,22,3,33,265.0,6,1,23,1,0,1:48,0,15,1,0,2:08,0,1,http://www.ufcstats.com/fighter-details/41e83a89929d1327
Tagir Ulanbekov,67,70,17,2,30,125.0,1,1,18,4,0,12:04,1,25,0,0,0:16,2,3,http://www.ufcstats.com/fighter-details/f00ac08ab056af5d
Tagir Ulanbekov,67,70,17,2,30,125.0,2,0,90,2,0,4:55,1,79,3,1,0:52,0,3,http://www.ufcstats.com/fighter-details/f00ac08ab056af5d
Tagir Ulanbekov,67,70,17,2,31,125.0,3,1,4,1,0,1:34,1,4,0,0,0:00,0,1,http://www.ufcstats.com/fighter-details/f00ac08ab056af5d
Tagir Ulanbekov,67,70,17,2,32,125.0,4,1,24,2,1,6:03,5,32,0,0,0:36,0,2,http://www.ufcstats.com/fighter-details/f00ac08ab056af5d
Tagir Ulanbekov,67,70,17,2,33,125.0,5,1,42,3,0,6:49,0,42,1,0,3:01,0,3,http://www.ufcstats.com/fighter-details/f00ac08ab056af5d
Tagir Ulanbekov,67,70,17,2,33,125.0,6,1,68,0,0,3:42,1,62,3,0,0:56,0,3,http://www.ufcstats.com/fighter-details/f00ac08ab056af5d
Bogdan Guskov,75,76,17,3,30,205.0,1,0,8,0,0,0:00,0,26,1,1,1:23,1,1,http://www.ufcstats.com/fighter-details/ef5dcb10d2bd4b0f
Bogdan Guskov,75,76,17,3,31,205.0,2,1,10,0,1,0:04,0,17,0,0,1:04,0,1,http://www.ufcstats.com/fighter-details/ef5dcb10d2bd4b0f
Bogdan Guskov,75,76,17,3,31,205.0,3,1,31,0,1,0:20,0,15,1,0,3:29,1,2,http://www.ufcstats.com/fighter-details/ef5dcb10d2bd4b0f
Bogdan Guskov,75,76,17,3,32,205.0,4,1,47,0,0,1:24,2,20,1,0,3:40,0,2,http://www.ufcstats.com/fighter-details/ef5dcb10d2bd4b0f
Grant Dawson,70,72,23,2,28,155.0,1,1,33,2,1,9:31,2,15,0,0,0:24,0,3,http://www.ufcstats.com/fighter-details/99bd51917728c25d
Grant Dawson,70,72,23,2,29,155.0,2,1,30,3,0,12:24,1,13,0,0,0:08,0,3,http://www.ufcstats.com/fighter-details/99bd51917728c25d
Grant Dawson,70,72,23,2,29,155.0,3,0,0,0,0,0:00,0,7,0,1,0:05,0,1,http://www.ufcstats.com/fighter-details/99bd51917728c25d
Grant Dawson,70,72,23,2,30,155.0,4,1,46,3,0,13:46,0,12,0,0,0:14,1,3,http://www.ufcstats.com/fighter-details/99bd51917728c25d
Grant Dawson,70,72,23,2,30,155.0,5,1,44,2,0,5:09,0,5,0,0,0:00,0,2,http://www.ufcstats.com/fighter-details/99bd51917728c25d
Grant Dawson,70,72,23,2,30,155.0,6,1,56,6,0,10:50,0,41,0,0,0:20,0,3,http://www.ufcstats.com/fighter-details/99bd51917728c25d
Diego Ferreira,69,74,19,6,36,155.0,1,0,54,0,0,0:58,0,62,5,0,7:23,0,3,http://www.ufcstats.com/fighter-details/f53d4f21d1b5f2dc
Diego Ferreira,69,74,19,6,36,155.0,2,0,31,0,0,1:06,0,45,4,0,5:10,0,2,http://www.ufcstats.com/fighter-details/f53d4f21d1b5f2dc
Diego Ferreira,69,74,19,6,36,155.0,3,0,36,0,0,0:00,0,25,4,0,1:05,0,2,http://www.ufcstats.com/fighter-details/f53d4f21d1b5f2dc
Diego Ferreira,69,74,19,6,38,155.0,4,1,30,0,1,0:01,0,32,0,0,0:00,0,2,http://www.ufcstats.com/fighter-details/f53d4f21d1b5f2dc
Diego Ferreira,69,74,19,6,39,155.0,5,1,123,3,0,2:12,0,52,4,1,2:26,0,3,http://www.ufcstats.com/fighter-details/f53d4f21d1b5f2dc
Diego Ferreira,69,74,19,6,40,155.0,6,0,41,0,0,0:20,0,56,6,0,10:50,0,3,http://www.ufcstats.com/fighter-details/f53d4f21d1b5f2dc
Rinya Nakamura,67,68,9,1,27,135.0,1,1,21,2,0,1:58,1,3,0,0,0:00,0,1,http://www.ufcstats.com/fighter-details/d8c811df0386d5e8
Rinya Nakamura,67,68,9,1,27,135.0,2,1,22,0,2,0:23,0,16,0,0,0:01,0,1,http://www.ufcstats.com/fighter-details/d8c811df0386d5e8
Rinya Nakamura,67,68,9,1,27,135.0,3,1,11,0,2,0:03,0,4,0,0,0:00,0,1,http://www.ufcstats.com/fighter-details/d8c811df0386d5e8
Rinya Nakamura,67,68,9,1,28,135.0,4,1,36,4,0,9:26,3,15,0,0,0:00,1,3,http://www.ufcstats.com/fighter-details/d8c811df0386d5e8
Rinya Nakamura,67,68,9,1,28,135.0,5,1,38,3,0,13:03,0,12,0,0,0:00,0,3,http://www.ufcstats.com/fighter-details/d8c811df0386d5e8
Rinya Nakamura,67,68,9,1,29,135.0,6,0,31,0,0,1:41,1,37,0,1,2:37,0,3,http://www.ufcstats.com/fighter-details/d8c811df0386d5e8
Payton Talbott,70,70,9,1,24,135.0,1,1,145,0,0,0:03,0,76,1,0,2:53,0,3,http://www.ufcstats.com/fighter-details/6e743a33d56bdaa4
Payton Talbott,70,70,9,1,25,135.0,2,1,28,0,0,3:25,1,5,2,0,5:46,0,3,http://www.ufcstats.com/fighter-details/6e743a33d56bdaa4
Payton Talbott,70,70,9,1,25,135.0,3,1,79,0,1,0:30,0,31,0,0,0:00,0,2,http://www.ufcstats.com/fighter-details/6e743a33d56bdaa4
Payton Talbott,70,70,9,1,25,135.0,4,1,13,0,1,0:01,0,1,0,0,0:00,0,1,http://www.ufcstats.com/fighter-details/6e743a33d56bdaa4
Payton Talbott,70,70,9,1,26,135.0,5,0,49,1,0,1:25,0,62,8,0,9:43,2,3,http://www.ufcstats.com/fighter-details/6e743a33d56bdaa4
Jamahal Hill,76,79,12,4,30,205.0,1,1,6,0,1,0:03,0,12,0,0,0:22,0,1,http://www.ufcstats.com/fighter-details/5444c5a201d3ee5a
Jamahal Hill,76,79,12,4,31,205.0,2,1,89,0,0,1:26,0,53,6,0,5:54,0,4,http://www.ufcstats.com/fighter-details/5444c5a201d3ee5a
Jamahal Hill,76,79,12,4,31,205.0,3,1,232,0,0,3:26,0,75,2,0,3:26,0,5,http://www.ufcstats.com/fighter-details/5444c5a201d3ee5a
Jamahal Hill,76,79,12,4,32,205.0,4,0,12,0,0,0:00,0,24,0,1,0:07,0,1,http://www.ufcstats.com/fighter-details/5444c5a201d3ee5a
Jamahal Hill,76,79,12,4,33,205.0,5,0,81,0,0,0:00,0,97,0,2,0:22,0,3,http://www.ufcstats.com/fighter-details/5444c5a201d3ee5a
Jamahal Hill,76,79,12,4,34,205.0,6,0,69,0,0,0:00,0,102,0,1,0:00,0,5,http://www.ufcstats.com/fighter-details/5444c5a201d3ee5a
Michael Page,75,79,23,3,36,170.0,1,1,41,0,0,1:26,0,29,2,0,4:22,1,3,http://www.ufcstats.com/fighter-details/a67d071163962af8
Michael Page,75,79,23,3,37,170.0,2,0,21,0,0,1:52,0,19,2,0,7:29,2,3,http://www.ufcstats.com/fighter-details/a67d071163962af8
Michael Page,75,79,23,3,37,185.0,3,1,43,0,0,0:50,0,38,0,0,0:40,0,3,http://www.ufcstats.com/fighter-details/a67d071163962af8
Jairzinho Rozenstruik,74,78,15,6,34,265.0,1,0,6,0,0,0:00,0,21,0,0,0:00,0,1,http://www.ufcstats.com/fighter-details/2cd428e9606856fd
Jairzinho Rozenstruik,74,78,15,6,34,265.0,2,1,12,0,1,0:06,0,1,0,0,0:00,0,1,http://www.ufcstats.com/fighter-details/2cd428e9606856fd
Jairzinho Rozenstruik,74,78,15,6,35,265.0,3,0,0,0,0,0:00,0,4,1,0,3:09,1,1,http://www.ufcstats.com/fighter-details/2cd428e9606856fd
Jairzinho Rozenstruik,74,78,15,6,35,265.0,4,1,127,0,0,0:01,0,22,1,0,4:32,0,4,http://www.ufcstats.com/fighter-details/2cd428e9606856fd
Jairzinho Rozenstruik,74,78,15,6,36,265.0,5,1,91,0,0,0:01,0,37,0,0,0:01,0,3,http://www.ufcstats.com/fighter-details/2cd428e9606856fd
Jairzinho Rozenstruik,74,78,15,6,36,265.0,6,0,17,0,0,0:00,0,25,2,0,6:17,0,3,http://www.ufcstats.com/fighter-details/2cd428e9606856fd
Fares Ziam,73,75,17,4,24,155.0,1,0,1,0,0,0:04,0,3,0,0,2:03,1,1,http://www.ufcstats.com/fighter-details/1e4f273069fb9e85
Fares Ziam,73,75,17,4,25,155.0,2,1,60,3,0,6:48,0,28,1,0,1:35,0,3,http://www.ufcstats.com/fighter-details/1e4f273069fb9e85
Fares Ziam,73,75,17,4,26,155.0,3,1,61,1,0,1:30,0,49,0,0,4:12,0,3,http://www.ufcstats.com/fighter-details/1e4f273069fb9e85
Fares Ziam,73,75,17,4,26,155.0,4,1,31,0,0,4:30,1,4,7,0,7:14,0,3,http://www.ufcstats.com/fighter-details/1e4f273069fb9e85
Fares Ziam,73,75,17,4,27,155.0,5,1,58,4,1,4:43,1,16,1,0,2:47,1,3,http://www.ufcstats.com/fighter-details/1e4f273069fb9e85
Fares Ziam,73,75,17,4,27,155.0,6,1,35,4,0,7:11,0,20,1,0,3:59,1,3,http://www.ufcstats.com/fighter-details/1e4f273069fb9e85
Mike Davis,72,72,11,3,26,155.0,1,0,13,0,0,0:00,0,49,3,0,5:27,1,2,http://www.ufcstats.com/fighter-details/fb3e61720be4690c
Mike Davis,72,72,11,3,27,155.0,2,1,139,2,2,1:56,0,88,0,0,0:00,0,3,http://www.ufcstats.com/fighter-details/fb3e61720be4690c
Mike Davis,72,72,11,3,28,155.0,3,1,108,3,0,0:50,0,117,1,0,0:51,0,3,http://www.ufcstats.com/fighter-details/fb3e61720be4690c
Mike Davis,72,72,11,3,29,155.0,4,1,65,9,0,8:02,1,63,0,0,0:14,0,3,http://www.ufcstats.com/fighter-details/fb3e61720be4690c
Mike Davis,72,72,11,3,31,155.0,5,1,3,0,1,5:11,1,8,1,0,0:34,0,2,http://www.ufcstats.com/fighter-details/fb3e61720be4690c
Mike Davis,72,72,11,3,32,155.0,6,0,20,1,0,3:59,1,35,4,0,7:11,0,3,http://www.ufcstats.com/fighter-details/fb3e61720be4690c
Muhammad Naimov,69,70,13,3,28,155.0,1,1,28,0,1,0:01,0,39,3,0,2:28,0,2,http://www.ufcstats.com/fighter-details/8d11d9c13e2ccdf7
Muhammad Naimov,69,70,13,3,29,145.0,2,1,48,4,0,6:42,0,50,2,0,2:44,0,3,http://www.ufcstats.com/fighter-details/8d11d9c13e2ccdf7
Muhammad Naimov,69,70,13,3,29,145.0,3,1,1,1,0,0:11,0,0,0,0,0:13,0,1,http://www.ufcstats.com/fighter-details/8d11d9c13e2ccdf7
Muhammad Naimov,69,70,13,3,29,145.0,4,0,30,1,0,2:36,0,37,1,0,1:06,1,3,http://www.ufcstats.com/fighter-details/8d11d9c13e2ccdf7
Muhammad Naimov,69,70,13,3,30,145.0,5,1,32,2,0,5:36,0,31,0,0,3:35,0,3,http://www.ufcstats.com/fighter-details/8d11d9c13e2ccdf7
Muhammad Naimov,69,70,13,3,30,145.0,6,1,18,1,0,2:53,1,31,3,0,5:09,0,3,http://www.ufcstats.com/fighter-details/8d11d9c13e2ccdf7
Terrance McKinney,70,73,16,7,28,155.0,1,0,14,0,0,2:16,0,34,1,1,0:48,0,2,http://www.ufcstats.com/fighter-details/809bd1a871491508
Terrance McKinney,70,73,16,7,28,155.0,2,0,6,2,0,4:16,0,8,0,0,0:55,1,2,http://www.ufcstats.com/fighter-details/809bd1a871491508
Terrance McKinney,70,73,16,7,28,155.0,3,1,30,0,0,0:03,0,1,0,0,0:00,0,1,http://www.ufcstats.com/fighter-details/809bd1a871491508
Terrance McKinney,70,73,16,7,29,155.0,4,1,14,0,1,0:15,0,1,0,0,0:00,0,1,http://www.ufcstats.com/fighter-details/809bd1a871491508
Terrance McKinney,70,73,16,7,29,155.0,5,0,5,0,0,0:00,0,5,0,1,0:03,0,1,http://www.ufcstats.com/fighter-details/809bd1a871491508
Terrance McKinney,70,73,16,7,30,155.0,6,1,54,0,0,1:00,1,4,1,0,0:08,0,1,http://www.ufcstats.com/fighter-details/809bd1a871491508
Sergei Pavlovich,75,84,19,3,30,265.0,1,1,15,0,1,0:02,0,4,0,0,0:00,0,1,http://www.ufcstats.com/fighter-details/f14cf73e51b29254
Sergei Pavlovich,75,84,19,3,30,265.0,2,1,23,0,2,0:09,0,2,0,0,0:00,0,1,http://www.ufcstats.com/fighter-details/f14cf73e51b29254
Sergei Pavlovich,75,84,19,3,30,265.0,3,1,36,0,1,0:02,0,14,0,0,0:00,0,1,http://www.ufcstats.com/fighter-details/f14cf73e51b29254
Sergei Pavlovich,75,84,19,3,31,265.0,4,0,1,0,0,0:00,0,10,0,1,0:02,0,1,http://www.ufcstats.com/fighter-details/f14cf73e51b29254
Sergei Pavlovich,75,84,19,3,32,265.0,5,0,46,0,0,0:15,0,83,0,0,0:00,0,3,http://www.ufcstats.com/fighter-details/f14cf73e51b29254
Sergei Pavlovich,75,84,19,3,32,265.0,6,1,25,2,0,6:17,0,17,0,0,0:00,0,3,http://www.ufcstats.com/fighter-details/f14cf73e51b29254
Shara Magomedov,74,73,15,1,29,185.0,1,1,113,0,0,0:00,0,65,3,0,6:44,0,3,http://www.ufcstats.com/fighter-details/06734ca9d88dec3a
Shara Magomedov,74,73,15,1,30,185.0,2,1,82,0,1,0:17,0,16,0,0,4:42,0,3,http://www.ufcstats.com/fighter-details/06734ca9d88dec3a
Shara Magomedov,74,73,15,1,30,185.0,3,1,97,0,0,0:00,0,77,3,0,2:39,0,3,http://www.ufcstats.com/fighter-details/06734ca9d88dec3a
Shara Magomedov,74,73,15,1,30,185.0,4,1,65,0,1,0:02,0,77,0,0,0:21,0,2,http://www.ufcstats.com/fighter-details/06734ca9d88dec3a
Shara Magomedov,74,73,15,1,30,185.0,5,0,38,0,0,0:40,0,43,0,0,0:50,0,3,http://www.ufcstats.com/fighter-details/06734ca9d88dec3a
Justin Tafa,72,74,7,5,27,265.0,1,0,74,0,0,0:11,0,121,0,0,0:24,0,3,http://www.ufcstats.com/fighter-details/e13abac8089a801a
Justin Tafa,72,74,7,5,28,265.0,2,1,5,0,1,1:02,0,5,0,0,0:00,1,1,http://www.ufcstats.com/fighter-details/e13abac8089a801a
Justin Tafa,72,74,7,5,29,265.0,3,1,8,0,1,0:03,0,7,0,0,0:00,0,1,http://www.ufcstats.com/fighter-details/e13abac8089a801a
Justin Tafa,72,74,7,5,29,265.0,4,1,11,0,1,0:05,0,7,0,0,0:00,0,1,http://www.ufcstats.com/fighter-details/e13abac8089a801a
Justin Tafa,72,74,7,5,30,265.0,5,0,21,0,0,0:00,0,40,7,0,10:31,1,3,http://www.ufcstats.com/fighter-details/e13abac8089a801a
Justin Tafa,72,74,7,5,31,265.0,6,0,0,0,0,0:00,0,8,0,1,0:11,0,1,http://www.ufcstats.com/fighter-details/e13abac8089a801a
Jack Jenkins,67,68,13,4,28,145.0,1,1,52,4,0,11:09,0,17,0,0,0:38,0,3,http://www.ufcstats.com/fighter-details/a9da3158dd2c2b5a
Jack Jenkins,67,68,13,4,29,145.0,2,1,82,4,0,6:00,0,50,1,0,2:16,2,3,http://www.ufcstats.com/fighter-details/a9da3158dd2c2b5a
Jack Jenkins,67,68,13,4,29,145.0,3,1,59,1,0,0:15,0,57,1,0,4:17,0,3,http://www.ufcstats.com/fighter-details/a9da3158dd2c2b5a
Jack Jenkins,67,68,13,4,29,145.0,4,0,41,0,0,0:07,0,38,1,0,2:46,0,2,http://www.ufcstats.com/fighter-details/a9da3158dd2c2b5a
Jack Jenkins,67,68,13,4,30,145.0,5,1,73,0,2,2:44,0,24,2,0,1:54,0,3,http://www.ufcstats.com/fighter-details/a9da3158dd2c2b5a
Jack Jenkins,67,68,13,4,31,145.0,6,0,34,0,1,2:20,0,39,4,0,6:19,2,3,http://www.ufcstats.com/fighter-details/a9da3158dd2c2b5a
Gabriel Santos,69,70,12,2,26,145.0,1,0,69,5,0,4:00,0,93,1,0,2:18,0,3,http://www.ufcstats.com/fighter-details/f2f140ce7532e327
Gabriel Santos,69,70,12,2,26,145.0,2,0,39,2,0,1:31,2,53,0,1,2:53,0,2,http://www.ufcstats.com/fighter-details/f2f140ce7532e327
Gabriel Santos,69,70,12,2,27,145.0,3,1,76,2,1,6:35,0,41,0,0,0:04,0,3,http://www.ufcstats.com/fighter-details/f2f140ce7532e327
Gabriel Santos,69,70,12,2,28,145.0,4,1,39,4,0,6:19,2,34,0,1,2:20,0,3,http://www.ufcstats.com/fighter-details/f2f140ce7532e327
Kevin Jousset,74,75,10,4,30,170.0,1,1,29,1,0,0:45,1,39,0,0,0:00,0,1,http://www.ufcstats.com/fighter-details/dda15dbfafb792df
Kevin Jousset,74,75,10,4,30,170.0,2,1,134,1,0,1:26,0,62,0,0,0:00,0,3,http://www.ufcstats.com/fighter-details/dda15dbfafb792df
Kevin Jousset,74,75,10,4,31,170.0,3,0,58,0,0,0:12,0,97,0,0,3:31,0,2,http://www.ufcstats.com/fighter-details/dda15dbfafb792df
Kevin Jousset,74,75,10,4,31,170.0,4,0,67,0,0,0:00,0,85,0,1,0:09,0,3,http://www.ufcstats.com/fighter-details/dda15dbfafb792df
Tom Nolan,75,73,9,1,23,155.0,1,1,13,0,2,0:52,0,2,0,0,0:00,0,1,http://www.ufcstats.com/fighter-details/6c3b2525436cf5d4
Tom Nolan,75,73,9,1,23,155.0,2,0,12,0,0,0:00,0,21,0,1,0:09,0,1,http://www.ufcstats.com/fighter-details/6c3b2525436cf5d4
Tom Nolan,75,73,9,1,24,155.0,3,1,33,0,0,0:02,0,18,0,1,0:48,0,1,http://www.ufcstats.com/fighter-details/6c3b2525436cf5d4
Tom Nolan,75,73,9,1,24,155.0,4,1,84,0,0,0:22,1,69,2,0,4:16,0,3,http://www.ufcstats.com/fighter-details/6c3b2525436cf5d4
Tom Nolan,75,73,9,1,24,155.0,5,1,69,1,0,2:01,3,66,0,0,3:11,1,3,http://www.ufcstats.com/fighter-details/6c3b2525436cf5d4
Aleksandre Topuria,67,68,6,1,29,135.0,1,1,41,1,0,5:02,0,38,0,0,0:00,0,3,http://www.ufcstats.com/fighter-details/4a6dff1b260bcf61
Colby Thicknesse,67,69,7,1,25,135.0,1,0,38,0,0,0:00,0,41,1,0,5:02,0,3,http://www.ufcstats.com/fighter-details/ed7d329d7c29428d
Sean Strickland,73,76,29,7,31,205.0,1,1,182,1,0,4:12,0,123,0,0,0:12,0,5,http://www.ufcstats.com/fighter-details/0d8011111be000b2
Sean Strickland,73,76,29,7,32,185.0,2,1,81,0,1,0:10,0,47,1,0,0:23,0,2,http://www.ufcstats.com/fighter-details/0d8011111be000b2
Sean Strickland,73,76,29,7,32,185.0,3,1,137,0,1,0:14,0,94,0,0,0:00,0,5,http://www.ufcstats.com/fighter-details/0d8011111be000b2
Sean Strickland,73,76,29,7,32,185.0,4,0,173,0,0,0:00,0,137,6,0,2:08,0,5,http://www.ufcstats.com/fighter-details/0d8011111be000b2
Sean Strickland,73,76,29,7,33,185.0,5,1,182,0,0,0:01,0,158,0,0,0:00,0,5,http://www.ufcstats.com/fighter-details/0d8011111be000b2
Sean Strickland,73,76,29,7,33,185.0,6,0,128,0,0,0:00,0,147,1,0,0:05,0,5,http://www.ufcstats.com/fighter-details/0d8011111be000b2
Dricus Du Plessis,73,76,23,2,28,185.0,1,1,86,6,0,5:33,3,35,1,0,0:23,0,3,http://www.ufcstats.com/fighter-details/0d7b51c9d2649a6e
Dricus Du Plessis,73,76,23,2,29,185.0,2,1,71,1,1,1:25,1,37,1,0,2:30,1,2,http://www.ufcstats.com/fighter-details/0d7b51c9d2649a6e
Dricus Du Plessis,73,76,23,2,29,185.0,3,1,62,1,1,0:57,0,31,1,0,0:23,0,2,http://www.ufcstats.com/fighter-details/0d7b51c9d2649a6e
Dricus Du Plessis,73,76,23,2,30,185.0,4,1,137,6,0,2:08,0,173,0,0,0:00,0,5,http://www.ufcstats.com/fighter-details/0d7b51c9d2649a6e
Dricus Du Plessis,73,76,23,2,30,185.0,5,1,90,4,0,3:39,2,97,0,0,0:09,0,4,http://www.ufcstats.com/fighter-details/0d7b51c9d2649a6e
Dricus Du Plessis,73,76,23,2,31,185.0,6,1,147,1,0,0:05,0,128,0,0,0:00,0,5,http://www.ufcstats.com/fighter-details/0d7b51c9d2649a6e
Rodolfo Vieira,72,73,10,3,31,185.0,1,0,9,4,0,4:00,0,32,0,0,1:25,2,2,http://www.ufcstats.com/fighter-details/260e9e0d4954aea6
Rodolfo Vieira,72,73,10,3,31,185.0,2,1,49,3,0,2:10,1,67,0,0,0:09,0,3,http://www.ufcstats.com/fighter-details/260e9e0d4954aea6
Rodolfo Vieira,72,73,10,3,32,185.0,3,0,86,0,0,2:05,0,109,0,0,0:35,0,3,http://www.ufcstats.com/fighter-details/260e9e0d4954aea6
Rodolfo Vieira,72,73,10,3,33,185.0,4,1,10,1,0,4:19,2,20,0,1,1:04,1,2,http://www.ufcstats.com/fighter-details/260e9e0d4954aea6
Rodolfo Vieira,72,73,10,3,34,185.0,5,1,6,3,0,2:46,1,9,0,0,0:00,0,1,http://www.ufcstats.com/fighter-details/260e9e0d4954aea6
Rodolfo Vieira,72,73,10,3,35,185.0,6,0,58,1,0,1:50,0,55,0,0,0:05,0,3,http://www.ufcstats.com/fighter-details/260e9e0d4954aea6
Valter Walker,78,78,13,1,26,265.0,1,0,33,4,0,7:19,0,58,0,0,0:43,0,3,http://www.ufcstats.com/fighter-details/f5779a2303ed76ec
Valter Walker,78,78,13,1,26,265.0,2,1,4,2,0,3:54,1,5,0,0,0:00,0,1,http://www.ufcstats.com/fighter-details/f5779a2303ed76ec
Valter Walker,78,78,13,1,27,265.0,3,1,1,1,0,0:58,1,1,0,0,0:00,0,1,http://www.ufcstats.com/fighter-details/f5779a2303ed76ec
Nazim Sadykhov,70,69,11,1,28,155.0,1,1,53,0,1,3:58,0,31,2,0,4:12,0,3,http://www.ufcstats.com/fighter-details/ff62013d2fce6d13
Nazim Sadykhov,70,69,11,1,28,155.0,2,1,64,1,0,0:19,0,70,1,1,1:33,0,3,http://www.ufcstats.com/fighter-details/ff62013d2fce6d13
Nazim Sadykhov,70,69,11,1,29,155.0,3,1,8,0,0,0:55,1,6,2,0,4:16,0,2,http://www.ufcstats.com/fighter-details/ff62013d2fce6d13
Nazim Sadykhov,70,69,11,1,30,155.0,4,1,13,0,0,0:35,0,26,0,0,0:00,0,1,http://www.ufcstats.com/fighter-details/ff62013d2fce6d13
Nazim Sadykhov,70,69,11,1,31,155.0,5,1,93,0,1,1:29,0,66,0,1,0:16,0,2,http://www.ufcstats.com/fighter-details/ff62013d2fce6d13
Gabriel Bonfim,73,72,17,1,25,170.0,1,1,26,1,0,0:16,1,20,0,0,0:00,1,1,http://www.ufcstats.com/fighter-details/01641ba5df0c69b0
Gabriel Bonfim,73,72,17,1,25,170.0,2,1,9,0,0,0:04,1,9,0,0,0:00,0,1,http://www.ufcstats.com/fighter-details/01641ba5df0c69b0
Gabriel Bonfim,73,72,17,1,25,170.0,3,1,3,1,0,0:26,1,1,0,0,0:14,0,1,http://www.ufcstats.com/fighter-details/01641ba5df0c69b0
Gabriel Bonfim,73,72,17,1,26,170.0,4,0,39,3,0,4:19,1,53,0,1,1:27,0,2,http://www.ufcstats.com/fighter-details/01641ba5df0c69b0
Gabriel Bonfim,73,72,17,1,26,170.0,5,1,101,1,0,0:10,0,52,4,0,2:35,0,3,http://www.ufcstats.com/fighter-details/01641ba5df0c69b0
Gabriel Bonfim,73,72,17,1,27,170.0,6,1,35,4,0,1:42,2,20,0,0,0:23,0,2,http://www.ufcstats.com/fighter-details/01641ba5df0c69b0
Dylan Budka,72,75,7,5,23,185.0,1,1,22,2,0,6:28,1,11,0,0,5:24,1,3,http://www.ufcstats.com/fighter-details/a817e238b2747404
Dylan Budka,72,75,7,5,24,185.0,2,0,1,3,0,5:53,0,29,0,0,0:12,0,2,http://www.ufcstats.com/fighter-details/a817e238b2747404
Dylan Budka,72,75,7,5,24,185.0,3,0,17,0,0,0:00,0,23,3,0,9:20,0,3,http://www.ufcstats.com/fighter-details/a817e238b2747404
Dylan Budka,72,75,7,5,25,185.0,4,0,1,0,0,0:00,0,7,0,1,0:03,0,1,http://www.ufcstats.com/fighter-details/a817e238b2747404
Billy Elekana,75,77,7,2,29,205.0,1,0,20,1,0,3:40,0,47,0,0,1:24,2,2,http://www.ufcstats.com/fighter-details/07a74004d964c7f4
Clayton Carpenter,66,66,8,1,26,125.0,1,1,79,3,0,4:29,0,51,0,0,0:10,0,3,http://www.ufcstats.com/fighter-details/b62d5280966b2460
Clayton Carpenter,66,66,8,1,26,125.0,2,1,3,0,0,1:19,3,1,1,0,1:22,0,1,http://www.ufcstats.com/fighter-details/b62d5280966b2460
Clayton Carpenter,66,66,8,1,28,125.0,3,1,34,2,0,4:38,1,17,0,0,0:00,0,2,http://www.ufcstats.com/fighter-details/b62d5280966b2460
Clayton Carpenter,66,66,8,1,28,125.0,4,0,42,1,0,3:01,0,42,3,0,6:49,0,3,http://www.ufcstats.com/fighter-details/b62d5280966b2460
Damir Hadzovic,69,70,14,8,32,155.0,1,1,58,2,0,2:19,0,24,0,0,0:00,0,2,http://www.ufcstats.com/fighter-details/38c626ca912c7bac
Damir Hadzovic,69,70,14,8,32,155.0,2,0,24,1,0,2:04,0,47,6,0,5:23,0,3,http://www.ufcstats.com/fighter-details/38c626ca912c7bac
Damir Hadzovic,69,70,14,8,33,155.0,3,0,1,0,0,0:00,0,1,1,0,0:25,1,1,http://www.ufcstats.com/fighter-details/38c626ca912c7bac
Damir Hadzovic,69,70,14,8,34,155.0,4,1,121,2,0,1:54,0,103,2,0,3:39,2,3,http://www.ufcstats.com/fighter-details/38c626ca912c7bac
Damir Hadzovic,69,70,14,8,35,155.0,5,0,5,0,0,0:00,0,13,8,0,13:35,0,3,http://www.ufcstats.com/fighter-details/38c626ca912c7bac
Damir Hadzovic,69,70,14,8,38,155.0,6,0,4,1,0,0:08,0,54,0,0,1:00,1,1,http://www.ufcstats.com/fighter-details/38c626ca912c7bac
Melsik Baghdasaryan,69,70,8,3,28,145.0,1,1,102,0,0,3:32,0,57,2,0,2:08,1,3,http://www.ufcstats.com/fighter-details/a52bc1e62cf0b7c6
Melsik Baghdasaryan,69,70,8,3,29,145.0,2,1,44,0,1,1:11,0,25,1,0,0:18,0,2,http://www.ufcstats.com/fighter-details/a52bc1e62cf0b7c6
Melsik Baghdasaryan,69,70,8,3,29,145.0,3,1,75,0,0,0:10,0,46,0,0,0:45,0,3,http://www.ufcstats.com/fighter-details/a52bc1e62cf0b7c6
Melsik Baghdasaryan,69,70,8,3,31,145.0,4,0,26,0,0,0:00,0,16,0,0,0:14,1,2,http://www.ufcstats.com/fighter-details/a52bc1e62cf0b7c6
Melsik Baghdasaryan,69,70,8,3,31,145.0,5,1,64,0,0,0:42,0,36,3,0,6:19,0,3,http://www.ufcstats.com/fighter-details/a52bc1e62cf0b7c6
Melsik Baghdasaryan,69,70,8,3,33,145.0,6,0,7,0,0,0:00,0,18,0,1,0:06,0,1,http://www.ufcstats.com/fighter-details/a52bc1e62cf0b7c6
Nikolay Veretennikov,73,74,12,6,31,170.0,1,0,52,0,0,1:06,0,53,4,0,5:30,0,3,http://www.ufcstats.com/fighter-details/0f1efce7d2571d10
Nikolay Veretennikov,73,74,12,6,34,170.0,2,0,50,0,0,0:09,0,47,0,0,1:16,0,3,http://www.ufcstats.com/fighter-details/0f1efce7d2571d10
Nikolay Veretennikov,73,74,12,6,35,170.0,3,0,5,0,0,0:00,0,39,2,0,7:21,1,2,http://www.ufcstats.com/fighter-details/0f1efce7d2571d10
Bruno Souza,70,70,10,3,25,145.0,1,0,46,0,0,0:45,0,75,0,0,0:10,0,3,http://www.ufcstats.com/fighter-details/0e5c4e72237461bb
Bruno Souza,70,70,10,3,26,145.0,2,0,66,1,0,0:12,0,84,2,0,1:36,0,3,http://www.ufcstats.com/fighter-details/0e5c4e72237461bb
Austin Vanderford,71,74,13,2,28,170.0,1,1,30,0,0,0:00,1,40,0,1,0:00,0,2,http://www.ufcstats.com/fighter-details/32c3ee378671a5d9
Austin Vanderford,71,74,13,2,34,170.0,2,1,39,2,0,7:21,1,5,0,0,0:00,0,2,http://www.ufcstats.com/fighter-details/32c3ee378671a5d9
Danny Barlow,74,79,9,1,28,170.0,1,1,16,0,0,0:00,0,7,0,0,0:00,0,1,http://www.ufcstats.com/fighter-details/b7c5eb7cdbac6a63
Danny Barlow,74,79,9,1,28,170.0,2,1,95,0,1,0:13,0,39,0,0,0:00,0,3,http://www.ufcstats.com/fighter-details/b7c5eb7cdbac6a63
Danny Barlow,74,79,9,1,29,170.0,3,1,47,0,0,1:16,0,50,0,0,0:09,0,3,http://www.ufcstats.com/fighter-details/b7c5eb7cdbac6a63
Danny Barlow,74,79,9,1,29,170.0,4,0,15,0,0,0:00,0,18,0,1,0:03,0,1,http://www.ufcstats.com/fighter-details/b7c5eb7cdbac6a63
Yancy Medeiros,70,75,15,8,29,170.0,1,1,33,0,1,0:11,0,29,0,0,0:00,0,2,http://www.ufcstats.com/fighter-details/813550bc53b15fb0
Yancy Medeiros,70,75,15,8,30,170.0,2,1,75,1,2,1:07,0,93,2,2,3:05,0,3,http://www.ufcstats.com/fighter-details/813550bc53b15fb0
Yancy Medeiros,70,75,15,8,30,170.0,3,0,25,0,0,0:17,0,28,0,3,0:21,0,1,http://www.ufcstats.com/fighter-details/813550bc53b15fb0
Yancy Medeiros,70,75,15,8,31,155.0,4,0,1,0,0,0:07,0,51,6,0,8:48,0,2,http://www.ufcstats.com/fighter-details/813550bc53b15fb0
Yancy Medeiros,70,75,15,8,32,155.0,5,0,68,0,0,0:00,0,99,0,0,0:04,0,3,http://www.ufcstats.com/fighter-details/813550bc53b15fb0
Yancy Medeiros,70,75,15,8,33,155.0,6,0,103,2,0,3:39,2,121,2,0,1:54,0,3,http://www.ufcstats.com/fighter-details/813550bc53b15fb0
Gregor Gillespie,67,71,14,1,30,155.0,1,1,20,4,1,5:48,1,22,0,0,0:00,0,2,http://www.ufcstats.com/fighter-details/84ff027394f7e470
Gregor Gillespie,67,71,14,1,31,155.0,2,1,34,1,0,3:43,0,7,0,0,0:00,0,1,http://www.ufcstats.com/fighter-details/84ff027394f7e470
Gregor Gillespie,67,71,14,1,31,155.0,3,1,13,7,0,7:51,2,7,0,0,0:00,0,2,http://www.ufcstats.com/fighter-details/84ff027394f7e470
Gregor Gillespie,67,71,14,1,32,155.0,4,1,51,6,0,8:48,0,1,0,0,0:07,0,2,http://www.ufcstats.com/fighter-details/84ff027394f7e470
Gregor Gillespie,67,71,14,1,32,155.0,5,0,9,0,0,0:00,0,21,0,1,0:01,0,1,http://www.ufcstats.com/fighter-details/84ff027394f7e470
Gregor Gillespie,67,71,14,1,34,155.0,6,1,45,4,0,5:10,0,31,0,0,1:06,0,2,http://www.ufcstats.com/fighter-details/84ff027394f7e470
Erick Silva,72,74,19,9,30,170.0,1,1,14,0,0,0:49,1,4,0,0,1:04,0,1,http://www.ufcstats.com/fighter-details/5866fc86183a9fb8
Erick Silva,72,74,19,9,31,170.0,2,0,29,3,0,2:46,0,68,4,0,4:05,0,3,http://www.ufcstats.com/fighter-details/5866fc86183a9fb8
Erick Silva,72,74,19,9,31,170.0,3,0,11,0,0,0:00,0,26,1,1,0:05,0,2,http://www.ufcstats.com/fighter-details/5866fc86183a9fb8
Erick Silva,72,74,19,9,32,170.0,4,1,55,0,1,3:10,2,41,1,2,2:32,0,3,http://www.ufcstats.com/fighter-details/5866fc86183a9fb8
Erick Silva,72,74,19,9,32,170.0,5,0,29,0,0,0:00,0,33,0,1,0:11,0,2,http://www.ufcstats.com/fighter-details/5866fc86183a9fb8
Erick Silva,72,74,19,9,33,170.0,6,0,13,0,0,0:40,0,51,3,0,7:52,1,3,http://www.ufcstats.com/fighter-details/5866fc86183a9fb8
Manel Kape,65,68,21,7,28,125.0,1,1,53,0,2,0:03,0,31,0,0,0:00,0,1,http://www.ufcstats.com/fighter-details/5d1b7e3dd9e11074
Manel Kape,65,68,21,7,29,125.0,2,1,58,0,1,0:57,2,33,2,0,2:42,0,3,http://www.ufcstats.com/fighter-details/5d1b7e3dd9e11074
Manel Kape,65,68,21,7,29,125.0,3,1,112,1,1,0:45,0,99,0,0,0:08,0,3,http://www.ufcstats.com/fighter-details/5d1b7e3dd9e11074
Manel Kape,65,68,21,7,30,125.0,4,0,20,0,0,0:04,0,30,3,0,2:11,0,3,http://www.ufcstats.com/fighter-details/5d1b7e3dd9e11074
Manel Kape,65,68,21,7,31,125.0,5,1,111,0,1,0:01,0,57,0,0,0:00,0,3,http://www.ufcstats.com/fighter-details/5d1b7e3dd9e11074
Manel Kape,65,68,21,7,31,125.0,6,1,61,0,0,0:29,0,40,0,0,0:00,0,3,http://www.ufcstats.com/fighter-details/5d1b7e3dd9e11074
Asu Almabayev,64,65,21,3,29,125.0,1,1,26,2,0,5:24,2,4,0,0,0:21,0,2,http://www.ufcstats.com/fighter-details/8d3273573b85be09
Asu Almabayev,64,65,21,3,30,125.0,2,1,44,9,0,9:32,0,29,0,0,0:14,0,3,http://www.ufcstats.com/fighter-details/8d3273573b85be09
Asu Almabayev,64,65,21,3,30,125.0,3,1,20,6,0,11:24,4,5,1,0,1:03,1,3,http://www.ufcstats.com/fighter-details/8d3273573b85be09
Asu Almabayev,64,65,21,3,30,125.0,4,1,22,1,1,5:17,0,16,0,0,0:00,1,3,http://www.ufcstats.com/fighter-details/8d3273573b85be09
Asu Almabayev,64,65,21,3,31,125.0,5,0,40,0,0,0:00,0,61,0,0,0:29,0,3,http://www.ufcstats.com/fighter-details/8d3273573b85be09
Julian Marquez,74,72,9,6,30,185.0,1,1,41,0,0,1:54,4,32,5,0,9:07,1,3,http://www.ufcstats.com/fighter-details/d0e1b42d41dab603
Julian Marquez,74,72,9,6,30,185.0,2,1,61,0,1,0:16,1,29,0,0,0:05,0,2,http://www.ufcstats.com/fighter-details/d0e1b42d41dab603
Julian Marquez,74,72,9,6,32,185.0,3,0,13,0,0,0:00,0,49,0,3,0:52,0,1,http://www.ufcstats.com/fighter-details/d0e1b42d41dab603
Julian Marquez,74,72,9,6,32,185.0,4,0,82,0,0,0:00,0,109,0,0,1:29,0,2,http://www.ufcstats.com/fighter-details/d0e1b42d41dab603
Julian Marquez,74,72,9,6,34,185.0,5,0,1,0,0,0:00,0,6,0,1,0:03,0,1,http://www.ufcstats.com/fighter-details/d0e1b42d41dab603
Julian Marquez,74,72,9,6,34,185.0,6,0,37,0,0,0:30,1,44,0,1,0:48,0,1,http://www.ufcstats.com/fighter-details/d0e1b42d41dab603
Nasrat Haqparast,70,72,18,5,26,155.0,1,0,76,0,0,0:00,0,188,0,0,0:00,0,3,http://www.ufcstats.com/fighter-details/b7b84ccd221be298
Nasrat Haqparast,70,72,18,5,27,155.0,2,1,64,2,1,0:35,0,73,0,0,0:00,0,3,http://www.ufcstats.com/fighter-details/b7b84ccd221be298
Nasrat Haqparast,70,72,18,5,28,155.0,3,1,171,0,0,0:21,0,148,0,0,0:41,0,3,http://www.ufcstats.com/fighter-details/b7b84ccd221be298
Nasrat Haqparast,70,72,18,5,28,155.0,4,1,16,0,2,0:05,0,8,0,0,0:00,0,1,http://www.ufcstats.com/fighter-details/b7b84ccd221be298
Nasrat Haqparast,70,72,18,5,28,155.0,5,1,146,0,0,0:03,0,141,0,0,2:49,0,3,http://www.ufcstats.com/fighter-details/b7b84ccd221be298
Nasrat Haqparast,70,72,18,5,29,155.0,6,1,135,1,0,0:49,0,147,0,0,0:00,0,3,http://www.ufcstats.com/fighter-details/b7b84ccd221be298
Hyder Amil,69,70,11,0,33,145.0,1,1,26,0,0,4:48,1,22,5,0,5:44,0,3,http://www.ufcstats.com/fighter-details/41cc71cbf210e0fe
Hyder Amil,69,70,11,0,33,145.0,2,1,79,1,1,2:20,2,26,0,0,0:56,0,2,http://www.ufcstats.com/fighter-details/41cc71cbf210e0fe
Hyder Amil,69,70,11,0,34,145.0,3,1,42,0,0,0:00,0,4,0,0,0:04,0,1,http://www.ufcstats.com/fighter-details/41cc71cbf210e0fe
Hyder Amil,69,70,11,0,34,145.0,4,1,115,1,0,2:43,0,101,0,0,1:22,0,3,http://www.ufcstats.com/fighter-details/41cc71cbf210e0fe
William Gomis,72,73,14,3,25,145.0,1,1,32,3,0,8:04,0,20,0,0,0:14,1,3,http://www.ufcstats.com/fighter-details/e1d40e8782d80bc2
William Gomis,72,73,14,3,25,145.0,2,1,27,0,0,0:17,0,15,2,0,4:20,2,3,http://www.ufcstats.com/fighter-details/e1d40e8782d80bc2
William Gomis,72,73,14,3,26,145.0,3,1,52,0,0,0:55,2,28,0,0,2:42,0,3,http://www.ufcstats.com/fighter-details/e1d40e8782d80bc2
William Gomis,72,73,14,3,27,145.0,4,1,43,0,0,3:52,0,29,3,0,6:40,2,3,http://www.ufcstats.com/fighter-details/e1d40e8782d80bc2
William Gomis,72,73,14,3,27,145.0,5,0,101,0,0,1:22,0,115,1,0,2:43,0,3,http://www.ufcstats.com/fighter-details/e1d40e8782d80bc2
Emrah Sonmez,70,71,14,5,31,145.0,1,0,22,5,0,5:44,0,26,0,0,4:48,1,3,http://www.ufcstats.com/fighter-details/fe759b24e344d7eb
Sam Patterson,75,78,13,2,26,155.0,1,1,25,0,0,3:23,2,27,1,0,1:45,0,2,http://www.ufcstats.com/fighter-details/8b6e5dc2ba1edbe7
Sam Patterson,75,78,13,2,26,155.0,2,0,2,0,0,0:00,0,15,1,0,0:07,0,1,http://www.ufcstats.com/fighter-details/8b6e5dc2ba1edbe7
Sam Patterson,75,78,13,2,27,170.0,3,1,5,1,0,0:41,1,1,0,0,0:05,0,1,http://www.ufcstats.com/fighter-details/8b6e5dc2ba1edbe7
Sam Patterson,75,78,13,2,28,170.0,4,1,9,1,0,0:56,1,9,0,0,0:15,0,1,http://www.ufcstats.com/fighter-details/8b6e5dc2ba1edbe7
Sam Patterson,75,78,13,2,28,170.0,5,1,18,0,1,0:03,0,15,0,0,0:00,0,1,http://www.ufcstats.com/fighter-details/8b6e5dc2ba1edbe7
Mario Pinto,77,79,10,0,26,265.0,1,1,14,0,1,0:02,0,7,0,0,0:00,0,1,http://www.ufcstats.com/fighter-details/39d309957c5c210d
Mario Pinto,77,79,10,0,26,265.0,2,1,13,0,1,0:18,0,32,0,1,0:53,0,2,http://www.ufcstats.com/fighter-details/39d309957c5c210d
Austen Lane,78,80,13,6,30,265.0,1,0,5,0,0,0:00,0,6,0,1,0:00,0,1,http://www.ufcstats.com/fighter-details/be9bdec19b7e9ffe
Austen Lane,78,80,13,6,34,265.0,2,1,18,0,0,1:45,0,4,1,0,1:40,0,1,http://www.ufcstats.com/fighter-details/be9bdec19b7e9ffe
Austen Lane,78,80,13,6,35,265.0,3,0,7,0,0,0:00,0,11,0,1,0:05,0,1,http://www.ufcstats.com/fighter-details/be9bdec19b7e9ffe
Austen Lane,78,80,13,6,36,265.0,4,0,17,1,0,4:29,0,20,0,1,0:32,0,2,http://www.ufcstats.com/fighter-details/be9bdec19b7e9ffe
Austen Lane,78,80,13,6,36,265.0,5,1,23,3,0,8:58,0,31,0,0,0:00,0,3,http://www.ufcstats.com/fighter-details/be9bdec19b7e9ffe
Austen Lane,78,80,13,6,37,265.0,6,0,32,0,1,0:53,0,13,0,1,0:18,0,2,http://www.ufcstats.com/fighter-details/be9bdec19b7e9ffe
Lucas Camacho,76,80,6,1,31,265.0,1,0,7,0,0,0:00,0,14,0,1,0:02,0,1,http://www.ufcstats.com/fighter-details/71d25689f70e4036
Chepe Mariscal,67,69,18,6,30,155.0,1,1,71,4,0,5:29,1,51,0,0,1:23,0,3,http://www.ufcstats.com/fighter-details/e0c6edcb5b5d0b90
Chepe Mariscal,67,69,18,6,30,145.0,2,1,38,1,0,2:46,0,41,0,0,0:07,0,2,http://www.ufcstats.com/fighter-details/e0c6edcb5b5d0b90
Chepe Mariscal,67,69,18,6,31,145.0,3,1,71,1,0,3:38,0,49,2,0,3:42,1,3,http://www.ufcstats.com/fighter-details/e0c6edcb5b5d0b90
Chepe Mariscal,67,69,18,6,31,145.0,4,1,73,5,0,8:31,0,32,1,0,4:18,0,3,http://www.ufcstats.com/fighter-details/e0c6edcb5b5d0b90
Chepe Mariscal,67,69,18,6,32,145.0,5,1,85,2,0,2:35,0,37,1,0,0:28,0,3,http://www.ufcstats.com/fighter-details/e0c6edcb5b5d0b90
Ricardo Ramos,69,72,17,7,26,145.0,1,0,68,0,0,0:00,0,77,2,0,0:55,0,3,http://www.ufcstats.com/fighter-details/1ae8f3c723aacff4
Ricardo Ramos,69,72,17,7,26,145.0,2,1,4,0,1,0:01,0,3,0,0,0:00,0,1,http://www.ufcstats.com/fighter-details/1ae8f3c723aacff4
Ricardo Ramos,69,72,17,7,28,145.0,3,0,0,2,0,1:58,1,8,0,0,0:00,1,1,http://www.ufcstats.com/fighter-details/1ae8f3c723aacff4
Ricardo Ramos,69,72,17,7,28,145.0,4,0,7,2,0,1:27,0,4,0,0,0:00,1,1,http://www.ufcstats.com/fighter-details/1ae8f3c723aacff4
Ricardo Ramos,69,72,17,7,29,145.0,5,1,27,1,0,4:09,1,70,0,1,1:30,0,3,http://www.ufcstats.com/fighter-details/1ae8f3c723aacff4
Ricardo Ramos,69,72,17,7,29,145.0,6,0,37,1,0,0:28,0,85,2,0,2:35,0,3,http://www.ufcstats.com/fighter-details/1ae8f3c723aacff4
Lucas Almeida,71,71,15,4,30,155.0,1,0,96,0,0,0:24,0,115,1,0,2:51,0,3,http://www.ufcstats.com/fighter-details/710f0f8c5d5c9d41
Lucas Almeida,71,71,15,4,31,145.0,2,1,75,0,2,2:13,0,31,0,1,1:43,0,3,http://www.ufcstats.com/fighter-details/710f0f8c5d5c9d41
Lucas Almeida,71,71,15,4,32,145.0,3,0,2,0,0,0:00,0,27,2,0,6:27,1,2,http://www.ufcstats.com/fighter-details/710f0f8c5d5c9d41
Lucas Almeida,71,71,15,4,32,145.0,4,0,10,0,0,0:00,0,20,0,1,0:15,0,1,http://www.ufcstats.com/fighter-details/710f0f8c5d5c9d41
Lucas Almeida,71,71,15,4,33,145.0,5,1,70,0,1,0:47,0,59,2,0,2:18,0,3,http://www.ufcstats.com/fighter-details/710f0f8c5d5c9d41
Lucas Almeida,71,71,15,4,34,145.0,6,0,74,0,0,0:17,0,82,1,0,0:49,0,3,http://www.ufcstats.com/fighter-details/710f0f8c5d5c9d41
Danny Silva,71,70,10,1,26,145.0,1,1,204,2,1,0:46,0,197,0,0,0:00,0,3,http://www.ufcstats.com/fighter-details/d964a59c48381cb6
Danny Silva,71,70,10,1,27,145.0,2,1,45,4,0,5:28,1,87,0,0,0:03,0,3,http://www.ufcstats.com/fighter-details/d964a59c48381cb6
Danny Silva,71,70,10,1,28,145.0,3,1,82,1,0,0:49,0,74,0,0,0:17,0,3,http://www.ufcstats.com/fighter-details/d964a59c48381cb6
Ramazan Temirov,64,63,19,3,27,125.0,1,1,23,0,3,0:05,0,4,0,0,0:00,0,1,http://www.ufcstats.com/fighter-details/7d0a1968b38ca439
Ramazan Temirov,64,63,19,3,28,125.0,2,1,55,1,0,0:23,0,66,0,0,1:18,0,3,http://www.ufcstats.com/fighter-details/7d0a1968b38ca439
Charles Johnson,69,70,17,7,32,125.0,1,0,72,0,0,0:43,0,18,3,0,9:23,1,3,http://www.ufcstats.com/fighter-details/814e5233e2acf2ee
Charles Johnson,69,70,17,7,33,125.0,2,1,76,2,0,0:47,3,38,2,1,2:29,1,3,http://www.ufcstats.com/fighter-details/814e5233e2acf2ee
Charles Johnson,69,70,17,7,33,125.0,3,1,70,0,1,0:19,0,48,0,0,2:12,0,3,http://www.ufcstats.com/fighter-details/814e5233e2acf2ee
Charles Johnson,69,70,17,7,33,125.0,4,1,88,0,1,0:34,0,67,1,0,0:15,0,3,http://www.ufcstats.com/fighter-details/814e5233e2acf2ee
Charles Johnson,69,70,17,7,33,125.0,5,1,65,2,1,2:58,0,75,0,0,0:50,2,3,http://www.ufcstats.com/fighter-details/814e5233e2acf2ee
Charles Johnson,69,70,17,7,34,125.0,6,0,66,0,0,1:18,0,55,1,0,0:23,0,3,http://www.ufcstats.com/fighter-details/814e5233e2acf2ee
Louis Smolka,69,68,17,9,27,135.0,1,0,13,0,0,1:18,0,14,1,0,0:28,2,1,http://www.ufcstats.com/fighter-details/d2bc285ead803db0
Louis Smolka,69,68,17,9,28,135.0,2,1,59,0,1,0:09,0,30,0,0,0:05,0,1,http://www.ufcstats.com/fighter-details/d2bc285ead803db0
Louis Smolka,69,68,17,9,28,135.0,3,0,18,0,0,0:00,0,32,0,0,0:09,1,1,http://www.ufcstats.com/fighter-details/d2bc285ead803db0
Louis Smolka,69,68,17,9,29,135.0,4,1,59,3,0,1:09,0,43,2,0,0:31,0,2,http://www.ufcstats.com/fighter-details/d2bc285ead803db0
Louis Smolka,69,68,17,9,30,135.0,5,0,23,0,0,0:00,0,27,0,1,0:00,0,1,http://www.ufcstats.com/fighter-details/d2bc285ead803db0
Louis Smolka,69,68,17,9,30,135.0,6,0,71,0,0,0:35,0,81,0,1,0:35,0,3,http://www.ufcstats.com/fighter-details/d2bc285ead803db0
Angel Pacheco,68,70,7,3,31,145.0,1,0,197,0,0,0:00,0,204,2,1,0:46,0,3,http://www.ufcstats.com/fighter-details/07797f10b9569cfc
Angel Pacheco,68,70,7,3,32,135.0,2,0,88,0,0,0:09,0,140,3,0,4:42,0,3,http://www.ufcstats.com/fighter-details/07797f10b9569cfc
Jose Quinonez,68,69,9,5,27,135.0,1,1,59,1,0,2:56,0,27,1,0,0:16,2,3,http://www.ufcstats.com/fighter-details/36549928f90f1d36
Jose Quinonez,68,69,9,5,27,135.0,2,1,49,2,0,3:21,0,33,1,1,0:25,0,3,http://www.ufcstats.com/fighter-details/36549928f90f1d36
Jose Quinonez,68,69,9,5,28,135.0,3,0,34,1,0,1:48,0,30,2,0,1:12,2,2,http://www.ufcstats.com/fighter-details/36549928f90f1d36
Jose Quinonez,68,69,9,5,29,135.0,4,1,60,2,1,4:13,0,32,0,0,0:00,0,3,http://www.ufcstats.com/fighter-details/36549928f90f1d36
Jose Quinonez,68,69,9,5,29,135.0,5,0,0,0,0,0:00,0,18,0,0,0:02,0,1,http://www.ufcstats.com/fighter-details/36549928f90f1d36
Jose Quinonez,68,69,9,5,30,135.0,6,0,43,2,0,0:31,0,59,3,0,1:09,0,2,http://www.ufcstats.com/fighter-details/36549928f90f1d36
Ryan MacDonald,71,71,10,2,26,135.0,1,0,15,0,0,0:47,0,69,0,0,0:08,0,3,http://www.ufcstats.com/fighter-details/35e1f9984ed64206
Ryan MacDonald,71,71,10,2,26,135.0,2,0,30,0,0,0:05,0,59,0,1,0:09,0,1,http://www.ufcstats.com/fighter-details/35e1f9984ed64206
Magomed Gadzhiyasulov,74,75,9,1,29,205.0,1,1,73,6,0,6:02,0,24,0,0,0:56,0,3,http://www.ufcstats.com/fighter-details/6e344b71421103da
Magomed Gadzhiyasulov,74,75,9,1,30,205.0,2,1,26,5,0,9:59,0,17,3,0,1:56,1,3,http://www.ufcstats.com/fighter-details/6e344b71421103da
Magomed Gadzhiyasulov,74,75,9,1,31,205.0,3,0,31,0,0,0:14,0,33,5,0,9:19,0,3,http://www.ufcstats.com/fighter-details/6e344b71421103da
Cristian Quinonez,68,70,18,5,25,135.0,1,1,76,1,1,0:35,0,78,0,0,0:07,0,3,http://www.ufcstats.com/fighter-details/7debc13b36343605
Cristian Quinonez,68,70,18,5,26,135.0,2,1,19,0,0,0:02,0,6,0,0,0:00,0,1,http://www.ufcstats.com/fighter-details/7debc13b36343605
Cristian Quinonez,68,70,18,5,27,135.0,3,0,13,0,0,0:00,0,22,1,1,0:40,1,1,http://www.ufcstats.com/fighter-details/7debc13b36343605
Cristian Quinonez,68,70,18,5,27,135.0,4,0,29,2,0,3:13,0,43,2,0,1:02,2,3,http://www.ufcstats.com/fighter-details/7debc13b36343605
Rongzhu,69,71,26,6,21,155.0,1,0,48,1,0,0:20,0,126,0,0,1:21,2,3,http://www.ufcstats.com/fighter-details/a13d755965a4ec9f
Rongzhu,69,71,26,6,23,155.0,2,1,20,0,1,0:15,0,15,0,0,0:47,0,1,http://www.ufcstats.com/fighter-details/a13d755965a4ec9f
Rongzhu,69,71,26,6,23,155.0,3,1,132,0,1,0:04,0,94,2,0,2:29,0,3,http://www.ufcstats.com/fighter-details/a13d755965a4ec9f
Rongzhu,69,71,26,6,23,155.0,4,1,64,0,0,0:34,1,29,4,0,3:03,0,3,http://www.ufcstats.com/fighter-details/a13d755965a4ec9f
Rongzhu,69,71,26,6,24,155.0,5,0,49,0,0,0:12,0,68,0,0,0:00,0,2,http://www.ufcstats.com/fighter-details/a13d755965a4ec9f
Rongzhu,69,71,26,6,24,155.0,6,1,125,0,1,0:18,0,59,1,0,0:06,0,3,http://www.ufcstats.com/fighter-details/a13d755965a4ec9f
Kody Steele,69,71,7,1,29,155.0,1,1,48,0,1,0:14,0,48,0,0,0:00,0,2,http://www.ufcstats.com/fighter-details/aebaa8cec15b083d
Kody Steele,69,71,7,1,29,155.0,2,0,59,1,0,0:06,0,125,0,1,0:18,0,3,http://www.ufcstats.com/fighter-details/aebaa8cec15b083d
Shin Haraguchi,65,68,8,2,24,155.0,1,1,49,3,0,5:50,0,2,0,0,0:00,0,2,http://www.ufcstats.com/fighter-details/05b17ae24e6bba81
Shin Haraguchi,65,68,8,2,24,155.0,2,1,15,17,0,12:20,0,12,0,0,0:41,0,3,http://www.ufcstats.com/fighter-details/05b17ae24e6bba81
Shin Haraguchi,65,68,8,2,25,155.0,3,0,29,4,0,3:03,0,64,0,0,0:34,1,3,http://www.ufcstats.com/fighter-details/05b17ae24e6bba81
Shin Haraguchi,65,68,8,2,25,145.0,4,1,20,13,0,12:22,0,10,0,0,0:00,0,3,http://www.ufcstats.com/fighter-details/05b17ae24e6bba81
Shin Haraguchi,65,68,8,2,25,145.0,5,0,17,16,0,8:04,0,31,0,0,0:08,0,3,http://www.ufcstats.com/fighter-details/05b17ae24e6bba81
SeongChan Hong,67,69,9,2,33,155.0,1,0,15,0,0,0:47,0,20,0,1,0:15,0,1,http://www.ufcstats.com/fighter-details/10d4575f497face4
Brandon Jenkins,72,71,15,9,29,155.0,1,0,41,0,0,0:04,0,86,6,1,9:27,0,3,http://www.ufcstats.com/fighter-details/6a8928652fc01bee
Brandon Jenkins,72,71,15,9,30,155.0,2,0,18,0,0,0:10,0,76,2,2,1:55,0,2,http://www.ufcstats.com/fighter-details/6a8928652fc01bee
Wes Schultz,74,77,6,2,28,185.0,1,0,46,2,0,1:18,0,48,0,0,2:41,0,2,http://www.ufcstats.com/fighter-details/b4443fae47e7eb9d
Ahmad Hassanzada,73,75,11,3,25,155.0,1,0,31,2,0,4:12,0,53,0,1,3:58,0,3,http://www.ufcstats.com/fighter-details/bf7a64d9ae343e86
Ahmad Hassanzada,73,75,11,3,27,155.0,2,1,47,2,0,6:12,2,56,0,1,2:13,0,3,http://www.ufcstats.com/fighter-details/bf7a64d9ae343e86
Alex Pereira,76,79,12,3,36,205.0,1,1,70,0,0,0:06,1,52,3,0,7:32,2,3,http://www.ufcstats.com/fighter-details/e5549c82bfb5582d
Alex Pereira,76,79,12,3,36,205.0,2,1,38,0,1,0:08,1,30,1,0,2:45,0,2,http://www.ufcstats.com/fighter-details/e5549c82bfb5582d
Alex Pereira,76,79,12,3,36,205.0,3,1,24,0,1,0:07,0,12,0,0,0:00,0,1,http://www.ufcstats.com/fighter-details/e5549c82bfb5582d
Alex Pereira,76,79,12,3,36,205.0,4,1,38,0,2,0:03,0,7,0,0,1:11,0,2,http://www.ufcstats.com/fighter-details/e5549c82bfb5582d
Alex Pereira,76,79,12,3,37,205.0,5,1,127,0,1,0:02,0,61,0,0,0:00,0,4,http://www.ufcstats.com/fighter-details/e5549c82bfb5582d
Alex Pereira,76,79,12,3,37,205.0,6,0,76,0,0,0:00,0,94,0,0,5:42,0,5,http://www.ufcstats.com/fighter-details/e5549c82bfb5582d
Magomed Ankalaev,75,75,21,1,29,205.0,1,1,66,1,1,1:45,0,48,0,0,0:00,0,3,http://www.ufcstats.com/fighter-details/d802174b0c0c1f4e
Magomed Ankalaev,75,75,21,1,29,205.0,2,1,78,1,0,3:35,0,60,0,1,0:17,0,5,http://www.ufcstats.com/fighter-details/d802174b0c0c1f4e
Magomed Ankalaev,75,75,21,1,30,205.0,3,1,46,0,0,2:26,0,18,0,0,0:51,0,2,http://www.ufcstats.com/fighter-details/d802174b0c0c1f4e
Magomed Ankalaev,75,75,21,1,31,205.0,4,1,39,0,1,0:05,0,24,0,0,0:00,0,2,http://www.ufcstats.com/fighter-details/d802174b0c0c1f4e
Magomed Ankalaev,75,75,21,1,32,205.0,5,1,55,0,0,1:31,0,53,0,0,1:00,0,3,http://www.ufcstats.com/fighter-details/d802174b0c0c1f4e
Magomed Ankalaev,75,75,21,1,32,205.0,6,1,94,0,0,5:42,0,76,0,0,0:00,0,5,http://www.ufcstats.com/fighter-details/d802174b0c0c1f4e
Francis Marshall,69,72,8,3,23,145.0,1,1,110,6,0,5:49,0,74,0,0,0:07,1,3,http://www.ufcstats.com/fighter-details/5d495dec23d7c68e
Francis Marshall,69,72,8,3,23,145.0,2,1,23,1,1,2:47,0,31,0,0,0:00,0,2,http://www.ufcstats.com/fighter-details/5d495dec23d7c68e
Francis Marshall,69,72,8,3,24,145.0,3,0,15,2,0,4:20,2,27,0,0,0:17,0,3,http://www.ufcstats.com/fighter-details/5d495dec23d7c68e
Francis Marshall,69,72,8,3,24,145.0,4,0,2,0,0,0:00,0,35,1,0,4:18,0,1,http://www.ufcstats.com/fighter-details/5d495dec23d7c68e
Francis Marshall,69,72,8,3,25,155.0,5,1,57,1,1,5:26,0,66,0,0,0:08,0,3,http://www.ufcstats.com/fighter-details/5d495dec23d7c68e
Francis Marshall,69,72,8,3,26,145.0,6,0,39,3,0,2:35,0,58,0,0,0:02,0,3,http://www.ufcstats.com/fighter-details/5d495dec23d7c68e
Justin Gaethje,71,70,26,5,32,155.0,1,1,116,0,1,1:37,0,103,1,0,0:03,0,3,http://www.ufcstats.com/fighter-details/9e8f6c728eb01124
Justin Gaethje,71,70,26,5,33,155.0,2,0,21,0,1,0:13,0,30,0,1,0:39,2,1,http://www.ufcstats.com/fighter-details/9e8f6c728eb01124
Justin Gaethje,71,70,26,5,34,155.0,3,1,103,1,0,0:05,0,97,0,0,0:00,0,3,http://www.ufcstats.com/fighter-details/9e8f6c728eb01124
Justin Gaethje,71,70,26,5,34,155.0,4,1,41,0,1,0:01,0,27,0,0,0:00,0,2,http://www.ufcstats.com/fighter-details/9e8f6c728eb01124
Justin Gaethje,71,70,26,5,35,155.0,5,0,103,0,0,0:00,0,181,0,1,0:00,0,5,http://www.ufcstats.com/fighter-details/9e8f6c728eb01124
Justin Gaethje,71,70,26,5,36,155.0,6,1,72,0,1,1:32,0,68,2,0,0:40,0,3,http://www.ufcstats.com/fighter-details/9e8f6c728eb01124
Rafael Fiziev,68,71,13,4,28,155.0,1,1,66,0,0,0:09,0,59,1,0,0:14,0,3,http://www.ufcstats.com/fighter-details/c814b4c899793af6
Rafael Fiziev,68,71,13,4,29,155.0,2,1,64,0,1,2:59,0,54,2,0,6:13,0,5,http://www.ufcstats.com/fighter-details/c814b4c899793af6
Rafael Fiziev,68,71,13,4,30,155.0,3,0,97,0,0,0:00,0,103,1,0,0:05,0,3,http://www.ufcstats.com/fighter-details/c814b4c899793af6
Rafael Fiziev,68,71,13,4,30,155.0,4,0,18,0,0,0:00,0,16,1,0,1:28,0,2,http://www.ufcstats.com/fighter-details/c814b4c899793af6
Rafael Fiziev,68,71,13,4,32,155.0,5,0,68,2,0,0:40,0,72,0,1,1:32,0,3,http://www.ufcstats.com/fighter-details/c814b4c899793af6
Rafael Fiziev,68,71,13,4,32,155.0,6,1,62,4,0,1:43,0,50,0,0,1:13,0,3,http://www.ufcstats.com/fighter-details/c814b4c899793af6
Rei Tsuruya,66,68,10,1,20,125.0,1,1,39,3,0,5:35,3,4,0,0,0:00,0,2,http://www.ufcstats.com/fighter-details/2f43a3e82661fa99
Rei Tsuruya,66,68,10,1,21,125.0,2,1,23,8,0,8:34,1,31,1,1,0:24,0,3,http://www.ufcstats.com/fighter-details/2f43a3e82661fa99
Rei Tsuruya,66,68,10,1,21,125.0,3,1,15,1,0,2:45,3,3,0,0,0:30,0,1,http://www.ufcstats.com/fighter-details/2f43a3e82661fa99
Rei Tsuruya,66,68,10,1,22,125.0,4,1,17,3,0,6:19,0,16,1,0,4:29,0,3,http://www.ufcstats.com/fighter-details/2f43a3e82661fa99
Rei Tsuruya,66,68,10,1,22,125.0,5,0,32,4,0,3:49,0,59,0,0,0:50,0,3,http://www.ufcstats.com/fighter-details/2f43a3e82661fa99
Mauricio Ruffy,71,75,12,1,27,170.0,1,1,70,0,0,1:12,0,60,0,0,0:24,0,3,http://www.ufcstats.com/fighter-details/9c393e836a852f30
Mauricio Ruffy,71,75,12,1,27,155.0,2,1,25,0,1,0:04,0,14,0,0,0:00,0,1,http://www.ufcstats.com/fighter-details/9c393e836a852f30
Mauricio Ruffy,71,75,12,1,28,155.0,3,1,67,0,1,0:16,0,90,0,0,1:20,0,3,http://www.ufcstats.com/fighter-details/9c393e836a852f30
Mauricio Ruffy,71,75,12,1,28,155.0,4,1,4,0,1,0:03,0,4,0,0,0:00,0,1,http://www.ufcstats.com/fighter-details/9c393e836a852f30
King Green,70,71,32,17,36,155.0,1,1,137,0,0,3:25,1,54,0,0,0:13,0,3,http://www.ufcstats.com/fighter-details/887961364be5ceb3
King Green,70,71,32,17,37,155.0,2,1,7,0,1,0:05,0,0,0,0,0:00,0,1,http://www.ufcstats.com/fighter-details/887961364be5ceb3
King Green,70,71,32,17,37,155.0,3,0,15,0,0,0:02,0,33,0,1,0:12,0,1,http://www.ufcstats.com/fighter-details/887961364be5ceb3
King Green,70,71,32,17,37,155.0,4,1,186,1,1,0:54,0,57,0,0,0:01,0,3,http://www.ufcstats.com/fighter-details/887961364be5ceb3
King Green,70,71,32,17,37,155.0,5,0,15,1,0,0:34,0,8,0,0,0:00,2,1,http://www.ufcstats.com/fighter-details/887961364be5ceb3
King Green,70,71,32,17,38,155.0,6,0,4,0,0,0:00,0,4,0,1,0:03,0,1,http://www.ufcstats.com/fighter-details/887961364be5ceb3
Ignacio Bahamondes,75,75,17,6,25,155.0,1,1,99,0,0,0:00,0,42,0,0,0:00,0,3,http://www.ufcstats.com/fighter-details/e4a47b07044ddd72
Ignacio Bahamondes,75,75,17,6,25,155.0,2,0,43,0,0,0:07,0,56,3,0,6:05,0,3,http://www.ufcstats.com/fighter-details/e4a47b07044ddd72
Ignacio Bahamondes,75,75,17,6,26,155.0,3,1,40,0,1,0:15,0,17,0,0,0:10,0,1,http://www.ufcstats.com/fighter-details/e4a47b07044ddd72
Ignacio Bahamondes,75,75,17,6,27,155.0,4,1,31,0,2,0:38,0,20,0,0,0:20,0,1,http://www.ufcstats.com/fighter-details/e4a47b07044ddd72
Ignacio Bahamondes,75,75,17,6,27,155.0,5,1,10,0,0,0:00,1,7,0,0,1:43,0,1,http://www.ufcstats.com/fighter-details/e4a47b07044ddd72
Ignacio Bahamondes,75,75,17,6,27,155.0,6,0,50,0,0,1:13,0,62,4,0,1:43,0,3,http://www.ufcstats.com/fighter-details/e4a47b07044ddd72
Jalin Turner,75,77,14,9,27,155.0,1,1,3,0,0,0:13,1,2,0,0,0:00,0,1,http://www.ufcstats.com/fighter-details/4d8fa64202cee4c1
Jalin Turner,75,77,14,9,27,155.0,2,0,40,0,1,0:32,0,29,4,0,6:52,0,3,http://www.ufcstats.com/fighter-details/4d8fa64202cee4c1
Jalin Turner,75,77,14,9,28,155.0,3,0,100,1,0,0:18,0,125,0,1,3:09,1,3,http://www.ufcstats.com/fighter-details/4d8fa64202cee4c1
Jalin Turner,75,77,14,9,28,155.0,4,1,33,0,1,0:12,0,15,0,0,0:02,0,1,http://www.ufcstats.com/fighter-details/4d8fa64202cee4c1
Jalin Turner,75,77,14,9,28,155.0,5,0,16,0,1,0:02,0,36,2,0,5:50,0,2,http://www.ufcstats.com/fighter-details/4d8fa64202cee4c1
Jalin Turner,75,77,14,9,29,155.0,6,0,7,0,0,1:43,0,10,0,0,0:00,1,1,http://www.ufcstats.com/fighter-details/4d8fa64202cee4c1
Brunno Ferreira,70,72,13,2,30,185.0,1,1,22,0,1,0:01,0,21,0,0,0:10,0,1,http://www.ufcstats.com/fighter-details/1e719d4b676dc19a
Brunno Ferreira,70,72,13,2,30,185.0,2,0,3,0,0,0:00,0,6,1,0,0:01,0,1,http://www.ufcstats.com/fighter-details/1e719d4b676dc19a
Brunno Ferreira,70,72,13,2,31,185.0,3,1,19,1,1,1:37,0,13,0,0,0:00,0,1,http://www.ufcstats.com/fighter-details/1e719d4b676dc19a
Brunno Ferreira,70,72,13,2,31,185.0,4,1,24,0,1,0:10,0,18,1,0,1:31,2,1,http://www.ufcstats.com/fighter-details/1e719d4b676dc19a
Brunno Ferreira,70,72,13,2,31,185.0,5,0,29,0,0,0:13,1,26,4,0,3:36,1,3,http://www.ufcstats.com/fighter-details/1e719d4b676dc19a
Brunno Ferreira,70,72,13,2,32,185.0,6,1,27,2,0,1:12,1,46,0,0,0:00,0,2,http://www.ufcstats.com/fighter-details/1e719d4b676dc19a
Armen Petrosyan,75,71,9,5,31,185.0,1,0,31,0,0,1:19,0,12,4,0,10:09,0,3,http://www.ufcstats.com/fighter-details/369ea36e450ae62a
Armen Petrosyan,75,71,9,5,31,185.0,2,1,118,0,0,0:00,0,58,3,0,0:49,0,3,http://www.ufcstats.com/fighter-details/369ea36e450ae62a
Armen Petrosyan,75,71,9,5,32,185.0,3,1,89,1,0,3:21,0,59,0,0,1:09,0,3,http://www.ufcstats.com/fighter-details/369ea36e450ae62a
Armen Petrosyan,75,71,9,5,33,185.0,4,0,9,0,0,0:00,0,6,3,0,2:46,1,1,http://www.ufcstats.com/fighter-details/369ea36e450ae62a
Armen Petrosyan,75,71,9,5,33,185.0,5,0,77,0,0,0:21,0,65,0,1,0:02,0,2,http://www.ufcstats.com/fighter-details/369ea36e450ae62a
Armen Petrosyan,75,71,9,5,34,185.0,6,0,46,0,0,0:00,0,27,2,0,1:12,1,2,http://www.ufcstats.com/fighter-details/369ea36e450ae62a
Carlos Leal,71,74,22,6,30,170.0,1,0,107,1,0,0:13,0,109,2,0,3:14,0,3,http://www.ufcstats.com/fighter-details/28d421729451c8ca
Carlos Leal,71,74,22,6,30,170.0,2,1,79,0,0,0:03,0,40,0,0,0:20,0,1,http://www.ufcstats.com/fighter-details/28d421729451c8ca
Alex Morono,71,72,24,12,32,170.0,1,1,33,0,0,0:00,1,40,2,0,0:46,0,2,http://www.ufcstats.com/fighter-details/cdb96af67d096b1e
Alex Morono,71,72,24,12,33,170.0,2,0,40,1,0,0:13,0,68,2,0,2:21,0,3,http://www.ufcstats.com/fighter-details/cdb96af67d096b1e
Alex Morono,71,72,24,12,33,170.0,3,1,38,0,0,0:00,1,60,1,0,3:20,0,3,http://www.ufcstats.com/fighter-details/cdb96af67d096b1e
Alex Morono,71,72,24,12,33,170.0,4,0,96,1,0,0:56,0,108,5,0,3:37,0,3,http://www.ufcstats.com/fighter-details/cdb96af67d096b1e
Alex Morono,71,72,24,12,34,170.0,5,0,74,0,0,0:00,0,123,1,0,0:56,0,3,http://www.ufcstats.com/fighter-details/cdb96af67d096b1e
Alex Morono,71,72,24,12,34,170.0,6,0,40,0,0,0:20,0,79,0,0,0:03,0,1,http://www.ufcstats.com/fighter-details/cdb96af67d096b1e
Ozzy Diaz,76,79,10,3,31,185.0,1,0,11,0,0,0:37,0,26,1,1,2:47,1,2,http://www.ufcstats.com/fighter-details/6967153c7edb4d87
Ozzy Diaz,76,79,10,3,34,205.0,2,0,9,0,0,0:00,0,17,0,1,0:05,0,1,http://www.ufcstats.com/fighter-details/6967153c7edb4d87
Ozzy Diaz,76,79,10,3,34,185.0,3,1,135,0,0,0:00,0,131,1,0,0:26,0,3,http://www.ufcstats.com/fighter-details/6967153c7edb4d87
Djorden Santos,72,75,10,2,27,185.0,1,1,85,1,0,4:15,0,41,2,0,4:08,0,3,http://www.ufcstats.com/fighter-details/312f7d7b2b2f7de4
Djorden Santos,72,75,10,2,27,185.0,2,0,131,1,0,0:26,0,135,0,0,0:00,0,3,http://www.ufcstats.com/fighter-details/312f7d7b2b2f7de4
Ryan Spann,77,79,22,11,31,205.0,1,1,8,0,1,0:03,0,5,0,0,0:00,0,1,http://www.ufcstats.com/fighter-details/a67f5afa8d6a1b80
Ryan Spann,77,79,22,11,31,205.0,2,0,5,1,0,0:32,1,7,2,0,2:39,2,1,http://www.ufcstats.com/fighter-details/a67f5afa8d6a1b80
Ryan Spann,77,79,22,11,32,205.0,3,0,59,0,0,1:19,0,91,1,0,0:56,0,3,http://www.ufcstats.com/fighter-details/a67f5afa8d6a1b80
Ryan Spann,77,79,22,11,32,205.0,4,0,15,1,0,3:29,1,31,0,1,0:20,0,2,http://www.ufcstats.com/fighter-details/a67f5afa8d6a1b80
Ryan Spann,77,79,22,11,33,205.0,5,1,9,0,0,0:03,1,7,0,0,0:03,0,1,http://www.ufcstats.com/fighter-details/a67f5afa8d6a1b80
Ryan Spann,77,79,22,11,33,265.0,6,0,23,0,0,0:05,0,66,0,1,0:57,0,2,http://www.ufcstats.com/fighter-details/a67f5afa8d6a1b80
Kevin Vallejos,67,68,15,1,21,145.0,1,0,71,0,0,0:11,0,87,1,0,0:09,0,3,http://www.ufcstats.com/fighter-details/239d8e5359022f3b
Kevin Vallejos,67,68,15,1,22,145.0,2,1,48,0,1,0:01,0,14,0,0,0:01,0,1,http://www.ufcstats.com/fighter-details/239d8e5359022f3b
Kevin Vallejos,67,68,15,1,23,145.0,3,1,14,0,1,0:05,0,16,0,0,0:00,0,1,http://www.ufcstats.com/fighter-details/239d8e5359022f3b
Alexander Hernandez,69,72,16,8,30,145.0,1,0,48,2,0,4:08,1,87,2,0,1:20,0,2,http://www.ufcstats.com/fighter-details/262a7d06203657e6
Alexander Hernandez,69,72,16,8,30,155.0,2,1,108,0,0,0:23,0,67,0,0,0:40,1,3,http://www.ufcstats.com/fighter-details/262a7d06203657e6
Alexander Hernandez,69,72,16,8,31,145.0,3,0,75,0,0,0:35,0,110,1,1,0:07,0,3,http://www.ufcstats.com/fighter-details/262a7d06203657e6
Alexander Hernandez,69,72,16,8,31,145.0,4,0,32,0,1,2:22,0,42,3,0,6:18,0,3,http://www.ufcstats.com/fighter-details/262a7d06203657e6
Alexander Hernandez,69,72,16,8,32,155.0,5,1,79,0,0,0:40,0,63,0,0,0:05,0,3,http://www.ufcstats.com/fighter-details/262a7d06203657e6
Alexander Hernandez,69,72,16,8,32,155.0,6,1,59,4,0,6:39,0,71,0,0,0:32,1,3,http://www.ufcstats.com/fighter-details/262a7d06203657e6
Chidi Njokuani,75,80,25,10,33,185.0,1,0,44,0,0,1:40,0,48,1,1,1:14,0,2,http://www.ufcstats.com/fighter-details/c68c68efaa5ca6ef
Chidi Njokuani,75,80,25,10,34,185.0,2,0,40,0,0,0:00,0,45,2,0,4:02,0,3,http://www.ufcstats.com/fighter-details/c68c68efaa5ca6ef
Chidi Njokuani,75,80,25,10,34,185.0,3,0,29,0,0,0:09,0,44,1,0,1:36,0,1,http://www.ufcstats.com/fighter-details/c68c68efaa5ca6ef
Chidi Njokuani,75,80,25,10,35,170.0,4,1,64,0,0,0:53,0,30,0,0,6:41,0,3,http://www.ufcstats.com/fighter-details/c68c68efaa5ca6ef
Chidi Njokuani,75,80,25,10,35,170.0,5,1,105,0,0,9:16,0,20,2,0,2:29,1,3,http://www.ufcstats.com/fighter-details/c68c68efaa5ca6ef
Chidi Njokuani,75,80,25,10,36,170.0,6,1,46,0,1,0:10,0,17,1,0,1:14,0,2,http://www.ufcstats.com/fighter-details/c68c68efaa5ca6ef
Elizeu Zaleski dos Santos,71,73,25,9,33,170.0,1,0,46,0,0,0:53,0,40,0,0,0:02,0,3,http://www.ufcstats.com/fighter-details/8adcbd525fab8d9b
Elizeu Zaleski dos Santos,71,73,25,9,34,170.0,2,1,149,0,0,2:00,0,67,2,0,1:55,0,3,http://www.ufcstats.com/fighter-details/8adcbd525fab8d9b
Elizeu Zaleski dos Santos,71,73,25,9,36,170.0,3,1,42,0,0,0:15,0,29,1,0,6:16,0,3,http://www.ufcstats.com/fighter-details/8adcbd525fab8d9b
Elizeu Zaleski dos Santos,71,73,25,9,37,170.0,4,0,26,4,0,5:33,1,67,0,0,0:42,2,3,http://www.ufcstats.com/fighter-details/8adcbd525fab8d9b
Elizeu Zaleski dos Santos,71,73,25,9,37,170.0,5,1,11,0,0,0:20,0,3,0,0,0:00,0,1,http://www.ufcstats.com/fighter-details/8adcbd525fab8d9b
Elizeu Zaleski dos Santos,71,73,25,9,38,170.0,6,0,17,1,0,1:14,0,46,0,1,0:10,0,2,http://www.ufcstats.com/fighter-details/8adcbd525fab8d9b
Marvin Vettori,72,74,19,8,27,185.0,1,0,58,4,0,6:55,0,96,0,0,0:36,0,5,http://www.ufcstats.com/fighter-details/7acbb0972e75281a
Marvin Vettori,72,74,19,8,28,205.0,2,1,190,1,0,3:27,0,163,1,0,0:47,0,5,http://www.ufcstats.com/fighter-details/7acbb0972e75281a
Marvin Vettori,72,74,19,8,28,185.0,3,0,33,0,0,0:28,0,74,1,0,0:12,0,3,http://www.ufcstats.com/fighter-details/7acbb0972e75281a
Marvin Vettori,72,74,19,8,29,185.0,4,1,106,0,0,0:00,0,71,0,0,0:14,0,3,http://www.ufcstats.com/fighter-details/7acbb0972e75281a
Marvin Vettori,72,74,19,8,29,185.0,5,0,153,1,0,0:28,0,241,4,0,3:07,0,5,http://www.ufcstats.com/fighter-details/7acbb0972e75281a
Marvin Vettori,72,74,19,8,31,185.0,6,0,111,0,0,0:00,0,141,0,0,0:15,0,5,http://www.ufcstats.com/fighter-details/7acbb0972e75281a
Roman Dolidze,74,76,15,3,34,185.0,1,1,25,0,0,0:30,3,47,2,0,1:52,0,2,http://www.ufcstats.com/fighter-details/327d5f279895110d
Roman Dolidze,74,76,15,3,34,185.0,2,0,71,0,0,0:14,0,106,0,0,0:00,0,3,http://www.ufcstats.com/fighter-details/327d5f279895110d
Roman Dolidze,74,76,15,3,35,185.0,3,0,34,0,0,10:11,0,112,0,1,3:52,1,5,http://www.ufcstats.com/fighter-details/327d5f279895110d
Roman Dolidze,74,76,15,3,35,205.0,4,1,100,1,0,3:33,0,51,0,0,0:00,0,3,http://www.ufcstats.com/fighter-details/327d5f279895110d
Roman Dolidze,74,76,15,3,36,185.0,5,1,19,1,0,2:50,0,18,0,0,0:00,0,1,http://www.ufcstats.com/fighter-details/327d5f279895110d
Roman Dolidze,74,76,15,3,36,185.0,6,1,141,0,0,0:15,0,111,0,0,0:00,0,5,http://www.ufcstats.com/fighter-details/327d5f279895110d
Carlos Vera,66,69,12,4,36,135.0,1,0,12,0,0,0:00,0,38,3,0,13:03,0,3,http://www.ufcstats.com/fighter-details/07f959e6596307bb
Carlos Vera,66,69,12,4,37,135.0,2,1,16,0,1,0:14,2,13,0,0,0:10,0,1,http://www.ufcstats.com/fighter-details/07f959e6596307bb
AJ Cunningham,70,71,11,5,29,145.0,1,0,69,0,0,0:00,0,103,0,1,0:01,0,2,http://www.ufcstats.com/fighter-details/d1053e55f00e53fe
AJ Cunningham,70,71,11,5,29,155.0,2,0,36,0,0,0:26,0,60,2,1,0:27,0,1,http://www.ufcstats.com/fighter-details/d1053e55f00e53fe
AJ Cunningham,70,71,11,5,30,135.0,3,0,16,0,0,0:00,1,18,5,0,7:54,1,3,http://www.ufcstats.com/fighter-details/d1053e55f00e53fe
Cody Gibson,70,71,22,11,27,135.0,1,0,30,0,0,0:16,0,39,0,1,1:17,0,3,http://www.ufcstats.com/fighter-details/700a674c042b7a96
Cody Gibson,70,71,22,11,35,135.0,2,0,164,0,0,0:00,0,160,0,0,0:00,0,3,http://www.ufcstats.com/fighter-details/700a674c042b7a96
Cody Gibson,70,71,22,11,36,135.0,3,0,18,1,0,1:55,0,25,2,0,6:29,0,3,http://www.ufcstats.com/fighter-details/700a674c042b7a96
Cody Gibson,70,71,22,11,36,135.0,4,1,13,2,0,2:38,1,2,0,0,0:05,0,1,http://www.ufcstats.com/fighter-details/700a674c042b7a96
Cody Gibson,70,71,22,11,37,135.0,5,1,16,5,0,12:25,2,11,0,0,0:00,0,3,http://www.ufcstats.com/fighter-details/700a674c042b7a96
Cody Gibson,70,71,22,11,37,135.0,6,0,45,1,0,2:42,0,13,0,0,3:32,3,2,http://www.ufcstats.com/fighter-details/700a674c042b7a96
SeungWoo Choi,72,74,11,8,28,145.0,1,0,33,0,1,0:15,0,46,0,0,0:49,1,2,http://www.ufcstats.com/fighter-details/a68575214ecad140
SeungWoo Choi,72,74,11,8,29,145.0,2,0,46,1,0,2:30,0,51,0,2,0:58,0,3,http://www.ufcstats.com/fighter-details/a68575214ecad140
SeungWoo Choi,72,74,11,8,30,145.0,3,0,26,0,1,0:12,0,32,0,2,0:14,0,1,http://www.ufcstats.com/fighter-details/a68575214ecad140
SeungWoo Choi,72,74,11,8,30,145.0,4,1,56,1,1,5:21,0,30,0,1,1:34,0,3,http://www.ufcstats.com/fighter-details/a68575214ecad140
SeungWoo Choi,72,74,11,8,31,145.0,5,0,9,0,0,0:00,0,15,0,1,0:37,0,1,http://www.ufcstats.com/fighter-details/a68575214ecad140
SeungWoo Choi,72,74,11,8,32,145.0,6,0,16,0,0,0:00,0,14,0,1,0:05,0,1,http://www.ufcstats.com/fighter-details/a68575214ecad140
Diyar Nurgozhay,74,74,10,1,27,205.0,1,1,30,0,1,0:01,0,23,0,0,0:15,0,2,http://www.ufcstats.com/fighter-details/709fadb644ee3f51
Diyar Nurgozhay,74,74,10,1,27,205.0,2,0,17,2,0,0:49,0,28,0,1,0:14,1,2,http://www.ufcstats.com/fighter-details/709fadb644ee3f51
SuYoung You,66,65,15,3,28,135.0,1,1,6,4,0,10:27,1,5,1,0,1:49,2,3,http://www.ufcstats.com/fighter-details/a474aade8eb3a8f0
SuYoung You,66,65,15,3,28,135.0,2,1,47,8,0,2:44,0,49,1,0,0:58,0,3,http://www.ufcstats.com/fighter-details/a474aade8eb3a8f0
SuYoung You,66,65,15,3,28,135.0,3,1,42,2,0,4:46,0,9,1,0,0:17,0,3,http://www.ufcstats.com/fighter-details/a474aade8eb3a8f0
SuYoung You,66,65,15,3,29,135.0,4,1,18,5,0,7:54,1,16,0,0,0:00,1,3,http://www.ufcstats.com/fighter-details/a474aade8eb3a8f0
Josias Musasa,68,74,8,1,25,135.0,1,1,50,1,0,4:06,1,68,4,0,3:51,0,3,http://www.ufcstats.com/fighter-details/723b64c0e9a8f348
Josias Musasa,68,74,8,1,26,135.0,2,0,13,0,0,0:10,0,16,0,1,0:14,2,1,http://www.ufcstats.com/fighter-details/723b64c0e9a8f348
Daniel Barez,66,66,17,7,32,125.0,1,0,52,5,0,2:13,2,77,0,0,4:52,1,3,http://www.ufcstats.com/fighter-details/e8fe9c15d348e778
Daniel Barez,66,66,17,7,34,125.0,2,0,18,0,1,0:12,0,21,1,0,0:55,1,1,http://www.ufcstats.com/fighter-details/e8fe9c15d348e778
Daniel Barez,66,66,17,7,35,125.0,3,1,67,0,1,1:09,0,71,0,0,0:00,0,3,http://www.ufcstats.com/fighter-details/e8fe9c15d348e778
Daniel Barez,66,66,17,7,36,125.0,4,0,33,1,0,0:17,0,108,2,0,4:50,1,3,http://www.ufcstats.com/fighter-details/e8fe9c15d348e778
Yura Naito,72,74,6,1,28,185.0,1,0,11,1,0,5:07,0,48,0,1,2:25,0,2,http://www.ufcstats.com/fighter-details/50c469e0cb73be10
Xavier Franklin,66,66,5,1,27,135.0,1,0,46,0,0,0:25,0,79,0,0,0:00,0,3,http://www.ufcstats.com/fighter-details/90957a918e26bf9c
Roberto Romero,68,70,8,5,24,155.0,1,0,74,0,1,1:14,0,121,1,1,4:23,1,3,http://www.ufcstats.com/fighter-details/15ea371202eb25e1
Roberto Romero,68,70,8,5,25,145.0,2,0,35,0,0,2:19,0,33,1,1,0:12,0,2,http://www.ufcstats.com/fighter-details/15ea371202eb25e1
Alatengheili,65,66,17,10,28,135.0,1,0,46,0,0,0:00,0,109,0,0,0:00,0,3,http://www.ufcstats.com/fighter-details/1897b7b913736a7c
Alatengheili,65,66,17,10,30,135.0,2,1,9,0,1,0:01,0,2,0,0,0:00,0,1,http://www.ufcstats.com/fighter-details/1897b7b913736a7c
Alatengheili,65,66,17,10,30,135.0,3,1,49,2,0,1:23,0,39,0,0,0:00,0,3,http://www.ufcstats.com/fighter-details/1897b7b913736a7c
Alatengheili,65,66,17,10,31,135.0,4,0,38,2,0,0:51,0,110,0,0,0:08,0,3,http://www.ufcstats.com/fighter-details/1897b7b913736a7c
Alatengheili,65,66,17,10,32,135.0,5,1,18,3,0,8:16,0,37,0,0,0:30,0,3,http://www.ufcstats.com/fighter-details/1897b7b913736a7c
Alatengheili,65,66,17,10,33,135.0,6,0,61,0,0,0:18,0,125,0,0,0:00,0,3,http://www.ufcstats.com/fighter-details/1897b7b913736a7c
Cameron Saaiman,68,67,9,3,21,135.0,1,1,53,0,0,6:29,0,11,5,0,4:40,1,3,http://www.ufcstats.com/fighter-details/3c8a5200436e19f3
Cameron Saaiman,68,67,9,3,22,135.0,2,1,117,1,1,4:07,0,60,0,0,0:00,0,3,http://www.ufcstats.com/fighter-details/3c8a5200436e19f3
Cameron Saaiman,68,67,9,3,22,135.0,3,1,18,2,0,1:37,1,3,1,0,1:06,0,1,http://www.ufcstats.com/fighter-details/3c8a5200436e19f3
Cameron Saaiman,68,67,9,3,22,135.0,4,0,73,0,0,1:26,1,83,3,0,3:12,2,3,http://www.ufcstats.com/fighter-details/3c8a5200436e19f3
Cameron Saaiman,68,67,9,3,23,135.0,5,0,31,0,0,0:00,0,79,0,1,0:30,0,2,http://www.ufcstats.com/fighter-details/3c8a5200436e19f3
Cameron Saaiman,68,67,9,3,24,135.0,6,0,9,0,0,0:00,0,6,0,1,0:01,0,1,http://www.ufcstats.com/fighter-details/3c8a5200436e19f3
Adam Bramhald,70,70,13,3,30,135.0,1,0,19,0,0,0:00,0,20,0,1,0:06,0,1,http://www.ufcstats.com/fighter-details/3c99bd6cb5d835ef
Timmy Cuamba,69,71,9,3,24,145.0,1,1,43,0,0,0:06,0,67,1,0,4:04,0,3,http://www.ufcstats.com/fighter-details/0e46690e55a8df75
Timmy Cuamba,69,71,9,3,25,155.0,2,0,33,1,0,1:55,0,60,1,0,1:49,0,3,http://www.ufcstats.com/fighter-details/0e46690e55a8df75
Timmy Cuamba,69,71,9,3,25,145.0,3,0,59,2,0,2:18,0,70,0,1,0:47,0,3,http://www.ufcstats.com/fighter-details/0e46690e55a8df75
Timmy Cuamba,69,71,9,3,26,145.0,4,1,33,1,1,0:12,0,35,0,0,2:19,0,2,http://www.ufcstats.com/fighter-details/0e46690e55a8df75
Da'Mon Blackshear,70,72,17,7,29,135.0,1,1,18,2,0,2:57,1,8,0,0,0:00,0,1,http://www.ufcstats.com/fighter-details/da22387a0407a2dc
Da'Mon Blackshear,70,72,17,7,29,135.0,2,0,90,4,0,3:00,0,79,2,0,4:04,1,3,http://www.ufcstats.com/fighter-details/da22387a0407a2dc
Da'Mon Blackshear,70,72,17,7,29,135.0,3,0,1,0,0,0:00,0,4,0,1,0:02,0,1,http://www.ufcstats.com/fighter-details/da22387a0407a2dc
Da'Mon Blackshear,70,72,17,7,30,135.0,4,1,20,0,0,1:19,3,13,0,0,0:00,0,1,http://www.ufcstats.com/fighter-details/da22387a0407a2dc
Da'Mon Blackshear,70,72,17,7,30,135.0,5,1,13,0,0,3:32,3,45,1,0,2:42,0,2,http://www.ufcstats.com/fighter-details/da22387a0407a2dc
Da'Mon Blackshear,70,72,17,7,30,135.0,6,1,125,0,0,0:00,0,61,0,0,0:18,0,3,http://www.ufcstats.com/fighter-details/da22387a0407a2dc
Chris Gutierrez,69,67,22,6,31,135.0,1,1,10,0,1,0:01,0,2,0,0,0:00,0,1,http://www.ufcstats.com/fighter-details/45f0cc9d18f35137
Chris Gutierrez,69,67,22,6,31,135.0,2,0,77,0,0,0:06,0,60,0,1,2:54,0,3,http://www.ufcstats.com/fighter-details/45f0cc9d18f35137
Chris Gutierrez,69,67,22,6,32,135.0,3,1,110,0,0,0:08,0,38,2,0,0:51,0,3,http://www.ufcstats.com/fighter-details/45f0cc9d18f35137
Chris Gutierrez,69,67,22,6,32,135.0,4,0,87,0,0,0:00,0,77,2,0,11:01,0,5,http://www.ufcstats.com/fighter-details/45f0cc9d18f35137
Chris Gutierrez,69,67,22,6,33,135.0,5,1,59,0,0,0:12,0,16,2,0,4:05,0,3,http://www.ufcstats.com/fighter-details/45f0cc9d18f35137
Chris Gutierrez,69,67,22,6,34,145.0,6,1,46,0,1,0:39,0,41,1,0,4:50,0,3,http://www.ufcstats.com/fighter-details/45f0cc9d18f35137
Ian Machado Garry,75,74,16,1,25,170.0,1,1,23,0,1,0:10,0,7,0,0,0:00,0,1,http://www.ufcstats.com/fighter-details/442c9011034ae1fd
Ian Machado Garry,75,74,16,1,25,170.0,2,1,91,2,0,2:32,0,27,0,0,1:10,0,3,http://www.ufcstats.com/fighter-details/442c9011034ae1fd
Ian Machado Garry,75,74,16,1,26,170.0,3,1,67,0,0,0:12,0,46,0,0,3:45,0,3,http://www.ufcstats.com/fighter-details/442c9011034ae1fd
Ian Machado Garry,75,74,16,1,26,170.0,4,1,19,2,0,7:29,2,21,0,0,1:52,0,3,http://www.ufcstats.com/fighter-details/442c9011034ae1fd
Ian Machado Garry,75,74,16,1,27,170.0,5,0,42,1,0,2:32,2,37,2,0,11:41,0,5,http://www.ufcstats.com/fighter-details/442c9011034ae1fd
Ian Machado Garry,75,74,16,1,27,170.0,6,1,126,4,0,3:09,0,63,0,0,1:46,0,5,http://www.ufcstats.com/fighter-details/442c9011034ae1fd
Michael Chandler,68,71,23,10,35,155.0,1,0,30,0,0,2:27,1,24,1,2,1:42,0,2,http://www.ufcstats.com/fighter-details/4b93a88f3b1de35b
Michael Chandler,68,71,23,10,35,155.0,2,0,103,1,0,0:03,0,116,0,1,1:37,0,3,http://www.ufcstats.com/fighter-details/4b93a88f3b1de35b
Michael Chandler,68,71,23,10,36,155.0,3,1,27,1,1,2:29,0,20,0,0,0:00,0,2,http://www.ufcstats.com/fighter-details/4b93a88f3b1de35b
Michael Chandler,68,71,23,10,36,155.0,4,0,43,3,0,5:39,0,38,0,0,0:47,2,3,http://www.ufcstats.com/fighter-details/4b93a88f3b1de35b
Michael Chandler,68,71,23,10,38,155.0,5,0,84,0,0,1:59,0,88,5,0,14:52,2,5,http://www.ufcstats.com/fighter-details/4b93a88f3b1de35b
Michael Chandler,68,71,23,10,38,155.0,6,0,11,4,0,2:44,0,80,1,0,4:41,0,3,http://www.ufcstats.com/fighter-details/4b93a88f3b1de35b
Daniel Rodriguez,73,74,19,5,35,170.0,1,1,88,0,0,0:00,0,78,1,0,0:02,0,3,http://www.ufcstats.com/fighter-details/8a1f3b5c526cd6e6
Daniel Rodriguez,73,74,19,5,35,170.0,2,0,66,0,0,1:16,0,57,5,0,4:08,1,3,http://www.ufcstats.com/fighter-details/8a1f3b5c526cd6e6
Daniel Rodriguez,73,74,19,5,36,170.0,3,0,7,0,0,0:00,0,23,0,1,0:10,0,1,http://www.ufcstats.com/fighter-details/8a1f3b5c526cd6e6
Daniel Rodriguez,73,74,19,5,37,185.0,4,0,127,0,0,0:00,0,112,4,0,2:47,0,3,http://www.ufcstats.com/fighter-details/8a1f3b5c526cd6e6
Daniel Rodriguez,73,74,19,5,37,170.0,5,1,123,1,0,0:56,0,74,0,0,0:00,0,3,http://www.ufcstats.com/fighter-details/8a1f3b5c526cd6e6
Daniel Rodriguez,73,74,19,5,38,170.0,6,1,66,0,1,0:08,0,49,1,0,0:44,0,3,http://www.ufcstats.com/fighter-details/8a1f3b5c526cd6e6
Mateusz Gamrot,70,70,25,3,31,155.0,1,0,33,4,0,2:07,0,59,0,1,0:34,0,3,http://www.ufcstats.com/fighter-details/72db2a14ffa73ece
Mateusz Gamrot,70,70,25,3,32,155.0,2,1,29,4,0,6:52,0,40,0,1,0:32,0,3,http://www.ufcstats.com/fighter-details/72db2a14ffa73ece
Mateusz Gamrot,70,70,25,3,32,155.0,3,1,16,1,0,1:28,0,18,0,0,0:00,0,2,http://www.ufcstats.com/fighter-details/72db2a14ffa73ece
Mateusz Gamrot,70,70,25,3,33,155.0,4,1,57,11,0,7:01,0,36,0,1,0:11,0,3,http://www.ufcstats.com/fighter-details/72db2a14ffa73ece
Mateusz Gamrot,70,70,25,3,33,155.0,5,0,64,5,0,4:59,0,65,0,0,1:28,0,3,http://www.ufcstats.com/fighter-details/72db2a14ffa73ece
Mateusz Gamrot,70,70,25,3,34,155.0,6,1,65,6,0,8:45,0,24,0,0,0:23,0,3,http://www.ufcstats.com/fighter-details/72db2a14ffa73ece
Diego Lopes,71,72,26,7,28,145.0,1,1,0,0,0,0:00,3,0,1,0,0:39,0,1,http://www.ufcstats.com/fighter-details/f166e93d04a8c274
Diego Lopes,71,72,26,7,28,145.0,2,1,13,0,1,0:02,0,7,0,0,0:00,0,1,http://www.ufcstats.com/fighter-details/f166e93d04a8c274
Diego Lopes,71,72,26,7,29,145.0,3,1,26,0,2,0:34,0,2,0,0,0:00,0,1,http://www.ufcstats.com/fighter-details/f166e93d04a8c274
Diego Lopes,71,72,26,7,29,145.0,4,1,49,1,0,4:06,1,42,0,0,1:39,0,3,http://www.ufcstats.com/fighter-details/f166e93d04a8c274
Diego Lopes,71,72,26,7,29,145.0,5,1,106,1,0,2:45,0,63,0,0,0:06,0,3,http://www.ufcstats.com/fighter-details/f166e93d04a8c274
Diego Lopes,71,72,26,7,30,145.0,6,0,63,0,1,0:05,0,158,1,0,1:18,0,5,http://www.ufcstats.com/fighter-details/f166e93d04a8c274
Dan Ige,67,71,19,9,31,145.0,1,1,88,0,1,0:41,0,74,0,0,0:26,0,3,http://www.ufcstats.com/fighter-details/82a5152216251682
Dan Ige,67,71,19,9,32,145.0,2,0,18,0,0,2:11,0,23,5,0,7:33,1,3,http://www.ufcstats.com/fighter-details/82a5152216251682
Dan Ige,67,71,19,9,32,145.0,3,1,11,0,1,0:01,0,8,0,0,0:00,0,1,http://www.ufcstats.com/fighter-details/82a5152216251682
Dan Ige,67,71,19,9,32,145.0,4,0,42,0,0,1:39,0,49,1,0,4:06,1,3,http://www.ufcstats.com/fighter-details/82a5152216251682
Dan Ige,67,71,19,9,33,145.0,5,0,46,1,1,4:47,0,52,3,0,2:17,0,3,http://www.ufcstats.com/fighter-details/82a5152216251682
Dan Ige,67,71,19,9,33,145.0,6,1,44,0,0,0:33,0,51,0,0,0:10,0,3,http://www.ufcstats.com/fighter-details/82a5152216251682
Sodiq Yusuff,69,71,13,5,27,145.0,1,0,47,0,0,2:33,1,21,2,1,5:09,0,3,http://www.ufcstats.com/fighter-details/94426bb170c88115
Sodiq Yusuff,69,71,13,5,28,145.0,2,1,64,1,0,2:42,0,66,1,0,0:21,0,3,http://www.ufcstats.com/fighter-details/94426bb170c88115
Sodiq Yusuff,69,71,13,5,29,145.0,3,1,9,0,0,0:02,1,3,0,0,0:11,0,1,http://www.ufcstats.com/fighter-details/94426bb170c88115
Sodiq Yusuff,69,71,13,5,30,145.0,4,0,178,1,1,3:56,0,164,3,1,3:04,0,5,http://www.ufcstats.com/fighter-details/94426bb170c88115
Sodiq Yusuff,69,71,13,5,30,145.0,5,0,2,0,0,0:00,0,26,0,2,0:34,0,1,http://www.ufcstats.com/fighter-details/94426bb170c88115
Sodiq Yusuff,69,71,13,5,31,155.0,6,0,36,1,0,2:02,0,40,0,0,1:57,0,3,http://www.ufcstats.com/fighter-details/94426bb170c88115
Pat Sabatini,68,70,20,5,31,145.0,1,1,36,6,0,7:59,0,15,1,0,4:07,0,3,http://www.ufcstats.com/fighter-details/b8bbdeff718dbb7d
Pat Sabatini,68,70,20,5,31,145.0,2,0,1,0,0,0:00,0,11,1,0,0:32,0,1,http://www.ufcstats.com/fighter-details/b8bbdeff718dbb7d
Pat Sabatini,68,70,20,5,32,145.0,3,1,27,2,0,6:27,1,2,0,0,0:00,0,2,http://www.ufcstats.com/fighter-details/b8bbdeff718dbb7d
Pat Sabatini,68,70,20,5,33,145.0,4,0,7,0,0,0:00,0,13,0,1,0:02,0,1,http://www.ufcstats.com/fighter-details/b8bbdeff718dbb7d
Pat Sabatini,68,70,20,5,33,145.0,5,1,3,2,0,3:56,1,2,0,0,0:00,0,1,http://www.ufcstats.com/fighter-details/b8bbdeff718dbb7d
Pat Sabatini,68,70,20,5,34,145.0,6,1,24,4,0,13:47,1,3,0,0,0:00,1,3,http://www.ufcstats.com/fighter-details/b8bbdeff718dbb7d
Alexander Volkanovski,66,71,27,4,33,145.0,1,1,199,0,0,1:57,0,127,0,0,0:16,0,5,http://www.ufcstats.com/fighter-details/e1248941344b3288
Alexander Volkanovski,66,71,27,4,34,155.0,2,0,70,0,1,2:55,0,57,4,0,7:37,0,5,http://www.ufcstats.com/fighter-details/e1248941344b3288
Alexander Volkanovski,66,71,27,4,34,145.0,3,1,66,7,0,7:13,0,40,0,0,0:00,0,3,http://www.ufcstats.com/fighter-details/e1248941344b3288
Alexander Volkanovski,66,71,27,4,35,155.0,4,0,4,0,0,0:49,0,24,0,1,0:19,0,1,http://www.ufcstats.com/fighter-details/e1248941344b3288
Alexander Volkanovski,66,71,27,4,35,145.0,5,0,47,0,0,0:00,0,35,0,1,0:03,0,2,http://www.ufcstats.com/fighter-details/e1248941344b3288
Alexander Volkanovski,66,71,27,4,36,145.0,6,1,158,1,0,1:18,0,63,0,1,0:05,0,5,http://www.ufcstats.com/fighter-details/e1248941344b3288
Giga Chikadze,72,74,15,5,32,145.0,1,1,12,0,1,0:05,0,4,0,0,0:00,0,1,http://www.ufcstats.com/fighter-details/9560ff14eb3129f7
Giga Chikadze,72,74,15,5,33,145.0,2,1,60,0,2,0:41,2,33,0,0,0:00,0,3,http://www.ufcstats.com/fighter-details/9560ff14eb3129f7
Giga Chikadze,72,74,15,5,33,145.0,3,0,128,0,0,0:09,0,144,2,1,3:42,1,5,http://www.ufcstats.com/fighter-details/9560ff14eb3129f7
Giga Chikadze,72,74,15,5,35,145.0,4,1,65,0,0,0:00,0,62,0,0,0:00,0,3,http://www.ufcstats.com/fighter-details/9560ff14eb3129f7
Giga Chikadze,72,74,15,5,35,145.0,5,0,38,0,0,0:00,0,61,0,0,0:00,0,3,http://www.ufcstats.com/fighter-details/9560ff14eb3129f7
Giga Chikadze,72,74,15,5,36,145.0,6,0,43,0,0,0:00,0,49,3,0,6:15,0,3,http://www.ufcstats.com/fighter-details/9560ff14eb3129f7
Michal Oleksiejczuk,72,74,20,9,28,185.0,1,0,30,0,0,0:13,0,34,3,0,2:39,1,2,http://www.ufcstats.com/fighter-details/0d65c432720accb9
Michal Oleksiejczuk,72,74,20,9,28,185.0,2,1,44,1,0,1:36,0,29,0,0,0:09,0,1,http://www.ufcstats.com/fighter-details/0d65c432720accb9
Michal Oleksiejczuk,72,74,20,9,29,185.0,3,0,1,0,0,0:00,0,11,0,0,0:18,1,1,http://www.ufcstats.com/fighter-details/0d65c432720accb9
Michal Oleksiejczuk,72,74,20,9,29,185.0,4,0,8,0,0,0:31,0,8,0,0,0:16,1,1,http://www.ufcstats.com/fighter-details/0d65c432720accb9
Michal Oleksiejczuk,72,74,20,9,29,185.0,5,0,77,3,0,2:39,0,97,0,0,0:00,0,3,http://www.ufcstats.com/fighter-details/0d65c432720accb9
Michal Oleksiejczuk,72,74,20,9,30,185.0,6,1,34,0,1,0:18,0,3,0,0,0:00,0,1,http://www.ufcstats.com/fighter-details/0d65c432720accb9
Jack Della Maddalena,71,73,18,2,26,170.0,1,1,33,0,2,0:34,0,5,0,0,0:15,0,1,http://www.ufcstats.com/fighter-details/6b453bc35a823c3f
Jack Della Maddalena,71,73,18,2,26,170.0,2,1,14,0,1,0:15,1,11,0,0,0:00,0,1,http://www.ufcstats.com/fighter-details/6b453bc35a823c3f
Jack Della Maddalena,71,73,18,2,26,170.0,3,1,83,1,0,1:19,0,32,3,0,6:48,0,3,http://www.ufcstats.com/fighter-details/6b453bc35a823c3f
Jack Della Maddalena,71,73,18,2,27,170.0,4,1,105,0,0,0:00,0,127,0,0,0:00,0,3,http://www.ufcstats.com/fighter-details/6b453bc35a823c3f
Jack Della Maddalena,71,73,18,2,27,170.0,5,1,67,0,1,0:16,0,27,7,0,5:07,0,3,http://www.ufcstats.com/fighter-details/6b453bc35a823c3f
Jack Della Maddalena,71,73,18,2,28,170.0,6,1,178,0,0,0:40,0,132,3,0,3:21,0,5,http://www.ufcstats.com/fighter-details/6b453bc35a823c3f
Vicente Luque,71,75,23,11,30,170.0,1,0,84,0,0,0:33,0,60,5,0,7:29,0,5,http://www.ufcstats.com/fighter-details/6d4b63c767106d3a
Vicente Luque,71,75,23,11,30,170.0,2,0,97,0,0,0:00,0,121,1,2,0:47,0,3,http://www.ufcstats.com/fighter-details/6d4b63c767106d3a
Vicente Luque,71,75,23,11,31,170.0,3,1,72,8,0,12:01,0,66,2,0,3:54,1,5,http://www.ufcstats.com/fighter-details/6d4b63c767106d3a
Vicente Luque,71,75,23,11,32,170.0,4,0,21,0,0,0:09,0,55,0,0,0:49,0,2,http://www.ufcstats.com/fighter-details/6d4b63c767106d3a
Vicente Luque,71,75,23,11,33,170.0,5,1,2,0,0,0:14,1,5,0,0,0:00,0,1,http://www.ufcstats.com/fighter-details/6d4b63c767106d3a
Vicente Luque,71,75,23,11,33,170.0,6,0,24,0,0,0:00,0,40,1,0,0:13,1,2,http://www.ufcstats.com/fighter-details/6d4b63c767106d3a
Dominick Reyes,76,77,15,4,30,205.0,1,0,21,0,0,0:00,0,41,0,1,0:03,0,2,http://www.ufcstats.com/fighter-details/2e19380f34871c6a
Dominick Reyes,76,77,15,4,31,205.0,2,0,63,1,0,0:29,1,77,1,1,1:35,0,2,http://www.ufcstats.com/fighter-details/2e19380f34871c6a
Dominick Reyes,76,77,15,4,32,205.0,3,0,5,0,0,0:00,0,8,0,1,0:03,0,1,http://www.ufcstats.com/fighter-details/2e19380f34871c6a
Dominick Reyes,76,77,15,4,34,205.0,4,1,20,0,2,0:03,0,6,0,0,0:00,0,1,http://www.ufcstats.com/fighter-details/2e19380f34871c6a
Dominick Reyes,76,77,15,4,34,205.0,5,1,121,0,0,3:51,0,21,0,0,0:01,0,2,http://www.ufcstats.com/fighter-details/2e19380f34871c6a
Dominick Reyes,76,77,15,4,35,205.0,6,1,8,0,1,0:02,0,4,0,0,0:00,0,1,http://www.ufcstats.com/fighter-details/2e19380f34871c6a
Jan Blachowicz,74,78,29,11,37,205.0,1,1,41,0,1,0:03,0,21,0,0,0:00,0,2,http://www.ufcstats.com/fighter-details/99df7d0a2a08a8a8
Jan Blachowicz,74,78,29,11,38,205.0,2,1,107,3,0,7:06,0,78,0,0,0:01,0,5,http://www.ufcstats.com/fighter-details/99df7d0a2a08a8a8
Jan Blachowicz,74,78,29,11,38,205.0,3,0,28,0,0,0:15,0,23,2,0,5:17,2,2,http://www.ufcstats.com/fighter-details/99df7d0a2a08a8a8
Jan Blachowicz,74,78,29,11,39,205.0,4,1,31,0,0,0:01,1,27,1,0,4:33,0,3,http://www.ufcstats.com/fighter-details/99df7d0a2a08a8a8
Jan Blachowicz,74,78,29,11,40,205.0,5,0,52,3,0,7:32,2,70,0,0,0:06,1,3,http://www.ufcstats.com/fighter-details/99df7d0a2a08a8a8
Jan Blachowicz,74,78,29,11,42,205.0,6,0,59,0,0,0:00,0,75,0,0,0:08,0,3,http://www.ufcstats.com/fighter-details/99df7d0a2a08a8a8
Josh Emmett,66,70,19,5,36,145.0,1,1,60,0,1,0:47,0,70,1,0,0:21,0,3,http://www.ufcstats.com/fighter-details/fba03cd6cc28dc41
Josh Emmett,66,70,19,5,37,145.0,2,1,107,0,0,0:04,0,130,0,0,0:00,0,5,http://www.ufcstats.com/fighter-details/fba03cd6cc28dc41
Josh Emmett,66,70,19,5,37,145.0,3,0,22,1,0,3:01,0,62,0,0,0:00,1,2,http://www.ufcstats.com/fighter-details/fba03cd6cc28dc41
Josh Emmett,66,70,19,5,38,145.0,4,0,87,0,0,0:00,0,152,3,1,3:35,0,5,http://www.ufcstats.com/fighter-details/fba03cd6cc28dc41
Josh Emmett,66,70,19,5,38,145.0,5,1,2,0,1,0:03,0,0,0,0,0:00,0,1,http://www.ufcstats.com/fighter-details/fba03cd6cc28dc41
Josh Emmett,66,70,19,5,40,145.0,6,0,41,4,0,3:39,0,84,0,0,0:06,0,5,http://www.ufcstats.com/fighter-details/fba03cd6cc28dc41
Bryce Mitchell,70,70,17,4,27,145.0,1,1,34,4,1,11:28,0,16,0,0,0:02,0,3,http://www.ufcstats.com/fighter-details/d9c6f19f958643e9
Bryce Mitchell,70,70,17,4,28,145.0,2,0,36,1,0,1:29,0,40,0,1,1:18,1,2,http://www.ufcstats.com/fighter-details/d9c6f19f958643e9
Bryce Mitchell,70,70,17,4,28,145.0,3,1,23,5,0,7:33,1,18,0,0,2:11,0,3,http://www.ufcstats.com/fighter-details/d9c6f19f958643e9
Bryce Mitchell,70,70,17,4,29,145.0,4,0,0,0,0,0:00,0,2,0,1,0:03,0,1,http://www.ufcstats.com/fighter-details/d9c6f19f958643e9
Bryce Mitchell,70,70,17,4,30,145.0,5,1,26,2,0,8:33,0,6,0,0,0:02,1,3,http://www.ufcstats.com/fighter-details/d9c6f19f958643e9
Bryce Mitchell,70,70,17,4,30,145.0,6,0,36,1,0,1:43,0,27,0,1,0:19,3,2,http://www.ufcstats.com/fighter-details/d9c6f19f958643e9
Jai Herbert,73,77,13,6,33,155.0,1,1,24,0,1,0:05,0,11,0,0,0:00,0,1,http://www.ufcstats.com/fighter-details/4c88a1db5a46c6a4
Jai Herbert,73,77,13,6,33,155.0,2,0,22,0,1,0:07,0,20,1,1,2:41,0,2,http://www.ufcstats.com/fighter-details/4c88a1db5a46c6a4
Jai Herbert,73,77,13,6,34,155.0,3,1,36,0,0,5:57,0,41,0,0,3:06,0,3,http://www.ufcstats.com/fighter-details/4c88a1db5a46c6a4
Jai Herbert,73,77,13,6,35,155.0,4,0,49,0,0,4:12,0,61,1,0,1:30,0,3,http://www.ufcstats.com/fighter-details/4c88a1db5a46c6a4
Jai Herbert,73,77,13,6,36,155.0,5,1,82,2,1,0:33,0,67,0,0,1:11,0,3,http://www.ufcstats.com/fighter-details/4c88a1db5a46c6a4
Jai Herbert,73,77,13,6,36,155.0,6,0,38,0,0,0:01,0,39,0,0,3:41,0,3,http://www.ufcstats.com/fighter-details/4c88a1db5a46c6a4
Yair Rodriguez,71,71,21,6,29,145.0,1,0,159,1,0,1:20,0,230,3,0,6:49,1,5,http://www.ufcstats.com/fighter-details/cbf5e6f231b55443
Yair Rodriguez,71,71,21,6,29,145.0,2,1,23,0,0,0:00,0,22,1,0,2:24,0,1,http://www.ufcstats.com/fighter-details/cbf5e6f231b55443
Yair Rodriguez,71,71,21,6,30,145.0,3,1,62,0,0,0:00,1,22,1,0,3:01,0,2,http://www.ufcstats.com/fighter-details/cbf5e6f231b55443
Yair Rodriguez,71,71,21,6,30,145.0,4,0,40,0,0,0:00,0,66,7,0,7:13,0,3,http://www.ufcstats.com/fighter-details/cbf5e6f231b55443
Yair Rodriguez,71,71,21,6,31,145.0,5,0,55,0,1,1:32,0,28,3,0,5:21,1,3,http://www.ufcstats.com/fighter-details/cbf5e6f231b55443
Yair Rodriguez,71,71,21,6,32,145.0,6,1,70,1,1,1:43,0,17,1,0,1:03,1,3,http://www.ufcstats.com/fighter-details/cbf5e6f231b55443
Deiveson Figueiredo,65,68,24,5,35,125.0,1,0,19,1,0,0:35,2,48,3,0,6:52,0,3,http://www.ufcstats.com/fighter-details/aa72b0f831d0bfe5
Deiveson Figueiredo,65,68,24,5,35,135.0,2,1,45,4,0,4:02,0,46,0,0,0:22,0,3,http://www.ufcstats.com/fighter-details/aa72b0f831d0bfe5
Deiveson Figueiredo,65,68,24,5,36,135.0,3,1,13,1,0,3:43,2,16,0,0,0:02,0,2,http://www.ufcstats.com/fighter-details/aa72b0f831d0bfe5
Deiveson Figueiredo,65,68,24,5,36,135.0,4,1,45,2,1,2:30,0,52,0,0,0:08,0,3,http://www.ufcstats.com/fighter-details/aa72b0f831d0bfe5
Deiveson Figueiredo,65,68,24,5,36,135.0,5,0,53,2,0,3:00,0,121,1,0,3:21,0,5,http://www.ufcstats.com/fighter-details/aa72b0f831d0bfe5
Deiveson Figueiredo,65,68,24,5,37,135.0,6,0,6,2,0,0:31,0,54,2,0,5:07,0,2,http://www.ufcstats.com/fighter-details/aa72b0f831d0bfe5
Sean O'Malley,71,72,18,3,27,135.0,1,1,39,0,1,0:02,0,11,0,0,0:00,0,1,http://www.ufcstats.com/fighter-details/b50a426a33da0012
Sean O'Malley,71,72,18,3,27,135.0,2,1,84,0,0,0:02,0,58,6,0,5:44,0,3,http://www.ufcstats.com/fighter-details/b50a426a33da0012
Sean O'Malley,71,72,18,3,28,135.0,3,1,25,0,1,0:18,0,17,0,0,0:34,0,2,http://www.ufcstats.com/fighter-details/b50a426a33da0012
Sean O'Malley,71,72,18,3,29,135.0,4,1,230,0,0,0:03,0,89,0,0,0:00,0,5,http://www.ufcstats.com/fighter-details/b50a426a33da0012
Sean O'Malley,71,72,18,3,29,135.0,5,0,47,0,0,0:00,0,82,6,0,10:03,0,5,http://www.ufcstats.com/fighter-details/b50a426a33da0012
Sean O'Malley,71,72,18,3,30,135.0,6,0,31,0,0,0:00,0,52,5,0,6:29,1,3,http://www.ufcstats.com/fighter-details/b50a426a33da0012
Cory Sandhagen,71,70,18,5,29,135.0,1,0,169,1,0,0:20,0,149,0,1,1:09,1,5,http://www.ufcstats.com/fighter-details/65f09bacd3957381
Cory Sandhagen,71,70,18,5,30,135.0,2,1,94,1,0,3:47,0,54,2,0,1:39,0,4,http://www.ufcstats.com/fighter-details/65f09bacd3957381
Cory Sandhagen,71,70,18,5,30,135.0,3,1,128,3,0,7:08,0,58,0,0,0:09,1,5,http://www.ufcstats.com/fighter-details/65f09bacd3957381
Cory Sandhagen,71,70,18,5,31,135.0,4,1,34,7,0,19:38,1,9,1,0,1:08,0,5,http://www.ufcstats.com/fighter-details/65f09bacd3957381
Cory Sandhagen,71,70,18,5,32,135.0,5,0,71,0,0,0:12,0,98,5,0,5:11,0,5,http://www.ufcstats.com/fighter-details/65f09bacd3957381
Cory Sandhagen,71,70,18,5,33,135.0,6,1,54,2,0,5:07,0,6,2,0,0:31,0,2,http://www.ufcstats.com/fighter-details/65f09bacd3957381
Jose Aldo,67,70,32,10,34,135.0,1,1,114,0,0,0:00,0,75,0,0,0:10,0,3,http://www.ufcstats.com/fighter-details/d0f3959b4a9747e6
Jose Aldo,67,70,32,10,35,135.0,2,1,86,0,2,9:06,1,149,1,0,2:08,0,5,http://www.ufcstats.com/fighter-details/d0f3959b4a9747e6
Jose Aldo,67,70,32,10,35,135.0,3,0,38,0,0,0:00,0,57,0,0,5:06,0,3,http://www.ufcstats.com/fighter-details/d0f3959b4a9747e6
Jose Aldo,67,70,32,10,37,135.0,4,1,77,1,0,1:45,0,52,0,0,1:20,0,3,http://www.ufcstats.com/fighter-details/d0f3959b4a9747e6
Jose Aldo,67,70,32,10,38,135.0,5,0,51,0,0,0:00,0,49,0,0,7:15,0,3,http://www.ufcstats.com/fighter-details/d0f3959b4a9747e6
Jose Aldo,67,70,32,10,38,145.0,6,0,68,0,1,0:02,0,99,0,0,2:38,0,3,http://www.ufcstats.com/fighter-details/d0f3959b4a9747e6
Belal Muhammad,71,72,24,4,33,170.0,1,1,58,7,0,11:57,1,19,0,0,0:52,0,3,http://www.ufcstats.com/fighter-details/b1b0729d27936f2f
Belal Muhammad,71,72,24,4,33,170.0,2,1,60,5,0,7:29,0,84,0,0,0:33,0,5,http://www.ufcstats.com/fighter-details/b1b0729d27936f2f
Belal Muhammad,71,72,24,4,34,170.0,3,1,80,0,0,0:00,0,58,0,0,0:00,0,2,http://www.ufcstats.com/fighter-details/b1b0729d27936f2f
Belal Muhammad,71,72,24,4,34,170.0,4,1,132,0,0,0:00,0,81,0,0,0:00,0,5,http://www.ufcstats.com/fighter-details/b1b0729d27936f2f
Belal Muhammad,71,72,24,4,36,170.0,5,1,68,9,0,12:02,0,47,2,0,7:11,0,5,http://www.ufcstats.com/fighter-details/b1b0729d27936f2f
Belal Muhammad,71,72,24,4,36,170.0,6,0,132,3,0,3:21,0,178,0,0,0:40,0,5,http://www.ufcstats.com/fighter-details/b1b0729d27936f2f
Esteban Ribovics,70,69,14,2,26,155.0,1,1,13,0,1,0:04,0,11,0,0,0:00,0,1,http://www.ufcstats.com/fighter-details/323d4ca260dfa0ba
Esteban Ribovics,70,69,14,2,26,155.0,2,0,66,0,1,0:31,1,40,11,0,7:39,0,3,http://www.ufcstats.com/fighter-details/323d4ca260dfa0ba
Esteban Ribovics,70,69,14,2,27,155.0,3,1,115,2,0,1:15,0,56,3,0,6:20,1,3,http://www.ufcstats.com/fighter-details/323d4ca260dfa0ba
Esteban Ribovics,70,69,14,2,28,155.0,4,1,5,0,1,0:03,0,5,0,0,0:00,0,1,http://www.ufcstats.com/fighter-details/323d4ca260dfa0ba
Esteban Ribovics,70,69,14,2,28,155.0,5,1,156,0,0,0:00,0,121,0,1,0:15,0,3,http://www.ufcstats.com/fighter-details/323d4ca260dfa0ba
Esteban Ribovics,70,69,14,2,28,155.0,6,0,147,0,0,0:00,0,135,1,0,0:49,0,3,http://www.ufcstats.com/fighter-details/323d4ca260dfa0ba
Benoit Saint Denis,71,73,14,3,27,155.0,1,1,13,2,0,2:57,2,14,0,0,0:10,0,1,http://www.ufcstats.com/fighter-details/c2299ec916bc7c56
Benoit Saint Denis,71,73,14,3,27,155.0,2,1,101,5,0,5:20,0,24,1,0,0:14,1,2,http://www.ufcstats.com/fighter-details/c2299ec916bc7c56
Benoit Saint Denis,71,73,14,3,27,155.0,3,1,6,0,1,0:19,0,5,2,0,0:25,0,1,http://www.ufcstats.com/fighter-details/c2299ec916bc7c56
Benoit Saint Denis,71,73,14,3,28,155.0,4,0,50,3,0,4:53,1,28,0,1,0:31,4,2,http://www.ufcstats.com/fighter-details/c2299ec916bc7c56
Benoit Saint Denis,71,73,14,3,28,155.0,5,0,25,0,0,0:05,0,50,1,0,4:53,0,2,http://www.ufcstats.com/fighter-details/c2299ec916bc7c56
Benoit Saint Denis,71,73,14,3,29,155.0,6,1,54,3,0,5:32,2,12,0,0,0:07,0,2,http://www.ufcstats.com/fighter-details/c2299ec916bc7c56
Mario Bautista,69,69,16,2,29,135.0,1,1,44,1,0,2:36,3,17,0,0,0:00,0,1,http://www.ufcstats.com/fighter-details/bc711b6dd95c1af6
Mario Bautista,69,69,16,2,29,135.0,2,1,3,3,0,2:36,1,2,1,0,0:16,0,1,http://www.ufcstats.com/fighter-details/bc711b6dd95c1af6
Mario Bautista,69,69,16,2,30,135.0,3,1,79,2,0,4:04,1,90,4,0,3:00,0,3,http://www.ufcstats.com/fighter-details/bc711b6dd95c1af6
Mario Bautista,69,69,16,2,30,135.0,4,1,112,0,0,0:14,0,45,2,0,3:00,0,3,http://www.ufcstats.com/fighter-details/bc711b6dd95c1af6
Mario Bautista,69,69,16,2,31,135.0,5,1,49,0,0,7:15,0,51,0,0,0:00,0,3,http://www.ufcstats.com/fighter-details/bc711b6dd95c1af6
Mario Bautista,69,69,16,2,31,135.0,6,1,173,0,0,0:00,0,122,0,0,0:00,0,3,http://www.ufcstats.com/fighter-details/bc711b6dd95c1af6
Abus Magomedov,74,78,28,6,32,185.0,1,1,7,0,1,0:02,0,0,0,0,0:00,0,1,http://www.ufcstats.com/fighter-details/36b8f265bcd1b7a4
Abus Magomedov,74,78,28,6,32,185.0,2,0,47,1,0,0:23,0,81,0,1,0:10,0,2,http://www.ufcstats.com/fighter-details/36b8f265bcd1b7a4
Abus Magomedov,74,78,28,6,33,185.0,3,0,38,0,0,0:00,0,51,0,1,2:17,0,3,http://www.ufcstats.com/fighter-details/36b8f265bcd1b7a4
Abus Magomedov,74,78,28,6,33,185.0,4,1,22,6,0,11:56,0,16,0,0,0:37,0,3,http://www.ufcstats.com/fighter-details/36b8f265bcd1b7a4
Abus Magomedov,74,78,28,6,34,185.0,5,1,26,4,0,3:36,1,29,0,0,0:13,1,3,http://www.ufcstats.com/fighter-details/36b8f265bcd1b7a4
Abus Magomedov,74,78,28,6,34,185.0,6,1,78,1,0,1:01,0,73,0,0,0:24,0,3,http://www.ufcstats.com/fighter-details/36b8f265bcd1b7a4
Ikram Aliskerov,72,76,16,2,29,185.0,1,1,7,1,0,0:23,1,17,0,0,0:00,0,1,http://www.ufcstats.com/fighter-details/b07aed698fba8624
Ikram Aliskerov,72,76,16,2,30,185.0,2,1,20,0,1,0:02,0,17,0,0,0:00,0,1,http://www.ufcstats.com/fighter-details/b07aed698fba8624
Ikram Aliskerov,72,76,16,2,30,185.0,3,1,26,0,1,0:00,0,12,0,0,0:00,0,1,http://www.ufcstats.com/fighter-details/b07aed698fba8624
Ikram Aliskerov,72,76,16,2,31,185.0,4,0,5,0,0,0:00,0,14,0,1,0:03,0,1,http://www.ufcstats.com/fighter-details/b07aed698fba8624
Ikram Aliskerov,72,76,16,2,32,185.0,5,1,44,0,1,0:32,0,16,0,0,0:00,0,1,http://www.ufcstats.com/fighter-details/b07aed698fba8624
Leon Edwards,74,74,22,5,29,170.0,1,1,77,4,0,4:59,0,76,0,0,1:53,0,5,http://www.ufcstats.com/fighter-details/f1fac969a1d70b08
Leon Edwards,74,74,22,5,30,170.0,2,1,55,1,1,2:55,1,83,5,0,10:36,0,5,http://www.ufcstats.com/fighter-details/f1fac969a1d70b08
Leon Edwards,74,74,22,5,31,170.0,3,1,120,0,0,0:00,0,87,4,0,5:03,0,5,http://www.ufcstats.com/fighter-details/f1fac969a1d70b08
Leon Edwards,74,74,22,5,32,170.0,4,1,57,2,0,1:27,2,44,2,0,5:04,0,5,http://www.ufcstats.com/fighter-details/f1fac969a1d70b08
Leon Edwards,74,74,22,5,32,170.0,5,0,47,2,0,7:11,0,68,9,0,12:02,0,5,http://www.ufcstats.com/fighter-details/f1fac969a1d70b08
Leon Edwards,74,74,22,5,33,170.0,6,0,23,0,0,0:15,0,57,5,0,11:10,1,4,http://www.ufcstats.com/fighter-details/f1fac969a1d70b08
Gilbert Burns,70,71,22,9,36,170.0,1,1,5,1,0,2:35,1,4,0,0,0:00,0,1,http://www.ufcstats.com/fighter-details/23024fdfc966410a
Gilbert Burns,70,71,22,9,36,170.0,2,1,42,4,0,5:41,0,39,0,0,0:05,0,3,http://www.ufcstats.com/fighter-details/23024fdfc966410a
Gilbert Burns,70,71,22,9,36,170.0,3,0,81,0,0,0:00,0,132,0,0,0:00,0,5,http://www.ufcstats.com/fighter-details/23024fdfc966410a
Gilbert Burns,70,71,22,9,37,170.0,4,0,27,7,0,5:07,0,67,0,1,0:16,0,3,http://www.ufcstats.com/fighter-details/23024fdfc966410a
Gilbert Burns,70,71,22,9,38,170.0,5,0,47,1,0,2:43,0,130,7,0,10:34,0,5,http://www.ufcstats.com/fighter-details/23024fdfc966410a
Gilbert Burns,70,71,22,9,38,170.0,6,0,5,1,0,0:30,0,33,0,2,0:10,0,1,http://www.ufcstats.com/fighter-details/23024fdfc966410a
Sean Brady,70,72,18,1,28,170.0,1,1,37,1,0,8:08,1,21,0,0,0:04,0,3,http://www.ufcstats.com/fighter-details/45f7cb591c3ab00b
Sean Brady,70,72,18,1,28,170.0,2,1,18,5,0,7:45,0,29,1,0,0:53,0,3,http://www.ufcstats.com/fighter-details/45f7cb591c3ab00b
Sean Brady,70,72,18,1,29,170.0,3,0,58,0,0,0:00,0,80,0,0,0:00,0,2,http://www.ufcstats.com/fighter-details/45f7cb591c3ab00b
Sean Brady,70,72,18,1,31,170.0,4,1,14,5,0,9:06,3,18,0,0,0:19,0,3,http://www.ufcstats.com/fighter-details/45f7cb591c3ab00b
Sean Brady,70,72,18,1,31,170.0,5,1,130,7,0,10:34,0,47,1,0,2:43,0,5,http://www.ufcstats.com/fighter-details/45f7cb591c3ab00b
Sean Brady,70,72,18,1,32,170.0,6,1,57,5,0,11:10,1,23,0,0,0:15,0,4,http://www.ufcstats.com/fighter-details/45f7cb591c3ab00b
Anthony Smith,76,76,38,22,35,205.0,1,1,91,1,0,0:56,0,59,0,0,1:19,0,3,http://www.ufcstats.com/fighter-details/d4c9dcd330403612
Anthony Smith,76,76,38,22,35,205.0,2,0,47,0,0,0:11,0,53,0,1,0:58,0,3,http://www.ufcstats.com/fighter-details/d4c9dcd330403612
Anthony Smith,76,76,38,22,35,205.0,3,1,11,0,0,0:00,1,10,1,0,0:14,0,1,http://www.ufcstats.com/fighter-details/d4c9dcd330403612
Anthony Smith,76,76,38,22,35,205.0,4,0,51,0,0,0:00,0,100,1,0,3:33,0,3,http://www.ufcstats.com/fighter-details/d4c9dcd330403612
Anthony Smith,76,76,38,22,36,205.0,5,0,21,0,0,0:01,0,121,0,0,3:51,0,2,http://www.ufcstats.com/fighter-details/d4c9dcd330403612
Anthony Smith,76,76,38,22,36,205.0,6,0,10,0,0,0:16,0,63,0,0,1:28,0,1,http://www.ufcstats.com/fighter-details/d4c9dcd330403612
Nikita Krylov,75,77,30,10,28,205.0,1,0,47,1,0,1:44,0,43,3,0,5:59,0,3,http://www.ufcstats.com/fighter-details/1091d4d957141094
Nikita Krylov,75,77,30,10,30,205.0,2,0,19,1,0,3:49,0,2,1,0,0:02,1,1,http://www.ufcstats.com/fighter-details/1091d4d957141094
Nikita Krylov,75,77,30,10,30,205.0,3,1,26,0,2,0:09,0,5,0,0,0:07,0,1,http://www.ufcstats.com/fighter-details/1091d4d957141094
Nikita Krylov,75,77,30,10,30,205.0,4,1,57,7,0,9:17,1,42,1,0,0:47,0,3,http://www.ufcstats.com/fighter-details/1091d4d957141094
Nikita Krylov,75,77,30,10,31,205.0,5,1,7,2,0,2:39,2,5,1,0,0:32,1,1,http://www.ufcstats.com/fighter-details/1091d4d957141094
Nikita Krylov,75,77,30,10,33,205.0,6,0,4,0,0,0:00,0,8,0,1,0:02,0,1,http://www.ufcstats.com/fighter-details/1091d4d957141094
Gabriel Miranda,71,71,17,8,32,155.0,1,0,20,1,0,0:20,0,42,1,3,3:17,0,2,http://www.ufcstats.com/fighter-details/b909a9a9688b5284
Gabriel Miranda,71,71,17,8,33,145.0,2,1,2,1,0,0:32,1,1,0,0,0:00,0,1,http://www.ufcstats.com/fighter-details/b909a9a9688b5284
Gabriel Miranda,71,71,17,8,34,145.0,3,0,11,1,0,1:07,0,19,2,1,2:12,0,2,http://www.ufcstats.com/fighter-details/b909a9a9688b5284
Gabriel Miranda,71,71,17,8,35,145.0,4,0,18,2,0,1:25,1,33,0,2,0:49,0,1,http://www.ufcstats.com/fighter-details/b909a9a9688b5284
Drew Dober,68,70,27,15,34,155.0,1,1,34,0,1,0:07,0,73,0,0,0:11,0,2,http://www.ufcstats.com/fighter-details/519e4fe37ce9ff75
Drew Dober,68,70,27,15,34,155.0,2,0,20,0,0,0:00,0,35,0,1,0:08,0,1,http://www.ufcstats.com/fighter-details/519e4fe37ce9ff75
Drew Dober,68,70,27,15,34,155.0,3,1,30,0,1,0:31,0,5,0,0,0:00,0,1,http://www.ufcstats.com/fighter-details/519e4fe37ce9ff75
Drew Dober,68,70,27,15,35,155.0,4,0,23,1,0,1:02,0,23,3,0,10:33,0,3,http://www.ufcstats.com/fighter-details/519e4fe37ce9ff75
Drew Dober,68,70,27,15,35,155.0,5,0,59,0,0,0:30,0,53,0,0,0:00,0,3,http://www.ufcstats.com/fighter-details/519e4fe37ce9ff75
Drew Dober,68,70,27,15,36,155.0,6,0,3,0,0,0:00,0,23,0,1,0:10,0,1,http://www.ufcstats.com/fighter-details/519e4fe37ce9ff75
Sean Woodson,74,78,13,2,29,145.0,1,1,50,0,1,0:22,0,8,0,0,0:13,0,1,http://www.ufcstats.com/fighter-details/4682bc59d5f55145
Sean Woodson,74,78,13,2,31,145.0,2,1,71,4,0,5:52,0,42,0,0,2:30,0,3,http://www.ufcstats.com/fighter-details/4682bc59d5f55145
Sean Woodson,74,78,13,2,31,145.0,3,1,80,1,0,0:39,0,60,0,0,1:58,1,3,http://www.ufcstats.com/fighter-details/4682bc59d5f55145
Sean Woodson,74,78,13,2,31,145.0,4,1,101,0,0,0:00,0,82,0,0,0:12,0,3,http://www.ufcstats.com/fighter-details/4682bc59d5f55145
Sean Woodson,74,78,13,2,32,145.0,5,1,38,0,1,1:03,0,22,0,0,0:09,0,1,http://www.ufcstats.com/fighter-details/4682bc59d5f55145
Sean Woodson,74,78,13,2,32,145.0,6,0,51,0,0,0:10,0,44,0,0,0:33,0,3,http://www.ufcstats.com/fighter-details/4682bc59d5f55145
Lerone Murphy,69,73,16,0,30,145.0,1,1,4,0,1,0:09,0,4,5,0,4:05,0,2,http://www.ufcstats.com/fighter-details/396fe87b84ac2e1c
Lerone Murphy,69,73,16,0,31,145.0,2,1,93,1,0,2:18,0,69,5,0,4:00,0,3,http://www.ufcstats.com/fighter-details/396fe87b84ac2e1c
Lerone Murphy,69,73,16,0,32,145.0,3,1,59,3,1,7:38,2,23,0,0,1:30,0,3,http://www.ufcstats.com/fighter-details/396fe87b84ac2e1c
Lerone Murphy,69,73,16,0,32,145.0,4,1,220,4,0,5:19,0,79,0,0,0:17,0,5,http://www.ufcstats.com/fighter-details/396fe87b84ac2e1c
Lerone Murphy,69,73,16,0,33,145.0,5,1,52,3,0,2:17,0,46,1,1,4:47,0,3,http://www.ufcstats.com/fighter-details/396fe87b84ac2e1c
Lerone Murphy,69,73,16,0,33,145.0,6,1,84,0,0,0:06,0,41,4,0,3:39,0,5,http://www.ufcstats.com/fighter-details/396fe87b84ac2e1c
Victor Henry,67,68,25,7,34,135.0,1,1,181,0,0,1:37,0,134,1,0,0:15,0,3,http://www.ufcstats.com/fighter-details/eb8d8c2a95cfccb8
Victor Henry,67,68,25,7,35,135.0,2,0,55,0,0,0:03,0,60,2,0,4:29,0,3,http://www.ufcstats.com/fighter-details/eb8d8c2a95cfccb8
Victor Henry,67,68,25,7,35,135.0,3,1,154,0,0,1:20,2,75,3,0,3:22,0,3,http://www.ufcstats.com/fighter-details/eb8d8c2a95cfccb8
Victor Henry,67,68,25,7,36,135.0,4,1,109,0,2,3:09,0,54,0,0,0:48,0,3,http://www.ufcstats.com/fighter-details/eb8d8c2a95cfccb8
Victor Henry,67,68,25,7,37,135.0,5,0,24,4,0,3:49,0,39,0,0,0:17,1,2,http://www.ufcstats.com/fighter-details/eb8d8c2a95cfccb8
Victor Henry,67,68,25,7,37,135.0,6,1,73,2,1,4:10,0,57,4,0,2:58,0,3,http://www.ufcstats.com/fighter-details/eb8d8c2a95cfccb8
Nathaniel Wood,66,69,21,6,29,145.0,1,1,97,1,0,1:25,0,51,2,0,0:52,1,3,http://www.ufcstats.com/fighter-details/329e403448756217
Nathaniel Wood,66,69,21,6,29,145.0,2,1,97,5,0,4:30,0,86,1,0,0:24,0,3,http://www.ufcstats.com/fighter-details/329e403448756217
Nathaniel Wood,66,69,21,6,30,145.0,3,1,84,1,1,1:47,0,58,0,1,2:55,0,3,http://www.ufcstats.com/fighter-details/329e403448756217
Nathaniel Wood,66,69,21,6,30,145.0,4,0,50,2,0,2:44,0,48,4,0,6:42,0,3,http://www.ufcstats.com/fighter-details/329e403448756217
Nathaniel Wood,66,69,21,6,31,145.0,5,1,66,0,1,3:42,1,32,1,0,5:32,0,3,http://www.ufcstats.com/fighter-details/329e403448756217
Nathaniel Wood,66,69,21,6,31,145.0,6,1,72,0,1,1:00,1,42,1,0,3:24,0,3,http://www.ufcstats.com/fighter-details/329e403448756217
Jim Miller,68,71,38,19,39,155.0,1,0,67,0,0,0:40,1,108,0,0,0:23,0,3,http://www.ufcstats.com/fighter-details/d1941565abf50b16
Jim Miller,68,71,38,19,39,155.0,2,1,3,0,1,0:01,0,1,0,0,0:00,0,1,http://www.ufcstats.com/fighter-details/d1941565abf50b16
Jim Miller,68,71,38,19,40,155.0,3,1,80,2,0,3:55,1,80,0,0,0:01,0,3,http://www.ufcstats.com/fighter-details/d1941565abf50b16
Jim Miller,68,71,38,19,40,155.0,4,0,57,0,0,0:01,0,186,1,1,0:54,0,3,http://www.ufcstats.com/fighter-details/d1941565abf50b16
Jim Miller,68,71,38,19,41,155.0,5,1,10,0,0,0:00,1,16,0,0,0:27,0,1,http://www.ufcstats.com/fighter-details/d1941565abf50b16
Jim Miller,68,71,38,19,41,155.0,6,0,13,1,0,1:39,2,21,8,0,10:08,1,3,http://www.ufcstats.com/fighter-details/d1941565abf50b16
Carlos Prates,73,78,21,7,30,170.0,1,1,30,0,1,0:22,0,23,1,0,1:18,0,2,http://www.ufcstats.com/fighter-details/7ee0fd831c0fe7c3
Carlos Prates,73,78,21,7,30,170.0,2,1,37,0,1,0:01,0,68,0,0,1:28,0,2,http://www.ufcstats.com/fighter-details/7ee0fd831c0fe7c3
Carlos Prates,73,78,21,7,30,170.0,3,1,15,0,1,0:04,0,14,0,0,0:23,0,1,http://www.ufcstats.com/fighter-details/7ee0fd831c0fe7c3
Carlos Prates,73,78,21,7,31,170.0,4,1,55,0,3,0:04,0,41,0,0,0:23,0,2,http://www.ufcstats.com/fighter-details/7ee0fd831c0fe7c3
Carlos Prates,73,78,21,7,31,170.0,5,1,12,1,2,1:09,0,10,0,0,1:31,0,1,http://www.ufcstats.com/fighter-details/7ee0fd831c0fe7c3
Carlos Prates,73,78,21,7,31,170.0,6,0,63,0,0,1:46,0,126,4,0,3:09,0,5,http://www.ufcstats.com/fighter-details/7ee0fd831c0fe7c3
Steve Erceg,68,68,12,4,27,125.0,1,1,54,3,0,1:29,1,53,1,0,1:57,0,3,http://www.ufcstats.com/fighter-details/32ab52e5de93092d
Steve Erceg,68,68,12,4,28,125.0,2,1,74,1,0,6:29,1,54,1,0,1:14,0,3,http://www.ufcstats.com/fighter-details/32ab52e5de93092d
Steve Erceg,68,68,12,4,28,125.0,3,1,34,0,1,0:05,0,22,0,0,0:00,0,2,http://www.ufcstats.com/fighter-details/32ab52e5de93092d
Steve Erceg,68,68,12,4,28,125.0,4,0,111,1,0,0:32,0,125,9,0,8:15,0,5,http://www.ufcstats.com/fighter-details/32ab52e5de93092d
Steve Erceg,68,68,12,4,29,125.0,5,0,9,0,0,0:00,0,18,0,2,0:08,0,1,http://www.ufcstats.com/fighter-details/32ab52e5de93092d
Steve Erceg,68,68,12,4,29,125.0,6,0,116,0,0,0:00,0,89,1,0,1:25,0,5,http://www.ufcstats.com/fighter-details/32ab52e5de93092d
Michael Morales,72,79,18,0,22,170.0,1,1,26,0,1,1:05,0,8,1,0,1:12,1,1,http://www.ufcstats.com/fighter-details/c32aeb1a59e6272d
Michael Morales,72,79,18,0,23,170.0,2,1,83,0,2,0:12,0,64,1,0,1:51,0,3,http://www.ufcstats.com/fighter-details/c32aeb1a59e6272d
Michael Morales,72,79,18,0,24,170.0,3,1,72,1,0,0:27,0,36,0,0,2:10,0,3,http://www.ufcstats.com/fighter-details/c32aeb1a59e6272d
Michael Morales,72,79,18,0,24,170.0,4,1,84,0,0,0:07,0,57,0,0,0:03,0,3,http://www.ufcstats.com/fighter-details/c32aeb1a59e6272d
Michael Morales,72,79,18,0,25,170.0,5,1,34,0,1,1:16,0,5,0,0,2:05,0,1,http://www.ufcstats.com/fighter-details/c32aeb1a59e6272d
Michael Morales,72,79,18,0,25,170.0,6,1,33,0,2,0:10,0,5,1,0,0:30,0,1,http://www.ufcstats.com/fighter-details/c32aeb1a59e6272d
Charles Radtke,69,72,10,5,33,170.0,1,1,35,1,0,9:41,0,44,0,0,0:21,0,3,http://www.ufcstats.com/fighter-details/feedf3053472fe56
Charles Radtke,69,72,10,5,33,170.0,2,1,30,0,2,0:08,0,16,0,0,0:05,0,1,http://www.ufcstats.com/fighter-details/feedf3053472fe56
Charles Radtke,69,72,10,5,33,170.0,3,0,14,0,0,0:23,0,15,0,1,0:04,0,1,http://www.ufcstats.com/fighter-details/feedf3053472fe56
Charles Radtke,69,72,10,5,34,170.0,4,1,7,0,0,0:00,0,2,0,0,0:00,0,1,http://www.ufcstats.com/fighter-details/feedf3053472fe56
Charles Radtke,69,72,10,5,34,170.0,5,0,10,0,0,0:00,0,36,0,1,0:05,0,2,http://www.ufcstats.com/fighter-details/feedf3053472fe56
Matt Schnell,68,70,17,9,32,125.0,1,0,12,0,1,0:54,0,14,0,0,0:13,1,1,http://www.ufcstats.com/fighter-details/67c1d46f4ed16f9e
Matt Schnell,68,70,17,9,32,125.0,2,1,47,2,0,2:40,2,58,0,1,2:13,0,2,http://www.ufcstats.com/fighter-details/67c1d46f4ed16f9e
Matt Schnell,68,70,17,9,32,125.0,3,0,20,0,0,0:00,0,32,1,2,0:47,0,2,http://www.ufcstats.com/fighter-details/67c1d46f4ed16f9e
Matt Schnell,68,70,17,9,34,125.0,4,0,22,0,0,0:00,0,34,0,1,0:05,0,2,http://www.ufcstats.com/fighter-details/67c1d46f4ed16f9e
Matt Schnell,68,70,17,9,34,135.0,5,0,40,0,0,0:00,0,34,0,0,0:10,1,2,http://www.ufcstats.com/fighter-details/67c1d46f4ed16f9e
Matt Schnell,68,70,17,9,35,125.0,6,1,35,0,0,3:53,3,12,5,0,8:28,1,3,http://www.ufcstats.com/fighter-details/67c1d46f4ed16f9e
Brandon Moreno,67,70,23,8,28,125.0,1,1,58,0,1,0:45,0,53,1,0,0:24,0,3,http://www.ufcstats.com/fighter-details/792be9a24df82ed6
Brandon Moreno,67,70,23,8,29,125.0,2,1,48,3,0,6:52,0,19,1,0,0:35,2,3,http://www.ufcstats.com/fighter-details/792be9a24df82ed6
Brandon Moreno,67,70,23,8,29,125.0,3,0,147,2,0,4:01,0,129,6,1,8:26,0,5,http://www.ufcstats.com/fighter-details/792be9a24df82ed6
Brandon Moreno,67,70,23,8,30,125.0,4,0,112,3,0,2:54,0,145,1,0,0:35,0,5,http://www.ufcstats.com/fighter-details/792be9a24df82ed6
Brandon Moreno,67,70,23,8,30,125.0,5,1,132,0,0,0:00,0,63,1,0,0:09,0,5,http://www.ufcstats.com/fighter-details/792be9a24df82ed6
Brandon Moreno,67,70,23,8,31,125.0,6,1,89,1,0,1:25,0,116,0,0,0:00,0,5,http://www.ufcstats.com/fighter-details/792be9a24df82ed6
Carlos Hernandez,68,67,10,5,29,125.0,1,0,3,0,0,0:00,0,6,2,0,2:23,1,1,http://www.ufcstats.com/fighter-details/798e48f9e7f6ba22
Carlos Hernandez,68,67,10,5,29,125.0,2,1,102,2,0,0:40,0,76,2,0,0:29,0,3,http://www.ufcstats.com/fighter-details/798e48f9e7f6ba22
Carlos Hernandez,68,67,10,5,30,125.0,3,0,2,0,0,0:53,0,33,0,1,3:36,0,2,http://www.ufcstats.com/fighter-details/798e48f9e7f6ba22
Carlos Hernandez,68,67,10,5,30,125.0,4,0,16,1,0,4:29,0,17,3,0,6:19,0,3,http://www.ufcstats.com/fighter-details/798e48f9e7f6ba22
Carlos Hernandez,68,67,10,5,31,125.0,5,1,44,4,0,4:45,0,26,0,1,0:15,1,3,http://www.ufcstats.com/fighter-details/798e48f9e7f6ba22
Carlos Hernandez,68,67,10,5,31,125.0,6,0,4,0,0,0:00,0,14,1,0,0:33,1,1,http://www.ufcstats.com/fighter-details/798e48f9e7f6ba22
Edgar Chairez,67,71,12,6,26,125.0,1,0,51,0,0,0:10,0,79,3,0,4:29,0,3,http://www.ufcstats.com/fighter-details/5ef94841c4bc3f86
Edgar Chairez,67,71,12,6,27,125.0,2,0,25,0,1,0:25,2,61,2,0,9:53,1,3,http://www.ufcstats.com/fighter-details/5ef94841c4bc3f86
Edgar Chairez,67,71,12,6,28,125.0,3,1,9,0,0,0:00,1,4,1,0,0:41,0,1,http://www.ufcstats.com/fighter-details/5ef94841c4bc3f86
Edgar Chairez,67,71,12,6,28,125.0,4,0,79,0,0,0:27,1,118,3,0,4:26,0,3,http://www.ufcstats.com/fighter-details/5ef94841c4bc3f86
Edgar Chairez,67,71,12,6,29,125.0,5,1,8,0,0,0:16,1,6,0,0,0:00,0,1,http://www.ufcstats.com/fighter-details/5ef94841c4bc3f86
Jesus Aguilar,64,62,11,3,26,125.0,1,1,24,3,0,6:34,1,14,1,0,3:05,2,3,http://www.ufcstats.com/fighter-details/c051c2e12d692b8a
Jesus Aguilar,64,62,11,3,26,125.0,2,0,2,0,0,0:23,1,1,1,0,3:49,2,1,http://www.ufcstats.com/fighter-details/c051c2e12d692b8a
Jesus Aguilar,64,62,11,3,27,125.0,3,1,2,0,1,0:01,0,2,0,0,0:00,0,1,http://www.ufcstats.com/fighter-details/c051c2e12d692b8a
Jesus Aguilar,64,62,11,3,27,125.0,4,1,19,1,0,4:51,1,18,4,0,8:44,1,3,http://www.ufcstats.com/fighter-details/c051c2e12d692b8a
Jesus Aguilar,64,62,11,3,28,125.0,5,1,3,0,0,0:16,1,8,1,0,2:04,0,1,http://www.ufcstats.com/fighter-details/c051c2e12d692b8a
Jesus Aguilar,64,62,11,3,28,125.0,6,0,35,2,0,1:14,2,11,11,0,9:22,0,3,http://www.ufcstats.com/fighter-details/c051c2e12d692b8a
CJ Vergara,66,68,12,7,31,125.0,1,0,19,0,0,0:36,0,22,3,0,6:19,2,2,http://www.ufcstats.com/fighter-details/077e3ace32b72be9
CJ Vergara,66,68,12,7,31,125.0,2,1,83,0,0,2:54,1,48,1,2,0:40,2,2,http://www.ufcstats.com/fighter-details/077e3ace32b72be9
CJ Vergara,66,68,12,7,32,125.0,3,1,109,0,0,0:00,0,88,0,0,0:01,0,3,http://www.ufcstats.com/fighter-details/077e3ace32b72be9
CJ Vergara,66,68,12,7,32,125.0,4,0,29,0,0,0:14,0,44,9,0,9:32,0,3,http://www.ufcstats.com/fighter-details/077e3ace32b72be9
CJ Vergara,66,68,12,7,33,125.0,5,0,4,0,0,0:00,0,23,0,3,0:05,0,1,http://www.ufcstats.com/fighter-details/077e3ace32b72be9
CJ Vergara,66,68,12,7,33,125.0,6,0,6,0,0,0:00,0,8,0,0,0:16,1,1,http://www.ufcstats.com/fighter-details/077e3ace32b72be9
Bo Nickal,73,76,7,1,26,185.0,1,1,5,1,0,0:13,1,0,0,0,0:10,0,1,http://www.ufcstats.com/fighter-details/35673bf5204524ee
Bo Nickal,73,76,7,1,27,185.0,2,1,1,1,0,2:30,2,1,0,0,0:00,0,1,http://www.ufcstats.com/fighter-details/35673bf5204524ee
Bo Nickal,73,76,7,1,27,185.0,3,1,7,0,1,0:02,0,2,0,0,0:00,0,1,http://www.ufcstats.com/fighter-details/35673bf5204524ee
Bo Nickal,73,76,7,1,28,185.0,4,1,8,3,0,7:25,2,4,0,0,0:03,0,2,http://www.ufcstats.com/fighter-details/35673bf5204524ee
Bo Nickal,73,76,7,1,28,185.0,5,1,54,0,0,0:00,0,47,0,0,0:00,0,3,http://www.ufcstats.com/fighter-details/35673bf5204524ee
Bo Nickal,73,76,7,1,29,185.0,6,0,8,1,0,2:24,0,22,0,1,2:09,0,2,http://www.ufcstats.com/fighter-details/35673bf5204524ee
Andre Muniz,73,78,24,7,31,185.0,1,1,8,2,0,2:18,2,3,0,0,0:00,0,1,http://www.ufcstats.com/fighter-details/886264a0c9f4ea5e
Andre Muniz,73,78,24,7,32,185.0,2,1,17,4,0,10:12,0,6,0,0,0:18,0,3,http://www.ufcstats.com/fighter-details/886264a0c9f4ea5e
Andre Muniz,73,78,24,7,33,185.0,3,0,43,0,0,0:15,0,42,1,0,4:12,2,3,http://www.ufcstats.com/fighter-details/886264a0c9f4ea5e
Andre Muniz,73,78,24,7,33,185.0,4,0,24,2,0,1:47,0,40,2,0,2:56,1,2,http://www.ufcstats.com/fighter-details/886264a0c9f4ea5e
Andre Muniz,73,78,24,7,33,185.0,5,1,14,11,0,9:34,0,27,0,0,2:58,0,3,http://www.ufcstats.com/fighter-details/886264a0c9f4ea5e
Andre Muniz,73,78,24,7,35,185.0,6,0,16,0,0,0:00,0,44,0,1,0:32,0,1,http://www.ufcstats.com/fighter-details/886264a0c9f4ea5e
Marc-Andre Barriault,73,74,17,9,33,185.0,1,1,109,0,0,1:29,0,82,0,0,0:00,0,2,http://www.ufcstats.com/fighter-details/8e9eb3fc86db0f7d
Marc-Andre Barriault,73,74,17,9,33,185.0,2,1,95,0,1,0:40,0,83,1,0,3:18,0,3,http://www.ufcstats.com/fighter-details/8e9eb3fc86db0f7d
Marc-Andre Barriault,73,74,17,9,33,185.0,3,0,122,0,0,0:00,0,140,0,0,0:00,0,3,http://www.ufcstats.com/fighter-details/8e9eb3fc86db0f7d
Marc-Andre Barriault,73,74,17,9,34,185.0,4,0,0,0,0,0:00,0,8,0,1,0:01,0,1,http://www.ufcstats.com/fighter-details/8e9eb3fc86db0f7d
Marc-Andre Barriault,73,74,17,9,34,185.0,5,0,7,0,0,0:01,0,13,0,1,3:54,1,1,http://www.ufcstats.com/fighter-details/8e9eb3fc86db0f7d
Marc-Andre Barriault,73,74,17,9,35,185.0,6,1,14,0,1,0:18,0,6,0,0,0:00,0,1,http://www.ufcstats.com/fighter-details/8e9eb3fc86db0f7d
Kelvin Gastelum,69,71,20,10,29,185.0,1,0,62,1,0,0:26,0,150,4,0,4:19,0,5,http://www.ufcstats.com/fighter-details/8c0580d4fff106c1
Kelvin Gastelum,69,71,20,10,29,185.0,2,0,89,0,0,2:31,0,81,0,1,0:02,0,5,http://www.ufcstats.com/fighter-details/8c0580d4fff106c1
Kelvin Gastelum,69,71,20,10,31,185.0,3,1,83,0,0,1:21,0,70,0,0,0:01,0,3,http://www.ufcstats.com/fighter-details/8c0580d4fff106c1
Kelvin Gastelum,69,71,20,10,32,170.0,4,0,18,0,0,0:19,0,14,5,0,9:06,3,3,http://www.ufcstats.com/fighter-details/8c0580d4fff106c1
Kelvin Gastelum,69,71,20,10,32,185.0,5,1,112,4,0,2:47,0,127,0,0,0:00,0,3,http://www.ufcstats.com/fighter-details/8c0580d4fff106c1
Kelvin Gastelum,69,71,20,10,33,185.0,6,0,33,0,0,0:27,0,57,1,2,0:31,0,3,http://www.ufcstats.com/fighter-details/8c0580d4fff106c1
Azamat Murzakanov,70,71,15,0,32,205.0,1,1,9,0,1,0:00,0,4,0,0,0:00,0,1,http://www.ufcstats.com/fighter-details/e90a2f22417af68e
Azamat Murzakanov,70,71,15,0,32,205.0,2,1,28,1,1,0:39,0,43,0,0,0:14,0,3,http://www.ufcstats.com/fighter-details/e90a2f22417af68e
Azamat Murzakanov,70,71,15,0,33,205.0,3,1,79,0,1,3:40,0,14,0,0,0:26,0,3,http://www.ufcstats.com/fighter-details/e90a2f22417af68e
Azamat Murzakanov,70,71,15,0,34,205.0,4,1,67,1,1,0:16,0,64,1,0,3:06,0,3,http://www.ufcstats.com/fighter-details/e90a2f22417af68e
Azamat Murzakanov,70,71,15,0,35,205.0,5,1,45,0,1,0:44,0,15,0,0,0:51,0,2,http://www.ufcstats.com/fighter-details/e90a2f22417af68e
Azamat Murzakanov,70,71,15,0,36,205.0,6,1,27,0,1,0:27,0,8,0,0,0:00,0,1,http://www.ufcstats.com/fighter-details/e90a2f22417af68e
Carlos Ulberg,76,77,13,1,32,205.0,1,1,14,0,1,0:05,0,2,0,0,0:00,0,1,http://www.ufcstats.com/fighter-details/9014c02eff8b3d62
Carlos Ulberg,76,77,13,1,32,205.0,2,1,13,0,1,0:08,0,5,0,0,0:00,0,1,http://www.ufcstats.com/fighter-details/9014c02eff8b3d62
Carlos Ulberg,76,77,13,1,32,205.0,3,1,81,1,1,1:41,1,58,1,0,0:15,0,3,http://www.ufcstats.com/fighter-details/9014c02eff8b3d62
Carlos Ulberg,76,77,13,1,33,205.0,4,1,7,0,1,0:02,0,1,0,0,0:00,0,1,http://www.ufcstats.com/fighter-details/9014c02eff8b3d62
Carlos Ulberg,76,77,13,1,34,205.0,5,1,98,0,0,0:00,0,96,0,0,0:03,0,3,http://www.ufcstats.com/fighter-details/9014c02eff8b3d62
Carlos Ulberg,76,77,13,1,34,205.0,6,1,75,0,0,0:08,0,59,0,0,0:00,0,3,http://www.ufcstats.com/fighter-details/9014c02eff8b3d62
Dustin Jacoby,75,76,21,9,35,205.0,1,0,64,1,0,3:06,0,67,1,1,0:16,0,3,http://www.ufcstats.com/fighter-details/e4277e87a789d687
Dustin Jacoby,75,76,21,9,35,205.0,2,1,10,0,1,0:04,0,4,0,0,0:00,0,1,http://www.ufcstats.com/fighter-details/e4277e87a789d687
Dustin Jacoby,75,76,21,9,35,205.0,3,0,93,0,0,2:08,0,68,1,1,2:03,0,3,http://www.ufcstats.com/fighter-details/e4277e87a789d687
Dustin Jacoby,75,76,21,9,36,205.0,4,0,6,0,0,0:00,0,20,0,2,0:03,0,1,http://www.ufcstats.com/fighter-details/e4277e87a789d687
Dustin Jacoby,75,76,21,9,36,205.0,5,1,45,0,1,0:20,0,40,0,0,0:40,0,3,http://www.ufcstats.com/fighter-details/e4277e87a789d687
Dustin Jacoby,75,76,21,9,37,205.0,6,1,17,0,1,0:30,0,3,0,0,0:00,0,1,http://www.ufcstats.com/fighter-details/e4277e87a789d687
Michel Pereira,73,73,31,13,28,170.0,1,1,110,0,0,0:01,0,105,1,0,0:18,0,3,http://www.ufcstats.com/fighter-details/595db60957de51d3
Michel Pereira,73,73,31,13,30,185.0,2,1,6,0,1,0:04,0,0,0,0,0:00,0,1,http://www.ufcstats.com/fighter-details/595db60957de51d3
Michel Pereira,73,73,31,13,30,185.0,3,1,11,0,0,0:18,1,1,0,0,0:00,0,1,http://www.ufcstats.com/fighter-details/595db60957de51d3
Michel Pereira,73,73,31,13,30,185.0,4,1,6,0,0,0:09,1,2,0,0,0:00,0,1,http://www.ufcstats.com/fighter-details/595db60957de51d3
Michel Pereira,73,73,31,13,31,185.0,5,0,24,0,0,0:56,1,152,10,0,15:42,0,5,http://www.ufcstats.com/fighter-details/595db60957de51d3
Michel Pereira,73,73,31,13,31,185.0,6,0,73,0,0,0:24,0,78,1,0,1:01,0,3,http://www.ufcstats.com/fighter-details/595db60957de51d3
Bruno Silva,72,74,23,13,33,185.0,1,1,23,0,1,0:02,0,15,0,0,0:00,0,1,http://www.ufcstats.com/fighter-details/12ebd7d157e91701
Bruno Silva,72,74,23,13,33,185.0,2,0,20,0,0,0:02,0,30,0,1,2:29,1,1,http://www.ufcstats.com/fighter-details/12ebd7d157e91701
Bruno Silva,72,74,23,13,34,185.0,3,0,65,3,0,6:44,0,113,0,0,0:00,0,3,http://www.ufcstats.com/fighter-details/12ebd7d157e91701
Bruno Silva,72,74,23,13,34,185.0,4,0,30,0,0,0:00,0,75,1,1,3:15,0,3,http://www.ufcstats.com/fighter-details/12ebd7d157e91701
Bruno Silva,72,74,23,13,35,185.0,5,0,36,0,0,0:00,0,66,3,0,5:51,0,3,http://www.ufcstats.com/fighter-details/12ebd7d157e91701
Bruno Silva,72,74,23,13,35,185.0,6,0,6,0,0,0:00,0,14,0,1,0:18,0,1,http://www.ufcstats.com/fighter-details/12ebd7d157e91701
Marcin Tybura,75,78,27,9,37,265.0,1,1,40,1,0,4:55,0,34,0,0,0:00,0,3,http://www.ufcstats.com/fighter-details/c9cf753cfdf77fc2
Marcin Tybura,75,78,27,9,37,265.0,2,0,4,0,0,0:00,0,13,0,1,0:05,0,1,http://www.ufcstats.com/fighter-details/c9cf753cfdf77fc2
Marcin Tybura,75,78,27,9,38,265.0,3,1,27,1,0,2:48,1,15,0,0,0:00,0,1,http://www.ufcstats.com/fighter-details/c9cf753cfdf77fc2
Marcin Tybura,75,78,27,9,38,265.0,4,0,0,0,0,0:43,0,3,1,0,0:34,1,1,http://www.ufcstats.com/fighter-details/c9cf753cfdf77fc2
Marcin Tybura,75,78,27,9,39,265.0,5,1,35,1,0,7:14,0,15,0,0,0:36,0,2,http://www.ufcstats.com/fighter-details/c9cf753cfdf77fc2
Marcin Tybura,75,78,27,9,39,265.0,6,1,61,1,0,1:01,0,60,1,0,3:43,0,3,http://www.ufcstats.com/fighter-details/c9cf753cfdf77fc2
Bekzat Almakhan,67,68,12,2,26,135.0,1,0,3,0,1,0:34,0,68,5,0,11:26,0,3,http://www.ufcstats.com/fighter-details/a4dc0f2b95df4cc1
Bekzat Almakhan,67,68,12,2,27,135.0,2,1,8,0,1,0:02,0,1,0,0,0:00,0,1,http://www.ufcstats.com/fighter-details/a4dc0f2b95df4cc1
Shamil Gaziev,76,78,14,1,33,265.0,1,1,4,0,1,1:32,1,0,0,0,0:58,0,1,http://www.ufcstats.com/fighter-details/6747ccd6d1acd266
Shamil Gaziev,76,78,14,1,33,265.0,2,1,49,0,0,2:18,0,8,0,0,0:20,0,2,http://www.ufcstats.com/fighter-details/6747ccd6d1acd266
Shamil Gaziev,76,78,14,1,34,265.0,3,0,22,1,0,4:32,0,127,0,0,0:01,0,4,http://www.ufcstats.com/fighter-details/6747ccd6d1acd266
Shamil Gaziev,76,78,14,1,34,265.0,4,1,31,2,0,11:58,0,27,0,0,0:00,0,3,http://www.ufcstats.com/fighter-details/6747ccd6d1acd266
Shamil Gaziev,76,78,14,1,34,265.0,5,1,14,0,1,0:01,0,19,1,0,0:08,0,1,http://www.ufcstats.com/fighter-details/6747ccd6d1acd266
Quang Le,66,70,9,2,32,135.0,1,0,16,2,0,4:05,0,59,0,0,0:12,0,3,http://www.ufcstats.com/fighter-details/32feae6d9a1e5047
Quang Le,66,70,9,2,33,135.0,2,0,64,1,0,0:07,0,87,0,1,0:26,0,3,http://www.ufcstats.com/fighter-details/32feae6d9a1e5047
Quang Le,66,70,9,2,33,135.0,3,1,10,4,0,5:46,1,5,0,0,0:00,0,2,http://www.ufcstats.com/fighter-details/32feae6d9a1e5047
Joe Pyfer,74,75,14,3,26,185.0,1,1,14,0,1,0:03,0,11,0,0,0:00,0,1,http://www.ufcstats.com/fighter-details/c1085e1701b13eca
Joe Pyfer,74,75,14,3,26,185.0,2,1,14,0,0,0:16,0,10,0,0,0:00,0,1,http://www.ufcstats.com/fighter-details/c1085e1701b13eca
Joe Pyfer,74,75,14,3,27,185.0,3,1,26,3,0,1:07,2,11,0,0,0:08,1,2,http://www.ufcstats.com/fighter-details/c1085e1701b13eca
Joe Pyfer,74,75,14,3,27,185.0,4,0,92,0,0,0:50,0,121,1,0,3:08,0,5,http://www.ufcstats.com/fighter-details/c1085e1701b13eca
Joe Pyfer,74,75,14,3,27,185.0,5,1,8,0,1,0:01,0,0,0,0,0:00,0,1,http://www.ufcstats.com/fighter-details/c1085e1701b13eca
Joe Pyfer,74,75,14,3,28,185.0,6,1,57,1,2,0:31,0,33,0,0,0:27,0,3,http://www.ufcstats.com/fighter-details/c1085e1701b13eca
Paddy Pimblett,70,73,23,3,27,155.0,1,1,3,1,0,0:53,1,7,0,0,2:43,0,1,http://www.ufcstats.com/fighter-details/7826923b47f8d72a
Paddy Pimblett,70,73,23,3,27,155.0,2,1,17,1,0,1:44,4,16,3,0,4:50,0,2,http://www.ufcstats.com/fighter-details/7826923b47f8d72a
Paddy Pimblett,70,73,23,3,27,155.0,3,1,63,0,0,0:35,0,60,3,0,6:28,0,3,http://www.ufcstats.com/fighter-details/7826923b47f8d72a
Paddy Pimblett,70,73,23,3,28,155.0,4,1,106,1,1,8:53,0,62,0,0,0:00,0,3,http://www.ufcstats.com/fighter-details/7826923b47f8d72a
Paddy Pimblett,70,73,23,3,29,155.0,5,1,8,0,0,0:00,2,15,1,0,0:34,0,1,http://www.ufcstats.com/fighter-details/7826923b47f8d72a
Paddy Pimblett,70,73,23,3,30,155.0,6,1,80,1,0,4:41,0,11,4,0,2:44,0,3,http://www.ufcstats.com/fighter-details/7826923b47f8d72a
Gabe Green,70,73,12,5,27,170.0,1,0,127,0,0,0:11,0,175,1,0,0:27,0,3,http://www.ufcstats.com/fighter-details/5eb50529a8418b77
Gabe Green,70,73,12,5,27,170.0,2,1,70,2,2,3:13,1,42,2,0,5:43,0,3,http://www.ufcstats.com/fighter-details/5eb50529a8418b77
Gabe Green,70,73,12,5,28,170.0,3,1,48,0,0,0:41,0,41,2,1,1:37,1,2,http://www.ufcstats.com/fighter-details/5eb50529a8418b77
Gabe Green,70,73,12,5,29,170.0,4,0,90,1,0,2:17,0,116,1,1,0:46,0,3,http://www.ufcstats.com/fighter-details/5eb50529a8418b77
Gabe Green,70,73,12,5,30,170.0,5,0,6,0,0,0:00,0,3,0,1,0:03,0,1,http://www.ufcstats.com/fighter-details/5eb50529a8418b77
Gabe Green,70,73,12,5,32,155.0,6,1,12,0,0,2:12,1,13,2,0,2:30,1,2,http://www.ufcstats.com/fighter-details/5eb50529a8418b77
Gerald Meerschaert,73,77,37,19,35,185.0,1,0,10,0,0,0:00,0,14,0,0,0:16,0,1,http://www.ufcstats.com/fighter-details/6ac9bc2953c47345
Gerald Meerschaert,73,77,37,19,35,185.0,2,0,76,1,0,1:54,0,57,2,1,2:06,0,3,http://www.ufcstats.com/fighter-details/6ac9bc2953c47345
Gerald Meerschaert,73,77,37,19,36,185.0,3,1,11,3,0,5:03,2,12,0,0,0:03,0,2,http://www.ufcstats.com/fighter-details/6ac9bc2953c47345
Gerald Meerschaert,73,77,37,19,36,185.0,4,1,21,1,0,0:21,1,48,0,0,2:21,0,2,http://www.ufcstats.com/fighter-details/6ac9bc2953c47345
Gerald Meerschaert,73,77,37,19,36,185.0,5,0,30,0,0,2:53,0,38,5,1,3:29,1,3,http://www.ufcstats.com/fighter-details/6ac9bc2953c47345
Gerald Meerschaert,73,77,37,19,37,185.0,6,0,38,0,0,4:44,0,47,0,0,0:01,0,3,http://www.ufcstats.com/fighter-details/6ac9bc2953c47345
Jared Gordon,69,68,21,7,33,155.0,1,0,77,0,0,1:12,0,54,7,0,7:11,2,3,http://www.ufcstats.com/fighter-details/7026eca45f65377b
Jared Gordon,69,68,21,7,33,155.0,2,1,116,0,0,3:55,0,36,0,0,0:54,0,3,http://www.ufcstats.com/fighter-details/7026eca45f65377b
Jared Gordon,69,68,21,7,34,155.0,3,0,60,3,0,6:28,0,63,0,0,0:35,0,3,http://www.ufcstats.com/fighter-details/7026eca45f65377b
Jared Gordon,69,68,21,7,35,155.0,4,1,36,0,1,0:19,0,35,0,0,1:04,0,1,http://www.ufcstats.com/fighter-details/7026eca45f65377b
Jared Gordon,69,68,21,7,35,155.0,5,0,141,0,0,2:49,0,146,0,0,0:03,0,3,http://www.ufcstats.com/fighter-details/7026eca45f65377b
Jared Gordon,69,68,21,7,36,155.0,6,1,7,1,1,2:36,0,5,0,0,0:00,0,1,http://www.ufcstats.com/fighter-details/7026eca45f65377b
Jordan Leavitt,69,71,12,3,26,155.0,1,1,9,1,0,2:48,3,13,1,0,1:14,1,2,http://www.ufcstats.com/fighter-details/ac026518a9b4dc0f
Jordan Leavitt,69,71,12,3,26,155.0,2,1,69,0,0,5:17,0,41,1,0,2:02,2,3,http://www.ufcstats.com/fighter-details/ac026518a9b4dc0f
Jordan Leavitt,69,71,12,3,27,155.0,3,0,16,3,0,4:50,0,17,1,0,1:44,4,2,http://www.ufcstats.com/fighter-details/ac026518a9b4dc0f
Jordan Leavitt,69,71,12,3,27,155.0,4,1,17,0,1,0:46,0,7,0,0,0:00,0,1,http://www.ufcstats.com/fighter-details/ac026518a9b4dc0f
Jordan Leavitt,69,71,12,3,28,155.0,5,0,3,0,0,0:59,0,1,0,0,0:57,1,1,http://www.ufcstats.com/fighter-details/ac026518a9b4dc0f
Jordan Leavitt,69,71,12,3,29,155.0,6,1,1,3,0,1:27,1,0,0,0,0:00,0,1,http://www.ufcstats.com/fighter-details/ac026518a9b4dc0f
Rafa Garcia,67,70,17,4,27,155.0,1,1,35,3,0,4:37,1,25,0,0,0:02,0,2,http://www.ufcstats.com/fighter-details/e132d47bd9efbbe0
Rafa Garcia,67,70,17,4,27,155.0,2,0,34,3,0,2:54,0,61,2,0,2:05,0,3,http://www.ufcstats.com/fighter-details/e132d47bd9efbbe0
Rafa Garcia,67,70,17,4,28,155.0,3,1,49,6,0,6:10,0,25,0,0,0:00,0,3,http://www.ufcstats.com/fighter-details/e132d47bd9efbbe0
Rafa Garcia,67,70,17,4,28,155.0,4,1,141,0,0,0:20,0,63,0,0,0:00,0,3,http://www.ufcstats.com/fighter-details/e132d47bd9efbbe0
Rafa Garcia,67,70,17,4,30,155.0,5,0,5,0,0,0:00,0,44,2,0,5:09,0,2,http://www.ufcstats.com/fighter-details/e132d47bd9efbbe0
Rafa Garcia,67,70,17,4,30,155.0,6,1,64,2,0,2:15,0,79,0,0,0:01,0,3,http://www.ufcstats.com/fighter-details/e132d47bd9efbbe0
Joe Solecki,69,70,13,6,28,155.0,1,0,38,4,0,6:03,0,51,1,0,4:07,0,3,http://www.ufcstats.com/fighter-details/af65aa688d13eedf
Joe Solecki,69,70,13,6,28,155.0,2,1,33,1,0,4:51,3,35,0,1,5:55,0,3,http://www.ufcstats.com/fighter-details/af65aa688d13eedf
Joe Solecki,69,70,13,6,29,155.0,3,1,2,2,0,8:51,3,1,0,0,0:00,0,2,http://www.ufcstats.com/fighter-details/af65aa688d13eedf
Joe Solecki,69,70,13,6,30,155.0,4,0,1,1,0,0:53,0,2,0,0,0:40,0,1,http://www.ufcstats.com/fighter-details/af65aa688d13eedf
Joe Solecki,69,70,13,6,30,155.0,5,0,12,0,0,0:14,1,46,3,0,13:46,0,3,http://www.ufcstats.com/fighter-details/af65aa688d13eedf
Joe Solecki,69,70,13,6,31,155.0,6,0,28,1,0,0:36,1,35,2,0,8:13,0,3,http://www.ufcstats.com/fighter-details/af65aa688d13eedf
Guram Kutateladze,71,72,13,5,28,155.0,1,1,37,0,1,0:01,0,52,5,0,3:29,0,3,http://www.ufcstats.com/fighter-details/7772b283d288dbe2
Guram Kutateladze,71,72,13,5,30,155.0,2,0,78,1,0,0:39,0,79,0,0,0:46,0,3,http://www.ufcstats.com/fighter-details/7772b283d288dbe2
Guram Kutateladze,71,72,13,5,31,155.0,3,0,85,1,0,2:23,0,65,2,1,2:48,0,3,http://www.ufcstats.com/fighter-details/7772b283d288dbe2
Guram Kutateladze,71,72,13,5,32,155.0,4,1,30,1,0,4:05,0,34,0,1,4:32,0,3,http://www.ufcstats.com/fighter-details/7772b283d288dbe2
Guram Kutateladze,71,72,13,5,33,155.0,5,0,29,0,0,0:05,0,79,2,2,1:43,0,3,http://www.ufcstats.com/fighter-details/7772b283d288dbe2
Joanderson Brito,68,72,17,5,27,145.0,1,1,4,2,0,1:25,1,1,0,0,0:00,0,1,http://www.ufcstats.com/fighter-details/791c8437b341fba5
Joanderson Brito,68,72,17,5,28,145.0,2,1,22,1,0,2:08,0,4,0,0,0:00,2,1,http://www.ufcstats.com/fighter-details/791c8437b341fba5
Joanderson Brito,68,72,17,5,28,145.0,3,1,8,1,0,1:58,1,14,1,0,6:15,0,2,http://www.ufcstats.com/fighter-details/791c8437b341fba5
Joanderson Brito,68,72,17,5,29,145.0,4,1,30,1,0,5:09,0,24,0,0,0:48,0,2,http://www.ufcstats.com/fighter-details/791c8437b341fba5
Joanderson Brito,68,72,17,5,29,145.0,5,0,29,3,0,6:40,2,43,0,0,3:52,0,3,http://www.ufcstats.com/fighter-details/791c8437b341fba5
Joanderson Brito,68,72,17,5,30,145.0,6,0,3,0,0,0:00,1,24,4,0,13:47,1,3,http://www.ufcstats.com/fighter-details/791c8437b341fba5
Randy Brown,75,78,20,6,32,170.0,1,0,11,0,0,0:00,0,14,0,1,0:15,1,1,http://www.ufcstats.com/fighter-details/c6aee362c7a7d482
Randy Brown,75,78,20,6,32,170.0,2,1,64,2,0,2:47,0,55,0,0,3:05,0,3,http://www.ufcstats.com/fighter-details/c6aee362c7a7d482
Randy Brown,75,78,20,6,33,170.0,3,1,13,0,1,0:03,0,10,0,0,0:00,0,1,http://www.ufcstats.com/fighter-details/c6aee362c7a7d482
Randy Brown,75,78,20,6,33,170.0,4,1,67,0,0,0:42,2,26,4,0,5:33,1,3,http://www.ufcstats.com/fighter-details/c6aee362c7a7d482
Randy Brown,75,78,20,6,34,170.0,5,0,60,2,0,1:46,0,57,0,0,7:25,0,3,http://www.ufcstats.com/fighter-details/c6aee362c7a7d482
Randy Brown,75,78,20,6,34,170.0,6,1,54,0,1,0:03,0,26,0,1,1:22,0,2,http://www.ufcstats.com/fighter-details/c6aee362c7a7d482
Aiemann Zahabi,68,68,13,2,33,135.0,1,1,9,0,1,0:10,0,11,0,0,0:00,0,1,http://www.ufcstats.com/fighter-details/24656ef4d605c96f
Aiemann Zahabi,68,68,13,2,34,135.0,2,1,54,0,0,0:00,0,27,0,0,0:00,0,3,http://www.ufcstats.com/fighter-details/24656ef4d605c96f
Aiemann Zahabi,68,68,13,2,35,135.0,3,1,5,0,1,0:03,0,5,0,0,0:00,0,1,http://www.ufcstats.com/fighter-details/24656ef4d605c96f
Aiemann Zahabi,68,68,13,2,36,135.0,4,1,75,0,0,0:13,0,67,0,0,0:00,0,3,http://www.ufcstats.com/fighter-details/24656ef4d605c96f
Aiemann Zahabi,68,68,13,2,36,135.0,5,1,109,0,0,0:00,0,95,0,0,0:02,0,3,http://www.ufcstats.com/fighter-details/24656ef4d605c96f
Aiemann Zahabi,68,68,13,2,37,145.0,6,1,99,0,0,2:38,0,68,0,1,0:02,0,3,http://www.ufcstats.com/fighter-details/24656ef4d605c96f
Montel Jackson,70,75,15,2,28,135.0,1,1,15,0,2,0:16,0,14,0,0,0:01,0,1,http://www.ufcstats.com/fighter-details/cc1a8b4b38b92c6d
Montel Jackson,70,75,15,2,29,135.0,2,1,25,4,4,10:03,1,8,1,0,1:20,3,3,http://www.ufcstats.com/fighter-details/cc1a8b4b38b92c6d
Montel Jackson,70,75,15,2,30,135.0,3,1,48,0,1,5:55,0,26,1,0,0:06,0,3,http://www.ufcstats.com/fighter-details/cc1a8b4b38b92c6d
Montel Jackson,70,75,15,2,30,135.0,4,1,9,0,1,1:17,0,7,0,0,0:08,0,1,http://www.ufcstats.com/fighter-details/cc1a8b4b38b92c6d
Montel Jackson,70,75,15,2,32,135.0,5,1,4,0,1,0:02,0,1,0,0,0:00,0,1,http://www.ufcstats.com/fighter-details/cc1a8b4b38b92c6d
Montel Jackson,70,75,15,2,33,135.0,6,1,30,2,0,3:37,1,17,3,0,5:45,0,3,http://www.ufcstats.com/fighter-details/cc1a8b4b38b92c6d
Manuel Torres,70,73,16,3,26,155.0,1,1,25,0,1,0:12,0,5,0,0,0:16,0,1,http://www.ufcstats.com/fighter-details/2e7878927067fdca
Manuel Torres,70,73,16,3,27,155.0,2,1,34,0,1,0:16,0,16,0,0,0:14,0,1,http://www.ufcstats.com/fighter-details/2e7878927067fdca
Manuel Torres,70,73,16,3,28,155.0,3,1,13,0,1,0:01,0,7,0,0,0:00,0,1,http://www.ufcstats.com/fighter-details/2e7878927067fdca
Manuel Torres,70,73,16,3,28,155.0,4,1,3,2,0,0:42,1,1,1,0,0:40,0,1,http://www.ufcstats.com/fighter-details/2e7878927067fdca
Manuel Torres,70,73,16,3,29,155.0,5,0,20,0,0,0:20,0,31,0,2,0:38,0,1,http://www.ufcstats.com/fighter-details/2e7878927067fdca
Manuel Torres,70,73,16,3,30,155.0,6,1,23,0,1,0:10,0,3,0,0,0:00,0,1,http://www.ufcstats.com/fighter-details/2e7878927067fdca
Ludovit Klein,67,72,23,5,27,155.0,1,1,50,0,1,6:41,0,43,0,0,2:17,0,3,http://www.ufcstats.com/fighter-details/5b86d491d63890c5
Ludovit Klein,67,72,23,5,28,155.0,2,1,56,3,0,6:05,0,43,0,0,0:07,0,3,http://www.ufcstats.com/fighter-details/5b86d491d63890c5
Ludovit Klein,67,72,23,5,29,155.0,3,1,60,2,1,0:27,0,36,0,0,0:26,0,1,http://www.ufcstats.com/fighter-details/5b86d491d63890c5
Ludovit Klein,67,72,23,5,29,155.0,4,1,56,1,2,3:08,0,24,0,0,1:09,1,3,http://www.ufcstats.com/fighter-details/5b86d491d63890c5
Ludovit Klein,67,72,23,5,29,155.0,5,1,45,2,0,8:51,0,24,0,0,0:43,0,3,http://www.ufcstats.com/fighter-details/5b86d491d63890c5
Ludovit Klein,67,72,23,5,30,155.0,6,0,24,0,0,0:23,0,65,6,0,8:45,0,3,http://www.ufcstats.com/fighter-details/5b86d491d63890c5
Ramiz Brahimaj,70,72,12,5,28,170.0,1,1,1,2,0,2:12,1,1,0,0,0:00,0,1,http://www.ufcstats.com/fighter-details/3d074044a33825e7
Ramiz Brahimaj,70,72,12,5,29,170.0,2,0,32,1,0,0:30,1,54,5,1,10:57,1,3,http://www.ufcstats.com/fighter-details/3d074044a33825e7
Ramiz Brahimaj,70,72,12,5,29,170.0,3,1,0,1,0,1:33,3,0,0,0,0:00,0,1,http://www.ufcstats.com/fighter-details/3d074044a33825e7
Ramiz Brahimaj,70,72,12,5,31,170.0,4,0,3,1,0,3:44,0,43,5,0,10:13,0,3,http://www.ufcstats.com/fighter-details/3d074044a33825e7
Ramiz Brahimaj,70,72,12,5,31,170.0,5,1,31,0,1,0:03,0,28,0,0,0:00,0,1,http://www.ufcstats.com/fighter-details/3d074044a33825e7
Ramiz Brahimaj,70,72,12,5,32,170.0,6,1,1,2,0,1:42,1,1,0,0,0:59,0,1,http://www.ufcstats.com/fighter-details/3d074044a33825e7
Allan Nascimento,68,69,21,6,26,125.0,1,0,105,1,0,0:00,0,81,1,0,0:00,0,3,http://www.ufcstats.com/fighter-details/253076a23d03dcd0
Allan Nascimento,68,69,21,6,30,125.0,2,0,25,0,0,0:16,2,18,4,0,12:04,1,3,http://www.ufcstats.com/fighter-details/253076a23d03dcd0
Allan Nascimento,68,69,21,6,30,125.0,3,1,19,2,0,9:27,0,8,0,0,3:50,1,3,http://www.ufcstats.com/fighter-details/253076a23d03dcd0
Allan Nascimento,68,69,21,6,31,125.0,4,1,6,2,0,2:23,1,3,0,0,0:00,0,1,http://www.ufcstats.com/fighter-details/253076a23d03dcd0
Allan Nascimento,68,69,21,6,33,125.0,5,1,12,1,0,7:03,1,14,4,0,6:20,1,3,http://www.ufcstats.com/fighter-details/253076a23d03dcd0
Sedriques Dumas,74,79,10,3,27,185.0,1,0,20,0,0,0:07,0,33,2,0,4:27,2,2,http://www.ufcstats.com/fighter-details/4e6738062d469256
Sedriques Dumas,74,79,10,3,27,185.0,2,1,17,0,0,11:08,0,3,2,0,1:53,1,3,http://www.ufcstats.com/fighter-details/4e6738062d469256
Sedriques Dumas,74,79,10,3,28,185.0,3,1,34,1,0,4:10,0,41,2,0,0:32,0,3,http://www.ufcstats.com/fighter-details/4e6738062d469256
Sedriques Dumas,74,79,10,3,28,185.0,4,0,1,0,0,0:00,0,12,0,1,0:04,0,1,http://www.ufcstats.com/fighter-details/4e6738062d469256
Sedriques Dumas,74,79,10,3,28,185.0,5,1,49,3,0,6:00,0,26,3,0,2:27,0,3,http://www.ufcstats.com/fighter-details/4e6738062d469256
Sedriques Dumas,74,79,10,3,29,185.0,6,0,3,0,0,0:00,0,34,0,1,0:18,0,1,http://www.ufcstats.com/fighter-details/4e6738062d469256
Brad Katona,66,64,16,5,27,135.0,1,0,21,3,0,6:22,0,41,0,0,0:29,0,3,http://www.ufcstats.com/fighter-details/7b433309b0fd12aa
Brad Katona,66,64,16,5,31,135.0,2,1,160,0,0,0:00,0,164,0,0,0:00,0,3,http://www.ufcstats.com/fighter-details/7b433309b0fd12aa
Brad Katona,66,64,16,5,32,135.0,3,0,64,4,0,4:35,0,105,0,0,0:00,0,3,http://www.ufcstats.com/fighter-details/7b433309b0fd12aa
Brad Katona,66,64,16,5,32,135.0,4,1,68,3,0,10:50,0,30,0,0,0:00,0,3,http://www.ufcstats.com/fighter-details/7b433309b0fd12aa
Brad Katona,66,64,16,5,32,135.0,5,0,89,3,0,3:35,0,89,1,0,2:04,0,3,http://www.ufcstats.com/fighter-details/7b433309b0fd12aa
Brad Katona,66,64,16,5,33,135.0,6,0,1,0,0,0:00,0,8,0,1,0:02,0,1,http://www.ufcstats.com/fighter-details/7b433309b0fd12aa
Jamall Emmers,70,74,21,8,32,145.0,1,0,10,0,0,0:49,1,1,0,0,0:00,2,1,http://www.ufcstats.com/fighter-details/e00a3dee329a51f7
Jamall Emmers,70,74,21,8,33,145.0,2,1,62,1,0,4:45,0,30,0,0,0:58,0,3,http://www.ufcstats.com/fighter-details/e00a3dee329a51f7
Jamall Emmers,70,74,21,8,33,145.0,3,0,57,1,0,4:17,0,59,1,0,0:15,0,3,http://www.ufcstats.com/fighter-details/e00a3dee329a51f7
Jamall Emmers,70,74,21,8,34,145.0,4,1,14,0,1,0:03,0,3,0,0,0:00,0,1,http://www.ufcstats.com/fighter-details/e00a3dee329a51f7
Jamall Emmers,70,74,21,8,34,145.0,5,0,39,0,0,0:01,0,37,0,1,0:05,0,1,http://www.ufcstats.com/fighter-details/e00a3dee329a51f7
Jamall Emmers,70,74,21,8,35,145.0,6,1,33,0,2,0:49,0,18,2,0,1:25,1,1,http://www.ufcstats.com/fighter-details/e00a3dee329a51f7
David Onama,71,74,14,2,28,145.0,1,1,29,2,0,2:35,1,21,0,0,1:52,0,2,http://www.ufcstats.com/fighter-details/ffe9703408fb5964
David Onama,71,74,14,2,28,145.0,2,0,71,1,1,1:13,0,91,3,0,5:05,2,3,http://www.ufcstats.com/fighter-details/ffe9703408fb5964
David Onama,71,74,14,2,29,145.0,3,1,53,0,1,2:53,0,39,2,0,1:31,2,2,http://www.ufcstats.com/fighter-details/ffe9703408fb5964
David Onama,71,74,14,2,29,145.0,4,1,58,0,0,2:15,1,57,5,0,4:49,1,3,http://www.ufcstats.com/fighter-details/ffe9703408fb5964
David Onama,71,74,14,2,30,155.0,5,1,121,1,1,4:23,1,74,0,1,1:14,0,3,http://www.ufcstats.com/fighter-details/ffe9703408fb5964
David Onama,71,74,14,2,30,145.0,6,1,49,3,0,6:15,0,43,0,0,0:00,0,3,http://www.ufcstats.com/fighter-details/ffe9703408fb5964
Ode Osbourne,67,73,13,8,30,125.0,1,0,15,0,0,0:00,0,13,0,1,0:03,0,1,http://www.ufcstats.com/fighter-details/6d68c1afe954f121
Ode Osbourne,67,73,13,8,31,125.0,2,1,48,3,0,2:53,0,60,1,0,1:18,0,3,http://www.ufcstats.com/fighter-details/6d68c1afe954f121
Ode Osbourne,67,73,13,8,31,125.0,3,0,4,0,0,0:21,0,26,2,0,5:24,2,2,http://www.ufcstats.com/fighter-details/6d68c1afe954f121
Ode Osbourne,67,73,13,8,32,125.0,4,0,0,0,0,0:04,0,21,1,0,3:21,2,1,http://www.ufcstats.com/fighter-details/6d68c1afe954f121
Ode Osbourne,67,73,13,8,32,125.0,5,0,37,1,1,1:07,2,35,1,0,9:14,0,3,http://www.ufcstats.com/fighter-details/6d68c1afe954f121
Ode Osbourne,67,73,13,8,33,125.0,6,1,18,0,1,0:07,0,12,1,0,2:17,0,2,http://www.ufcstats.com/fighter-details/6d68c1afe954f121
Gaston Bolanos,67,69,8,5,30,135.0,1,1,63,0,0,1:36,0,17,3,0,6:01,1,3,http://www.ufcstats.com/fighter-details/96924b0019b3aff1
Gaston Bolanos,67,69,8,5,31,135.0,2,0,28,0,0,0:04,0,65,1,1,1:47,0,2,http://www.ufcstats.com/fighter-details/96924b0019b3aff1
Gaston Bolanos,67,69,8,5,32,135.0,3,1,53,2,0,4:29,0,17,4,0,6:13,0,3,http://www.ufcstats.com/fighter-details/96924b0019b3aff1
Gaston Bolanos,67,69,8,5,32,135.0,4,0,5,0,0,0:00,0,10,4,0,5:46,1,2,http://www.ufcstats.com/fighter-details/96924b0019b3aff1
Kevin Borjas,65,68,10,3,25,125.0,1,1,87,0,0,1:07,0,43,5,0,7:57,0,3,http://www.ufcstats.com/fighter-details/34b96d52db1d26e6
Kevin Borjas,65,68,10,3,25,125.0,2,0,75,0,0,0:21,0,156,2,0,1:03,0,3,http://www.ufcstats.com/fighter-details/34b96d52db1d26e6
Kevin Borjas,65,68,10,3,26,125.0,3,0,18,0,0,0:00,0,46,0,1,0:43,0,2,http://www.ufcstats.com/fighter-details/34b96d52db1d26e6
Kevin Borjas,65,68,10,3,27,125.0,4,1,83,0,1,0:02,0,64,1,0,0:57,0,3,http://www.ufcstats.com/fighter-details/34b96d52db1d26e6
Dustin Stoltzfus,72,75,16,7,30,185.0,1,1,49,2,0,4:17,0,52,0,0,0:00,0,3,http://www.ufcstats.com/fighter-details/71505842fb6455c3
Dustin Stoltzfus,72,75,16,7,30,185.0,2,0,0,0,0,0:00,0,7,0,1,0:02,0,1,http://www.ufcstats.com/fighter-details/71505842fb6455c3
Dustin Stoltzfus,72,75,16,7,32,185.0,3,1,64,4,1,2:12,1,31,0,0,0:00,0,2,http://www.ufcstats.com/fighter-details/71505842fb6455c3
Dustin Stoltzfus,72,75,16,7,32,185.0,4,0,18,1,0,1:31,2,24,0,1,0:10,0,1,http://www.ufcstats.com/fighter-details/71505842fb6455c3
Dustin Stoltzfus,72,75,16,7,32,185.0,5,1,13,0,1,3:54,1,7,0,0,0:01,0,1,http://www.ufcstats.com/fighter-details/71505842fb6455c3
Dustin Stoltzfus,72,75,16,7,33,185.0,6,0,21,2,0,5:11,2,35,1,0,3:21,0,3,http://www.ufcstats.com/fighter-details/71505842fb6455c3
Sumudaerji,68,72,17,7,24,125.0,1,1,9,0,1,0:02,0,0,0,0,0:00,0,1,http://www.ufcstats.com/fighter-details/3cf18e01cb6cbde3
Sumudaerji,68,72,17,7,25,125.0,2,1,50,0,0,0:00,0,28,0,0,0:02,0,3,http://www.ufcstats.com/fighter-details/3cf18e01cb6cbde3
Sumudaerji,68,72,17,7,26,125.0,3,0,58,0,1,2:13,0,47,2,0,2:40,2,2,http://www.ufcstats.com/fighter-details/3cf18e01cb6cbde3
Sumudaerji,68,72,17,7,27,135.0,4,0,10,0,0,0:00,0,10,1,0,2:05,1,1,http://www.ufcstats.com/fighter-details/3cf18e01cb6cbde3
Sumudaerji,68,72,17,7,28,125.0,5,0,75,0,0,0:50,2,65,2,1,2:58,0,3,http://www.ufcstats.com/fighter-details/3cf18e01cb6cbde3
Sumudaerji,68,72,17,7,29,125.0,6,1,45,0,0,0:00,0,9,6,0,4:18,0,3,http://www.ufcstats.com/fighter-details/3cf18e01cb6cbde3
Rafael Estevam,68,69,13,0,26,125.0,1,1,48,2,0,6:40,0,3,0,0,0:00,0,2,http://www.ufcstats.com/fighter-details/83455a9d17f57dae
Rafael Estevam,68,69,13,0,27,125.0,2,1,18,3,0,9:23,1,72,0,0,0:43,0,3,http://www.ufcstats.com/fighter-details/83455a9d17f57dae
Rafael Estevam,68,69,13,0,28,125.0,3,1,11,11,0,9:22,0,35,2,0,1:14,2,3,http://www.ufcstats.com/fighter-details/83455a9d17f57dae
Serhiy Sidey,71,72,12,2,27,135.0,1,1,11,0,1,0:02,0,11,0,0,0:00,0,1,http://www.ufcstats.com/fighter-details/1a2bf44edb8055b6
Serhiy Sidey,71,72,12,2,27,135.0,2,0,79,0,0,0:24,0,62,0,1,0:06,0,3,http://www.ufcstats.com/fighter-details/1a2bf44edb8055b6
Serhiy Sidey,71,72,12,2,28,135.0,3,1,68,0,0,0:47,3,71,4,0,4:53,1,3,http://www.ufcstats.com/fighter-details/1a2bf44edb8055b6
Serhiy Sidey,71,72,12,2,28,135.0,4,1,55,5,0,4:12,1,58,0,0,0:00,0,3,http://www.ufcstats.com/fighter-details/1a2bf44edb8055b6
Ronaldo Rodriguez,66,65,17,3,21,125.0,1,0,19,2,0,6:33,2,48,0,0,3:36,0,3,http://www.ufcstats.com/fighter-details/f2900678e98f6d6a
Ronaldo Rodriguez,66,65,17,3,24,125.0,2,1,31,0,0,2:56,1,41,4,0,2:52,0,2,http://www.ufcstats.com/fighter-details/f2900678e98f6d6a
Ronaldo Rodriguez,66,65,17,3,25,125.0,3,1,35,1,0,9:14,0,37,1,1,1:07,2,3,http://www.ufcstats.com/fighter-details/f2900678e98f6d6a
Ronaldo Rodriguez,66,65,17,3,25,125.0,4,0,64,1,0,0:57,0,83,0,1,0:02,0,3,http://www.ufcstats.com/fighter-details/f2900678e98f6d6a
Raul Rosas Jr.,69,67,11,1,18,135.0,1,1,3,2,0,2:12,2,4,0,0,0:00,0,1,http://www.ufcstats.com/fighter-details/fe2babf95de24fb1
Raul Rosas Jr.,69,67,11,1,18,135.0,2,0,2,3,0,4:50,1,29,1,0,7:30,0,3,http://www.ufcstats.com/fighter-details/fe2babf95de24fb1
Raul Rosas Jr.,69,67,11,1,18,135.0,3,1,18,0,1,0:17,0,6,0,0,0:00,0,1,http://www.ufcstats.com/fighter-details/fe2babf95de24fb1
Raul Rosas Jr.,69,67,11,1,19,135.0,4,1,3,4,0,5:49,1,7,0,0,0:52,1,2,http://www.ufcstats.com/fighter-details/fe2babf95de24fb1
Raul Rosas Jr.,69,67,11,1,19,135.0,5,1,41,3,0,7:32,0,22,0,0,0:00,0,3,http://www.ufcstats.com/fighter-details/fe2babf95de24fb1
Raul Rosas Jr.,69,67,11,1,20,135.0,6,1,20,4,0,9:38,0,17,1,0,2:14,2,3,http://www.ufcstats.com/fighter-details/fe2babf95de24fb1
Mike Malott,73,73,12,2,30,170.0,1,1,28,0,1,0:05,0,13,1,0,0:17,0,1,http://www.ufcstats.com/fighter-details/dd6103dd7127db1d
Mike Malott,73,73,12,2,31,170.0,2,1,9,1,0,1:36,1,1,0,0,0:00,0,1,http://www.ufcstats.com/fighter-details/dd6103dd7127db1d
Mike Malott,73,73,12,2,31,170.0,3,1,19,2,1,1:26,1,9,0,0,0:07,0,2,http://www.ufcstats.com/fighter-details/dd6103dd7127db1d
Mike Malott,73,73,12,2,32,170.0,4,0,45,4,0,6:02,0,57,1,0,1:47,0,3,http://www.ufcstats.com/fighter-details/dd6103dd7127db1d
Mike Malott,73,73,12,2,32,170.0,5,1,59,0,0,0:00,0,34,0,0,0:00,0,3,http://www.ufcstats.com/fighter-details/dd6103dd7127db1d
Mike Malott,73,73,12,2,33,170.0,6,1,36,0,1,0:05,0,10,0,0,0:00,0,2,http://www.ufcstats.com/fighter-details/dd6103dd7127db1d
Don'Tale Mayes,78,81,11,9,31,265.0,1,1,25,0,1,0:02,0,24,0,0,0:00,0,2,http://www.ufcstats.com/fighter-details/1a9480fc288e55d7
Don'Tale Mayes,78,81,11,9,31,265.0,2,0,79,0,0,0:39,0,70,0,0,2:21,0,3,http://www.ufcstats.com/fighter-details/1a9480fc288e55d7
Don'Tale Mayes,78,81,11,9,32,265.0,3,1,67,0,1,0:36,0,76,0,0,0:00,0,3,http://www.ufcstats.com/fighter-details/1a9480fc288e55d7
Don'Tale Mayes,78,81,11,9,32,265.0,4,0,27,0,0,0:00,0,31,2,0,11:58,0,3,http://www.ufcstats.com/fighter-details/1a9480fc288e55d7
Don'Tale Mayes,78,81,11,9,33,265.0,5,0,1,0,0,0:00,0,1,1,0,0:58,1,1,http://www.ufcstats.com/fighter-details/1a9480fc288e55d7
Don'Tale Mayes,78,81,11,9,33,265.0,6,0,3,0,0,0:00,0,28,9,0,13:49,1,3,http://www.ufcstats.com/fighter-details/1a9480fc288e55d7
Martin Buday,76,77,15,2,30,265.0,1,1,66,0,0,0:06,0,118,0,0,0:00,0,3,http://www.ufcstats.com/fighter-details/8eb046f83e82bf26
Martin Buday,76,77,15,2,31,265.0,2,1,98,0,0,1:45,0,94,0,0,4:31,0,3,http://www.ufcstats.com/fighter-details/8eb046f83e82bf26
Martin Buday,76,77,15,2,31,265.0,3,1,42,1,0,1:56,1,26,0,0,0:13,0,1,http://www.ufcstats.com/fighter-details/8eb046f83e82bf26
Martin Buday,76,77,15,2,32,265.0,4,0,8,0,0,0:20,0,49,0,0,2:18,0,2,http://www.ufcstats.com/fighter-details/8eb046f83e82bf26
Martin Buday,76,77,15,2,32,265.0,5,1,54,0,0,2:40,0,74,0,0,4:58,0,3,http://www.ufcstats.com/fighter-details/8eb046f83e82bf26
Martin Buday,76,77,15,2,33,265.0,6,1,58,0,0,5:06,0,36,0,0,0:20,0,3,http://www.ufcstats.com/fighter-details/8eb046f83e82bf26
Lucas Alexander,71,73,8,5,27,145.0,1,0,1,0,0,0:00,0,4,2,0,1:25,1,1,http://www.ufcstats.com/fighter-details/11583163f45c7b31
Lucas Alexander,71,73,8,5,27,145.0,2,1,85,0,1,0:55,0,26,0,0,0:31,0,3,http://www.ufcstats.com/fighter-details/11583163f45c7b31
Lucas Alexander,71,73,8,5,28,145.0,3,0,11,0,0,0:00,0,4,1,1,0:05,0,1,http://www.ufcstats.com/fighter-details/11583163f45c7b31
Lucas Alexander,71,73,8,5,29,145.0,4,0,34,0,0,2:13,0,46,3,0,4:18,0,2,http://www.ufcstats.com/fighter-details/11583163f45c7b31
Darren Elkins,70,71,29,12,37,145.0,1,0,2,0,0,0:00,0,18,0,1,0:09,0,1,http://www.ufcstats.com/fighter-details/92a9aa9c93192871
Darren Elkins,70,71,29,12,37,145.0,2,1,75,5,0,7:52,1,66,0,0,0:58,0,3,http://www.ufcstats.com/fighter-details/92a9aa9c93192871
Darren Elkins,70,71,29,12,38,145.0,3,0,57,2,0,0:48,0,110,2,0,3:33,0,3,http://www.ufcstats.com/fighter-details/92a9aa9c93192871
Darren Elkins,70,71,29,12,39,145.0,4,1,11,5,0,8:09,2,15,2,0,1:29,0,3,http://www.ufcstats.com/fighter-details/92a9aa9c93192871
Darren Elkins,70,71,29,12,40,145.0,5,1,39,3,0,6:33,0,31,0,0,3:02,2,3,http://www.ufcstats.com/fighter-details/92a9aa9c93192871
Darren Elkins,70,71,29,12,40,145.0,6,0,13,1,0,0:48,0,54,0,0,0:48,0,1,http://www.ufcstats.com/fighter-details/92a9aa9c93192871
Jordan Vucenic,70,73,13,4,28,155.0,1,0,34,0,1,4:32,0,30,1,0,4:05,0,3,http://www.ufcstats.com/fighter-details/6d38e41efa47a72d
Jordan Vucenic,70,73,13,4,29,155.0,2,0,16,1,0,0:12,0,15,4,1,5:37,1,2,http://www.ufcstats.com/fighter-details/6d38e41efa47a72d
Jafel Filho,67,68,16,4,29,125.0,1,1,29,2,1,2:22,1,34,0,0,2:29,2,3,http://www.ufcstats.com/fighter-details/65adf3856c4d9256
Jafel Filho,67,68,16,4,29,125.0,2,0,9,0,0,0:50,2,16,4,0,8:15,2,3,http://www.ufcstats.com/fighter-details/65adf3856c4d9256
Jafel Filho,67,68,16,4,30,125.0,3,1,21,1,0,0:55,1,18,0,1,0:12,0,1,http://www.ufcstats.com/fighter-details/65adf3856c4d9256
Jafel Filho,67,68,16,4,30,125.0,4,1,21,1,0,3:21,2,0,0,0,0:04,0,1,http://www.ufcstats.com/fighter-details/65adf3856c4d9256
Jafel Filho,67,68,16,4,32,125.0,5,0,14,4,0,6:20,1,12,1,0,7:03,1,3,http://www.ufcstats.com/fighter-details/65adf3856c4d9256
Navajo Stirling,76,79,7,0,26,205.0,1,1,52,0,1,0:59,0,25,0,0,0:00,0,2,http://www.ufcstats.com/fighter-details/b4b496ec2197ee3e
Navajo Stirling,76,79,7,0,27,205.0,2,1,78,0,0,0:54,0,32,3,0,3:36,0,3,http://www.ufcstats.com/fighter-details/b4b496ec2197ee3e
Navajo Stirling,76,79,7,0,27,205.0,3,1,110,3,1,3:01,0,36,0,0,1:41,0,3,http://www.ufcstats.com/fighter-details/b4b496ec2197ee3e
Zhang Mingyang,74,75,19,6,23,205.0,1,1,35,0,1,0:37,0,22,1,0,0:42,0,1,http://www.ufcstats.com/fighter-details/8a65fd9ba31fd3f7
Zhang Mingyang,74,75,19,6,25,205.0,2,1,17,0,1,0:02,0,14,0,0,0:00,0,1,http://www.ufcstats.com/fighter-details/8a65fd9ba31fd3f7
Zhang Mingyang,74,75,19,6,26,205.0,3,1,17,0,1,0:05,0,9,0,0,0:00,0,1,http://www.ufcstats.com/fighter-details/8a65fd9ba31fd3f7
Zhang Mingyang,74,75,19,6,26,205.0,4,1,63,0,0,1:28,0,10,0,0,0:16,0,1,http://www.ufcstats.com/fighter-details/8a65fd9ba31fd3f7
Andre Lima,67,67,11,0,24,125.0,1,1,61,1,0,2:56,0,25,0,0,0:20,0,3,http://www.ufcstats.com/fighter-details/b1f21ce050035d58
Andre Lima,67,67,11,0,25,125.0,2,1,30,1,0,0:24,2,36,5,0,3:00,0,2,http://www.ufcstats.com/fighter-details/b1f21ce050035d58
Andre Lima,67,67,11,0,25,125.0,3,1,51,0,0,0:09,0,32,1,0,0:09,0,3,http://www.ufcstats.com/fighter-details/b1f21ce050035d58
Andre Lima,67,67,11,0,25,125.0,4,1,18,2,0,9:00,2,38,0,0,0:41,0,3,http://www.ufcstats.com/fighter-details/b1f21ce050035d58
Andre Lima,67,67,11,0,26,125.0,5,1,108,2,0,4:50,1,33,1,0,0:17,0,3,http://www.ufcstats.com/fighter-details/b1f21ce050035d58
Austin Hubbard,70,71,17,9,29,155.0,1,1,67,1,0,6:42,0,41,1,0,1:31,0,3,http://www.ufcstats.com/fighter-details/d2cd7a69cc55e7ed
Austin Hubbard,70,71,17,9,29,155.0,2,0,56,4,0,2:14,0,71,0,0,2:29,0,3,http://www.ufcstats.com/fighter-details/d2cd7a69cc55e7ed
Austin Hubbard,70,71,17,9,31,155.0,3,0,44,2,0,2:23,0,61,0,0,1:08,2,2,http://www.ufcstats.com/fighter-details/d2cd7a69cc55e7ed
Austin Hubbard,70,71,17,9,32,155.0,4,1,88,3,0,0:48,0,92,0,0,1:37,0,3,http://www.ufcstats.com/fighter-details/d2cd7a69cc55e7ed
Austin Hubbard,70,71,17,9,32,155.0,5,0,63,0,0,0:05,0,79,0,0,0:40,0,3,http://www.ufcstats.com/fighter-details/d2cd7a69cc55e7ed
Austin Hubbard,70,71,17,9,33,155.0,6,0,26,2,0,7:34,1,44,0,0,1:33,0,3,http://www.ufcstats.com/fighter-details/d2cd7a69cc55e7ed
Rodolfo Bellato,75,75,12,2,26,205.0,1,0,18,1,1,2:16,1,42,0,1,2:03,0,2,http://www.ufcstats.com/fighter-details/69898645d600abdb
Rodolfo Bellato,75,75,12,2,27,205.0,2,1,81,0,0,4:30,0,48,0,0,0:02,0,2,http://www.ufcstats.com/fighter-details/69898645d600abdb
Rodolfo Bellato,75,75,12,2,27,205.0,3,1,80,1,0,2:49,0,73,0,1,1:41,0,2,http://www.ufcstats.com/fighter-details/69898645d600abdb
Felipe dos Santos,67,70,8,3,22,125.0,1,0,99,0,0,0:08,0,112,1,1,0:45,0,3,http://www.ufcstats.com/fighter-details/5cdf5339728f580d
Felipe dos Santos,67,70,8,3,23,125.0,2,1,37,0,0,0:51,1,40,9,0,5:02,0,3,http://www.ufcstats.com/fighter-details/5cdf5339728f580d
Felipe dos Santos,67,70,8,3,23,125.0,3,0,38,0,0,0:41,0,18,2,0,9:00,2,3,http://www.ufcstats.com/fighter-details/5cdf5339728f580d
Felipe dos Santos,67,70,8,3,24,125.0,4,0,51,0,0,0:56,1,58,4,0,6:33,0,3,http://www.ufcstats.com/fighter-details/5cdf5339728f580d
Mitch Raposo,65,64,9,3,22,125.0,1,0,21,2,0,1:33,0,26,1,0,1:26,2,2,http://www.ufcstats.com/fighter-details/0be6776db31d98ec
Mitch Raposo,65,64,9,3,25,125.0,2,0,32,1,0,0:09,0,51,0,0,0:09,0,3,http://www.ufcstats.com/fighter-details/0be6776db31d98ec
Mitch Raposo,65,64,9,3,26,125.0,3,0,9,6,0,4:18,0,45,0,0,0:00,0,3,http://www.ufcstats.com/fighter-details/0be6776db31d98ec
Rhys McKee,74,78,14,6,24,170.0,1,0,0,0,0,0:00,0,40,1,0,2:59,1,1,http://www.ufcstats.com/fighter-details/f748267c4ab6c127
Rhys McKee,74,78,14,6,25,170.0,2,0,124,0,0,0:12,0,176,3,0,2:34,0,3,http://www.ufcstats.com/fighter-details/f748267c4ab6c127
Rhys McKee,74,78,14,6,27,170.0,3,0,77,0,0,0:05,0,98,6,0,6:07,0,3,http://www.ufcstats.com/fighter-details/f748267c4ab6c127
Rhys McKee,74,78,14,6,28,170.0,4,0,30,0,0,6:41,0,64,0,0,0:53,0,3,http://www.ufcstats.com/fighter-details/f748267c4ab6c127
Rhys McKee,74,78,14,6,29,170.0,5,1,43,0,3,1:10,0,43,0,0,0:00,0,1,http://www.ufcstats.com/fighter-details/f748267c4ab6c127
Nicolas Dalby,71,74,23,6,37,170.0,1,1,45,1,0,4:17,1,11,4,0,7:17,0,3,http://www.ufcstats.com/fighter-details/9d19d9e4aa2662e8
Nicolas Dalby,71,74,23,6,38,170.0,2,1,119,0,0,4:02,0,66,1,0,2:09,0,3,http://www.ufcstats.com/fighter-details/9d19d9e4aa2662e8
Nicolas Dalby,71,74,23,6,38,170.0,3,1,86,2,0,6:36,0,57,2,0,0:55,0,3,http://www.ufcstats.com/fighter-details/9d19d9e4aa2662e8
Nicolas Dalby,71,74,23,6,38,170.0,4,1,53,0,1,1:27,0,39,3,0,4:19,1,2,http://www.ufcstats.com/fighter-details/9d19d9e4aa2662e8
Nicolas Dalby,71,74,23,6,39,170.0,5,0,66,0,0,3:57,0,68,5,0,6:17,0,3,http://www.ufcstats.com/fighter-details/9d19d9e4aa2662e8
Nicolas Dalby,71,74,23,6,40,170.0,6,0,26,0,1,1:22,0,54,0,1,0:03,0,2,http://www.ufcstats.com/fighter-details/9d19d9e4aa2662e8
Ivan Erslan,74,72,14,5,32,205.0,1,0,39,1,0,5:19,0,45,3,0,1:59,0,3,http://www.ufcstats.com/fighter-details/64ad3e3b0efa30bb
Ivan Erslan,74,72,14,5,33,205.0,2,0,36,0,0,1:41,0,110,3,1,3:01,0,3,http://www.ufcstats.com/fighter-details/64ad3e3b0efa30bb
Chase Hooper,73,74,16,3,23,145.0,1,0,10,0,0,0:00,0,29,0,3,0:17,0,1,http://www.ufcstats.com/fighter-details/971246648e162f0d
Chase Hooper,73,74,16,3,23,155.0,2,1,149,1,0,3:54,1,51,4,0,4:47,0,3,http://www.ufcstats.com/fighter-details/971246648e162f0d
Chase Hooper,73,74,16,3,24,155.0,3,1,1,0,0,0:57,1,3,0,0,0:59,0,1,http://www.ufcstats.com/fighter-details/971246648e162f0d
Chase Hooper,73,74,16,3,24,155.0,4,1,62,1,1,6:03,2,2,0,0,0:01,0,2,http://www.ufcstats.com/fighter-details/971246648e162f0d
Chase Hooper,73,74,16,3,25,155.0,5,1,7,3,0,2:08,1,5,0,0,0:00,0,1,http://www.ufcstats.com/fighter-details/971246648e162f0d
Chase Hooper,73,74,16,3,25,155.0,6,1,21,8,0,10:08,1,13,1,0,1:39,2,3,http://www.ufcstats.com/fighter-details/971246648e162f0d
Vinc Pichel,70,72,14,5,36,155.0,1,1,60,3,0,6:01,1,31,2,0,2:35,0,3,http://www.ufcstats.com/fighter-details/c77a953488e5607d
Vinc Pichel,70,72,14,5,37,155.0,2,1,41,3,0,6:34,0,14,2,0,5:10,2,3,http://www.ufcstats.com/fighter-details/c77a953488e5607d
Vinc Pichel,70,72,14,5,38,155.0,3,1,71,0,0,2:29,0,56,4,0,2:14,0,3,http://www.ufcstats.com/fighter-details/c77a953488e5607d
Vinc Pichel,70,72,14,5,39,155.0,4,0,68,1,0,0:48,0,39,3,0,5:10,0,3,http://www.ufcstats.com/fighter-details/c77a953488e5607d
Vinc Pichel,70,72,14,5,41,155.0,5,0,61,1,0,0:29,0,111,1,0,0:30,0,3,http://www.ufcstats.com/fighter-details/c77a953488e5607d
Vinc Pichel,70,72,14,5,42,155.0,6,0,79,0,0,0:01,0,64,2,0,2:15,0,3,http://www.ufcstats.com/fighter-details/c77a953488e5607d
Daniel Marcos,67,69,17,1,29,135.0,1,1,81,0,1,0:14,0,45,2,0,2:40,0,3,http://www.ufcstats.com/fighter-details/850266b3dc4e506e
Daniel Marcos,67,69,17,1,29,135.0,2,1,53,0,1,1:00,0,23,0,0,2:15,0,2,http://www.ufcstats.com/fighter-details/850266b3dc4e506e
Daniel Marcos,67,69,17,1,30,135.0,3,1,48,1,0,0:13,0,70,0,0,0:06,0,3,http://www.ufcstats.com/fighter-details/850266b3dc4e506e
Daniel Marcos,67,69,17,1,31,135.0,4,1,98,0,1,1:01,0,60,1,0,2:12,0,3,http://www.ufcstats.com/fighter-details/850266b3dc4e506e
Daniel Marcos,67,69,17,1,31,135.0,5,1,86,2,0,3:23,0,79,0,0,1:15,0,3,http://www.ufcstats.com/fighter-details/850266b3dc4e506e
Daniel Marcos,67,69,17,1,32,135.0,6,0,17,3,0,5:45,0,30,2,0,3:37,1,3,http://www.ufcstats.com/fighter-details/850266b3dc4e506e
Caolan Loughran,66,68,10,2,27,135.0,1,0,48,2,0,6:26,0,84,0,0,0:18,0,3,http://www.ufcstats.com/fighter-details/42ac4020cba261ad
Caolan Loughran,66,68,10,2,27,135.0,2,1,140,3,0,4:42,0,88,0,0,0:09,0,3,http://www.ufcstats.com/fighter-details/42ac4020cba261ad
Caolan Loughran,66,68,10,2,28,135.0,3,0,66,1,0,1:47,0,81,0,0,0:07,0,3,http://www.ufcstats.com/fighter-details/42ac4020cba261ad
Caolan Loughran,66,68,10,2,28,135.0,4,1,30,6,0,5:58,0,59,1,0,4:14,0,3,http://www.ufcstats.com/fighter-details/42ac4020cba261ad
John Castaneda,66,71,21,8,30,135.0,1,1,58,0,1,1:45,1,34,0,0,0:00,0,3,http://www.ufcstats.com/fighter-details/5fa2974cbd18e05c
John Castaneda,66,71,21,8,30,135.0,2,0,57,3,1,2:04,0,69,2,1,0:52,0,2,http://www.ufcstats.com/fighter-details/5fa2974cbd18e05c
John Castaneda,66,71,21,8,31,135.0,3,1,40,3,1,4:16,0,61,0,0,1:55,0,3,http://www.ufcstats.com/fighter-details/5fa2974cbd18e05c
John Castaneda,66,71,21,8,31,135.0,4,1,111,3,0,2:18,0,88,0,0,0:00,0,3,http://www.ufcstats.com/fighter-details/5fa2974cbd18e05c
John Castaneda,66,71,21,8,32,135.0,5,0,60,1,0,2:12,0,98,0,1,1:01,0,3,http://www.ufcstats.com/fighter-details/5fa2974cbd18e05c
John Castaneda,66,71,21,8,33,145.0,6,0,41,1,0,4:50,0,46,0,1,0:39,0,3,http://www.ufcstats.com/fighter-details/5fa2974cbd18e05c
Saimon Oliveira,64,72,18,6,30,135.0,1,1,47,3,0,6:23,0,47,0,0,1:22,0,3,http://www.ufcstats.com/fighter-details/72ea1984c52019b5
Saimon Oliveira,64,72,18,6,30,135.0,2,0,35,0,0,0:15,4,46,11,0,11:28,0,3,http://www.ufcstats.com/fighter-details/72ea1984c52019b5
Saimon Oliveira,64,72,18,6,31,135.0,3,0,23,0,0,2:15,0,53,0,1,1:00,0,2,http://www.ufcstats.com/fighter-details/72ea1984c52019b5
Saimon Oliveira,64,72,18,6,33,135.0,4,0,7,0,0,0:00,0,27,0,1,0:42,0,1,http://www.ufcstats.com/fighter-details/72ea1984c52019b5
Jeka Saragih,68,69,14,5,27,155.0,1,1,37,3,1,6:26,1,11,0,0,2:14,0,3,http://www.ufcstats.com/fighter-details/57186c150c645200
Jeka Saragih,68,69,14,5,27,155.0,2,1,15,0,1,0:01,0,12,0,0,0:00,0,1,http://www.ufcstats.com/fighter-details/57186c150c645200
Jeka Saragih,68,69,14,5,28,155.0,3,0,14,0,0,0:09,0,38,2,0,7:07,1,2,http://www.ufcstats.com/fighter-details/57186c150c645200
Jeka Saragih,68,69,14,5,28,145.0,4,1,4,1,1,0:05,0,11,0,0,0:00,0,1,http://www.ufcstats.com/fighter-details/57186c150c645200
Jeka Saragih,68,69,14,5,29,145.0,5,0,4,0,0,0:53,0,0,1,0,0:35,3,1,http://www.ufcstats.com/fighter-details/57186c150c645200
Jeka Saragih,68,69,14,5,30,145.0,6,0,2,0,0,0:00,0,6,0,1,0:00,0,1,http://www.ufcstats.com/fighter-details/57186c150c645200
Muin Gafurov,67,68,20,6,25,135.0,1,0,31,5,0,7:37,0,47,0,1,2:49,1,3,http://www.ufcstats.com/fighter-details/a54660deb6a8489c
Muin Gafurov,67,68,20,6,27,135.0,2,0,61,0,0,1:55,0,40,3,1,4:16,0,3,http://www.ufcstats.com/fighter-details/a54660deb6a8489c
Muin Gafurov,67,68,20,6,27,135.0,3,0,1,0,0,0:07,0,5,0,0,0:03,1,1,http://www.ufcstats.com/fighter-details/a54660deb6a8489c
Muin Gafurov,67,68,20,6,28,135.0,4,1,47,1,0,6:38,0,12,3,0,4:56,0,3,http://www.ufcstats.com/fighter-details/a54660deb6a8489c
Muin Gafurov,67,68,20,6,28,135.0,5,1,37,0,1,2:37,0,31,0,0,1:41,1,3,http://www.ufcstats.com/fighter-details/a54660deb6a8489c
Daniel Santos,67,67,13,2,27,135.0,1,0,49,0,0,0:46,0,127,0,0,0:18,0,3,http://www.ufcstats.com/fighter-details/b67d6bacc68d4c92
Daniel Santos,67,67,13,2,27,145.0,2,1,69,2,1,0:52,0,57,3,1,2:04,0,2,http://www.ufcstats.com/fighter-details/b67d6bacc68d4c92
Daniel Santos,67,67,13,2,28,135.0,3,1,50,3,0,10:47,0,18,1,0,1:19,1,3,http://www.ufcstats.com/fighter-details/b67d6bacc68d4c92
Daniel Santos,67,67,13,2,30,145.0,4,1,90,6,0,6:06,0,68,0,0,0:00,0,3,http://www.ufcstats.com/fighter-details/b67d6bacc68d4c92
Jose Daniel Medina,72,74,11,5,32,205.0,1,0,24,0,0,0:56,0,73,6,0,6:02,0,3,http://www.ufcstats.com/fighter-details/baa9be02c3e3e038
Jose Daniel Medina,72,74,11,5,33,185.0,2,0,32,1,0,1:12,0,75,5,0,5:57,1,3,http://www.ufcstats.com/fighter-details/baa9be02c3e3e038
Jose Daniel Medina,72,74,11,5,33,185.0,3,0,17,0,0,0:00,0,28,0,1,0:00,0,1,http://www.ufcstats.com/fighter-details/baa9be02c3e3e038
Peter Danesoe,66,68,8,4,22,125.0,1,1,20,0,1,0:26,0,14,2,0,1:21,0,1,http://www.ufcstats.com/fighter-details/5f119b24c0f9679c
Peter Danesoe,66,68,8,4,22,125.0,2,0,7,0,0,0:00,0,24,1,0,0:12,1,1,http://www.ufcstats.com/fighter-details/5f119b24c0f9679c
Peter Danesoe,66,68,8,4,24,135.0,3,0,19,0,0,0:00,0,24,0,1,0:05,0,1,http://www.ufcstats.com/fighter-details/5f119b24c0f9679c
Bogdan Grad,68,70,15,3,27,155.0,1,0,2,0,0,0:00,0,13,0,2,0:52,0,1,http://www.ufcstats.com/fighter-details/fb37795db81f93f3
Bogdan Grad,68,70,15,3,28,145.0,2,1,102,3,0,1:32,0,155,0,0,0:32,0,3,http://www.ufcstats.com/fighter-details/fb37795db81f93f3
Bogdan Grad,68,70,15,3,29,145.0,3,1,46,3,0,4:18,0,34,0,0,2:13,0,2,http://www.ufcstats.com/fighter-details/fb37795db81f93f3
Bogdan Grad,68,70,15,3,29,145.0,4,0,31,3,0,5:09,0,18,1,0,2:53,1,3,http://www.ufcstats.com/fighter-details/fb37795db81f93f3
Julian Erosa,73,74,31,13,33,145.0,1,0,10,0,0,0:00,0,16,0,1,0:05,0,1,http://www.ufcstats.com/fighter-details/902ec2cc48c8ae8a
Julian Erosa,73,74,31,13,33,145.0,2,0,15,0,0,0:00,0,20,0,1,0:02,0,1,http://www.ufcstats.com/fighter-details/902ec2cc48c8ae8a
Julian Erosa,73,74,31,13,34,145.0,3,1,4,0,0,0:00,1,7,2,0,1:27,0,1,http://www.ufcstats.com/fighter-details/902ec2cc48c8ae8a
Julian Erosa,73,74,31,13,34,145.0,4,1,35,1,0,0:41,1,33,0,0,0:19,0,1,http://www.ufcstats.com/fighter-details/902ec2cc48c8ae8a
Julian Erosa,73,74,31,13,35,145.0,5,1,54,0,0,0:48,0,13,1,0,0:48,0,1,http://www.ufcstats.com/fighter-details/902ec2cc48c8ae8a
Julian Erosa,73,74,31,13,35,145.0,6,0,69,3,0,3:34,0,102,2,0,0:23,1,3,http://www.ufcstats.com/fighter-details/902ec2cc48c8ae8a
Nurullo Aliev,70,72,10,0,21,155.0,1,1,30,1,0,4:00,0,3,0,0,0:00,0,1,http://www.ufcstats.com/fighter-details/ca28cdf526d6b6e9
Nurullo Aliev,70,72,10,0,22,155.0,2,1,19,3,0,10:51,0,6,0,0,1:18,2,3,http://www.ufcstats.com/fighter-details/ca28cdf526d6b6e9
Nurullo Aliev,70,72,10,0,24,155.0,3,1,35,2,0,8:13,0,28,1,0,0:36,1,3,http://www.ufcstats.com/fighter-details/ca28cdf526d6b6e9
Christian Leroy Duncan,74,79,11,2,27,185.0,1,1,9,0,0,0:38,0,4,0,0,0:00,0,1,http://www.ufcstats.com/fighter-details/a93f94c923c3a9cb
Christian Leroy Duncan,74,79,11,2,27,185.0,2,0,59,0,0,1:09,0,89,1,0,3:21,0,3,http://www.ufcstats.com/fighter-details/a93f94c923c3a9cb
Christian Leroy Duncan,74,79,11,2,28,185.0,3,1,65,0,1,4:51,0,30,0,0,0:00,0,2,http://www.ufcstats.com/fighter-details/a93f94c923c3a9cb
Christian Leroy Duncan,74,79,11,2,28,185.0,4,1,65,1,0,2:15,0,4,0,0,1:03,0,2,http://www.ufcstats.com/fighter-details/a93f94c923c3a9cb
Christian Leroy Duncan,74,79,11,2,29,185.0,5,0,29,0,0,1:45,0,45,4,0,8:20,0,3,http://www.ufcstats.com/fighter-details/a93f94c923c3a9cb
Christian Leroy Duncan,74,79,11,2,29,185.0,6,1,73,0,0,5:36,0,18,0,0,1:49,0,3,http://www.ufcstats.com/fighter-details/a93f94c923c3a9cb
Brad Tavares,73,74,21,11,34,185.0,1,0,82,0,0,2:01,0,113,0,0,1:18,0,3,http://www.ufcstats.com/fighter-details/0c6d9ea8306c029e
Brad Tavares,73,74,21,11,35,185.0,2,0,15,0,0,0:00,0,23,0,1,0:02,0,1,http://www.ufcstats.com/fighter-details/0c6d9ea8306c029e
Brad Tavares,73,74,21,11,35,185.0,3,1,70,0,0,0:00,0,37,0,0,1:21,0,3,http://www.ufcstats.com/fighter-details/0c6d9ea8306c029e
Brad Tavares,73,74,21,11,36,185.0,4,0,37,0,0,0:00,0,71,2,0,3:18,0,3,http://www.ufcstats.com/fighter-details/0c6d9ea8306c029e
Brad Tavares,73,74,21,11,36,185.0,5,0,65,0,0,0:42,0,99,2,0,6:32,0,3,http://www.ufcstats.com/fighter-details/0c6d9ea8306c029e
Brad Tavares,73,74,21,11,37,185.0,6,1,47,0,0,0:01,0,38,0,0,4:44,0,3,http://www.ufcstats.com/fighter-details/0c6d9ea8306c029e
Jamal Pogues,75,77,11,5,23,205.0,1,1,49,7,0,0:00,0,46,0,0,0:00,0,3,http://www.ufcstats.com/fighter-details/f41b9f5efc7162d6
Jamal Pogues,75,77,11,5,26,265.0,2,1,69,0,0,0:00,0,77,0,0,0:34,0,3,http://www.ufcstats.com/fighter-details/f41b9f5efc7162d6
Jamal Pogues,75,77,11,5,27,265.0,3,1,33,5,0,5:49,0,37,1,0,1:12,0,3,http://www.ufcstats.com/fighter-details/f41b9f5efc7162d6
Jamal Pogues,75,77,11,5,27,265.0,4,0,36,0,0,1:17,0,95,0,0,0:00,0,3,http://www.ufcstats.com/fighter-details/f41b9f5efc7162d6
Jamal Pogues,75,77,11,5,28,265.0,5,1,65,0,0,0:04,0,58,1,0,2:47,0,3,http://www.ufcstats.com/fighter-details/f41b9f5efc7162d6
Jamal Pogues,75,77,11,5,29,265.0,6,0,69,0,0,0:00,0,44,1,0,0:57,0,3,http://www.ufcstats.com/fighter-details/f41b9f5efc7162d6
Jeremy Stephens,69,71,28,20,32,145.0,1,0,20,0,0,0:00,0,29,0,1,0:24,0,1,http://www.ufcstats.com/fighter-details/18968f97ad34f15c
Jeremy Stephens,69,71,28,20,32,145.0,2,0,41,0,0,0:01,0,70,3,0,2:37,0,3,http://www.ufcstats.com/fighter-details/18968f97ad34f15c
Jeremy Stephens,69,71,28,20,33,145.0,3,0,50,3,0,5:34,0,96,0,0,3:10,0,3,http://www.ufcstats.com/fighter-details/18968f97ad34f15c
Jeremy Stephens,69,71,28,20,33,145.0,4,0,57,0,0,0:06,0,52,0,1,0:06,0,2,http://www.ufcstats.com/fighter-details/18968f97ad34f15c
Jeremy Stephens,69,71,28,20,35,155.0,5,0,0,0,0,0:03,0,1,1,0,0:46,1,1,http://www.ufcstats.com/fighter-details/18968f97ad34f15c
Jeremy Stephens,69,71,28,20,38,155.0,6,0,42,0,0,0:11,0,81,8,0,6:03,0,3,http://www.ufcstats.com/fighter-details/18968f97ad34f15c
Viacheslav Borshchev,71,69,8,5,30,155.0,1,0,12,0,0,0:35,0,17,11,0,12:24,0,3,http://www.ufcstats.com/fighter-details/19c591115a58982c
Viacheslav Borshchev,71,69,8,5,30,155.0,2,0,63,0,0,0:14,0,65,9,0,8:02,1,3,http://www.ufcstats.com/fighter-details/19c591115a58982c
Viacheslav Borshchev,71,69,8,5,31,155.0,3,1,85,0,3,0:09,0,32,0,0,0:00,0,2,http://www.ufcstats.com/fighter-details/19c591115a58982c
Viacheslav Borshchev,71,69,8,5,32,155.0,4,0,2,0,0,0:01,0,62,1,1,6:03,2,2,http://www.ufcstats.com/fighter-details/19c591115a58982c
Viacheslav Borshchev,71,69,8,5,32,155.0,5,1,96,0,0,0:03,0,93,0,0,0:05,0,3,http://www.ufcstats.com/fighter-details/19c591115a58982c
Viacheslav Borshchev,71,69,8,5,33,155.0,6,0,66,0,0,3:11,1,69,1,0,2:01,3,3,http://www.ufcstats.com/fighter-details/19c591115a58982c
Tresean Gore,72,75,6,3,27,185.0,1,0,57,2,0,1:16,1,112,1,0,3:20,0,3,http://www.ufcstats.com/fighter-details/147e70aa6cc48cfc
Tresean Gore,72,75,6,3,28,185.0,2,0,8,0,0,0:00,0,15,1,1,1:18,0,1,http://www.ufcstats.com/fighter-details/147e70aa6cc48cfc
Tresean Gore,72,75,6,3,28,185.0,3,1,10,3,0,2:46,1,24,0,0,0:39,0,2,http://www.ufcstats.com/fighter-details/147e70aa6cc48cfc
Tresean Gore,72,75,6,3,30,185.0,4,1,3,1,0,0:45,1,2,0,0,0:13,0,1,http://www.ufcstats.com/fighter-details/147e70aa6cc48cfc
Tresean Gore,72,75,6,3,30,185.0,5,0,17,0,0,0:06,0,127,0,2,0:43,0,2,http://www.ufcstats.com/fighter-details/147e70aa6cc48cfc
Mick Parkin,76,79,10,1,26,265.0,1,1,7,2,0,0:50,1,16,2,0,0:18,0,1,http://www.ufcstats.com/fighter-details/0d5cc0170c1a7e71
Mick Parkin,76,79,10,1,27,265.0,2,1,95,0,0,0:00,0,36,0,0,1:17,0,3,http://www.ufcstats.com/fighter-details/0d5cc0170c1a7e71
Mick Parkin,76,79,10,1,28,265.0,3,1,39,3,0,6:23,0,76,0,0,0:20,0,3,http://www.ufcstats.com/fighter-details/0d5cc0170c1a7e71
Mick Parkin,76,79,10,1,28,265.0,4,1,72,0,0,0:00,0,57,0,0,0:00,0,3,http://www.ufcstats.com/fighter-details/0d5cc0170c1a7e71
Mick Parkin,76,79,10,1,28,265.0,5,1,34,0,1,0:02,0,24,0,0,0:00,0,1,http://www.ufcstats.com/fighter-details/0d5cc0170c1a7e71
Mick Parkin,76,79,10,1,29,265.0,6,0,60,1,0,3:43,0,61,1,0,1:01,0,3,http://www.ufcstats.com/fighter-details/0d5cc0170c1a7e71
Mason Jones,70,74,16,2,25,155.0,1,0,117,1,0,0:51,0,108,3,0,0:50,0,3,http://www.ufcstats.com/fighter-details/f6ad6a1e4d600e0d
Mason Jones,70,74,16,2,26,155.0,2,1,87,8,0,9:01,0,90,0,0,0:11,0,3,http://www.ufcstats.com/fighter-details/f6ad6a1e4d600e0d
Mason Jones,70,74,16,2,27,155.0,3,0,43,0,0,2:17,0,50,0,1,6:41,0,3,http://www.ufcstats.com/fighter-details/f6ad6a1e4d600e0d
Mason Jones,70,74,16,2,30,155.0,4,1,81,8,0,6:03,0,42,0,0,0:11,0,3,http://www.ufcstats.com/fighter-details/f6ad6a1e4d600e0d
Morgan Charriere,68,69,20,11,27,145.0,1,1,26,0,1,0:03,0,9,0,0,0:00,0,1,http://www.ufcstats.com/fighter-details/5b03b61f9d90125e
Morgan Charriere,68,69,20,11,28,145.0,2,0,49,2,0,3:42,1,71,1,0,3:38,0,3,http://www.ufcstats.com/fighter-details/5b03b61f9d90125e
Morgan Charriere,68,69,20,11,28,145.0,3,1,19,2,1,2:12,0,11,1,0,1:07,0,2,http://www.ufcstats.com/fighter-details/5b03b61f9d90125e
Morgan Charriere,68,69,20,11,29,145.0,4,0,42,1,0,3:24,0,72,0,1,1:00,1,3,http://www.ufcstats.com/fighter-details/5b03b61f9d90125e
Chris Duncan,70,71,13,2,29,155.0,1,1,15,0,1,0:02,0,16,0,0,0:03,0,1,http://www.ufcstats.com/fighter-details/fd406a32a6fb3a29
Chris Duncan,70,71,13,2,29,155.0,2,1,53,5,0,6:31,0,47,0,0,0:02,0,3,http://www.ufcstats.com/fighter-details/fd406a32a6fb3a29
Chris Duncan,70,71,13,2,30,155.0,3,1,85,2,0,0:48,0,35,0,0,0:00,0,3,http://www.ufcstats.com/fighter-details/fd406a32a6fb3a29
Chris Duncan,70,71,13,2,30,155.0,4,0,1,1,0,0:40,0,3,2,0,0:42,1,1,http://www.ufcstats.com/fighter-details/fd406a32a6fb3a29
Chris Duncan,70,71,13,2,31,155.0,5,1,10,0,0,0:00,1,28,2,0,1:11,0,1,http://www.ufcstats.com/fighter-details/fd406a32a6fb3a29
Chris Duncan,70,71,13,2,31,155.0,6,1,15,4,1,5:37,1,16,1,0,0:12,0,2,http://www.ufcstats.com/fighter-details/fd406a32a6fb3a29
Cortavious Romious,64,68,9,4,29,135.0,1,0,7,0,0,0:00,0,10,0,1,0:02,0,1,http://www.ufcstats.com/fighter-details/8173f134396cb971
Cortavious Romious,64,68,9,4,30,135.0,2,1,40,0,1,5:12,2,29,1,0,2:32,1,3,http://www.ufcstats.com/fighter-details/8173f134396cb971
Cortavious Romious,64,68,9,4,30,135.0,3,0,17,4,0,6:13,0,53,2,0,4:29,0,3,http://www.ufcstats.com/fighter-details/8173f134396cb971
Cortavious Romious,64,68,9,4,31,135.0,4,0,11,2,0,2:08,0,44,2,0,5:38,1,2,http://www.ufcstats.com/fighter-details/8173f134396cb971
Anshul Jubli,72,69,7,2,27,155.0,1,1,97,0,1,0:00,0,100,4,0,0:35,0,3,http://www.ufcstats.com/fighter-details/a72a2a769fa5a2be
Anshul Jubli,72,69,7,2,28,155.0,2,1,38,2,0,7:07,1,14,0,0,0:09,0,2,http://www.ufcstats.com/fighter-details/a72a2a769fa5a2be
Anshul Jubli,72,69,7,2,28,155.0,3,0,103,0,0,0:05,0,92,0,1,0:04,0,3,http://www.ufcstats.com/fighter-details/a72a2a769fa5a2be
Anshul Jubli,72,69,7,2,30,155.0,4,0,0,0,0,0:00,0,6,0,1,0:01,0,1,http://www.ufcstats.com/fighter-details/a72a2a769fa5a2be
Yanal Ashmouz,69,69,8,2,27,155.0,1,1,15,1,0,0:07,0,2,0,0,0:00,0,1,http://www.ufcstats.com/fighter-details/c739c2995a275314
Yanal Ashmouz,69,69,8,2,28,155.0,2,0,35,0,0,0:00,0,85,2,0,0:48,0,3,http://www.ufcstats.com/fighter-details/c739c2995a275314
Yanal Ashmouz,69,69,8,2,29,155.0,3,1,42,9,0,8:16,0,55,0,0,0:30,0,3,http://www.ufcstats.com/fighter-details/c739c2995a275314
Yanal Ashmouz,69,69,8,2,30,155.0,4,0,41,0,0,2:08,0,79,8,0,7:35,0,3,http://www.ufcstats.com/fighter-details/c739c2995a275314
Ion Cutelaba,73,75,19,11,28,205.0,1,0,9,2,0,3:32,0,24,0,1,1:14,0,2,http://www.ufcstats.com/fighter-details/cd13728ae1151f46
Ion Cutelaba,73,75,19,11,29,205.0,2,1,30,1,0,0:17,0,5,0,0,0:00,0,1,http://www.ufcstats.com/fighter-details/cd13728ae1151f46
Ion Cutelaba,73,75,19,11,30,205.0,3,0,47,0,0,0:16,0,67,2,0,5:34,0,3,http://www.ufcstats.com/fighter-details/cd13728ae1151f46
Ion Cutelaba,73,75,19,11,30,205.0,4,1,45,3,0,1:59,0,39,1,0,5:19,0,3,http://www.ufcstats.com/fighter-details/cd13728ae1151f46
Ion Cutelaba,73,75,19,11,31,205.0,5,1,14,2,0,1:06,1,15,0,0,0:00,0,1,http://www.ufcstats.com/fighter-details/cd13728ae1151f46
Ion Cutelaba,73,75,19,11,31,205.0,6,0,58,0,0,2:21,0,44,0,0,1:26,0,3,http://www.ufcstats.com/fighter-details/cd13728ae1151f46
Melquizael Costa,70,71,24,7,26,145.0,1,1,100,3,0,2:44,1,39,0,0,0:00,0,3,http://www.ufcstats.com/fighter-details/20bccc9bb4ceb23e
Melquizael Costa,70,71,24,7,27,155.0,2,0,6,2,0,4:41,0,29,0,1,0:46,1,2,http://www.ufcstats.com/fighter-details/20bccc9bb4ceb23e
Melquizael Costa,70,71,24,7,27,145.0,3,1,16,2,0,3:00,2,6,4,0,6:26,1,3,http://www.ufcstats.com/fighter-details/20bccc9bb4ceb23e
Melquizael Costa,70,71,24,7,28,145.0,4,1,27,0,0,0:00,1,7,1,0,0:24,0,1,http://www.ufcstats.com/fighter-details/20bccc9bb4ceb23e
Melquizael Costa,70,71,24,7,28,145.0,5,1,65,1,0,4:53,1,64,6,0,6:48,1,3,http://www.ufcstats.com/fighter-details/20bccc9bb4ceb23e
Melquizael Costa,70,71,24,7,28,145.0,6,1,102,2,0,0:23,1,69,3,0,3:34,0,3,http://www.ufcstats.com/fighter-details/20bccc9bb4ceb23e
Nursulton Ruziboev,77,76,36,9,29,185.0,1,1,6,1,0,0:01,0,3,0,0,0:00,0,1,http://www.ufcstats.com/fighter-details/49d2a08964c5eb11
Nursulton Ruziboev,77,76,36,9,30,185.0,2,1,12,0,1,0:04,0,1,0,0,0:00,0,1,http://www.ufcstats.com/fighter-details/49d2a08964c5eb11
Nursulton Ruziboev,77,76,36,9,30,170.0,3,0,31,0,0,0:34,0,86,4,1,5:30,0,3,http://www.ufcstats.com/fighter-details/49d2a08964c5eb11
Nursulton Ruziboev,77,76,36,9,31,185.0,4,1,20,0,2,0:36,0,5,0,0,0:00,0,2,http://www.ufcstats.com/fighter-details/49d2a08964c5eb11
Nursulton Ruziboev,77,76,36,9,31,185.0,5,1,35,1,0,3:21,0,21,2,0,5:11,2,3,http://www.ufcstats.com/fighter-details/49d2a08964c5eb11
Santiago Ponzinibbio,72,73,31,9,35,170.0,1,0,105,1,0,0:18,0,110,0,0,0:01,0,3,http://www.ufcstats.com/fighter-details/6d1bffff14897645
Santiago Ponzinibbio,72,73,31,9,36,170.0,2,1,66,0,1,0:01,0,38,0,1,0:08,0,3,http://www.ufcstats.com/fighter-details/6d1bffff14897645
Santiago Ponzinibbio,72,73,31,9,36,170.0,3,0,44,0,0,0:07,0,66,0,1,0:03,0,3,http://www.ufcstats.com/fighter-details/6d1bffff14897645
Santiago Ponzinibbio,72,73,31,9,37,170.0,4,0,41,2,0,2:29,0,46,0,0,0:00,0,3,http://www.ufcstats.com/fighter-details/6d1bffff14897645
Santiago Ponzinibbio,72,73,31,9,38,170.0,5,1,76,0,1,0:38,0,73,0,1,0:17,0,3,http://www.ufcstats.com/fighter-details/6d1bffff14897645
Santiago Ponzinibbio,72,73,31,9,38,170.0,6,0,49,1,0,0:44,0,66,0,1,0:08,0,3,http://www.ufcstats.com/fighter-details/6d1bffff14897645
Christian Rodriguez,67,71,12,3,25,135.0,1,1,29,1,0,7:30,0,2,3,0,4:50,1,3,http://www.ufcstats.com/fighter-details/5ec591b78349ba7e
Christian Rodriguez,67,71,12,3,25,135.0,2,1,83,3,0,3:12,2,73,0,0,1:26,1,3,http://www.ufcstats.com/fighter-details/5ec591b78349ba7e
Christian Rodriguez,67,71,12,3,26,145.0,3,1,48,0,0,3:19,0,22,7,0,9:22,2,3,http://www.ufcstats.com/fighter-details/5ec591b78349ba7e
Christian Rodriguez,67,71,12,3,26,145.0,4,0,33,0,0,0:19,0,35,1,0,0:41,1,1,http://www.ufcstats.com/fighter-details/5ec591b78349ba7e
Christian Rodriguez,67,71,12,3,27,145.0,5,1,44,2,0,3:20,2,23,3,0,5:41,0,3,http://www.ufcstats.com/fighter-details/5ec591b78349ba7e
Christian Rodriguez,67,71,12,3,27,145.0,6,0,64,6,0,6:48,1,65,1,0,4:53,1,3,http://www.ufcstats.com/fighter-details/5ec591b78349ba7e
Modestas Bukauskas,75,78,18,6,29,205.0,1,1,44,0,0,0:57,0,45,2,0,3:01,0,3,http://www.ufcstats.com/fighter-details/476fe566d2df676e
Modestas Bukauskas,75,78,18,6,29,205.0,2,1,56,0,0,1:20,0,67,1,0,2:17,0,3,http://www.ufcstats.com/fighter-details/476fe566d2df676e
Modestas Bukauskas,75,78,18,6,29,205.0,3,0,9,0,0,0:00,0,8,1,1,2:19,0,2,http://www.ufcstats.com/fighter-details/476fe566d2df676e
Modestas Bukauskas,75,78,18,6,30,205.0,4,1,38,2,0,5:31,1,70,0,0,0:09,0,3,http://www.ufcstats.com/fighter-details/476fe566d2df676e
Modestas Bukauskas,75,78,18,6,31,205.0,5,1,16,0,1,0:02,0,9,0,0,0:00,0,1,http://www.ufcstats.com/fighter-details/476fe566d2df676e
Modestas Bukauskas,75,78,18,6,31,205.0,6,1,44,0,0,1:26,0,58,0,0,2:21,0,3,http://www.ufcstats.com/fighter-details/476fe566d2df676e
Kevin Holland,75,81,28,13,31,170.0,1,0,29,2,0,4:22,1,41,0,0,1:26,0,3,http://www.ufcstats.com/fighter-details/3a46b268013afede
Kevin Holland,75,81,28,13,31,185.0,2,1,8,0,0,0:16,1,8,0,0,0:31,0,1,http://www.ufcstats.com/fighter-details/3a46b268013afede
Kevin Holland,75,81,28,13,31,185.0,3,0,18,0,0,0:00,0,19,1,0,2:50,0,1,http://www.ufcstats.com/fighter-details/3a46b268013afede
Kevin Holland,75,81,28,13,32,185.0,4,0,11,0,0,0:00,0,12,2,0,3:25,1,1,http://www.ufcstats.com/fighter-details/3a46b268013afede
Kevin Holland,75,81,28,13,32,170.0,5,1,55,0,1,1:04,0,15,3,0,9:29,1,3,http://www.ufcstats.com/fighter-details/3a46b268013afede
Kevin Holland,75,81,28,13,32,170.0,6,1,40,1,0,0:13,1,24,0,0,0:00,0,2,http://www.ufcstats.com/fighter-details/3a46b268013afede
Dusko Todorovic,73,74,12,6,27,185.0,1,1,30,1,0,2:46,0,13,0,0,0:00,1,1,http://www.ufcstats.com/fighter-details/866fd7b1a6c90e7f
Dusko Todorovic,73,74,12,6,28,185.0,2,0,5,2,0,3:13,0,14,0,1,0:50,1,1,http://www.ufcstats.com/fighter-details/866fd7b1a6c90e7f
Dusko Todorovic,73,74,12,6,28,185.0,3,1,61,0,0,1:11,0,25,3,0,5:03,1,2,http://www.ufcstats.com/fighter-details/866fd7b1a6c90e7f
Dusko Todorovic,73,74,12,6,28,185.0,4,0,4,0,0,0:00,0,9,0,0,0:38,0,1,http://www.ufcstats.com/fighter-details/866fd7b1a6c90e7f
Dusko Todorovic,73,74,12,6,30,185.0,5,0,3,0,0,0:03,0,29,0,1,1:27,0,1,http://www.ufcstats.com/fighter-details/866fd7b1a6c90e7f
Dusko Todorovic,73,74,12,6,31,185.0,6,0,35,4,0,5:30,1,50,2,0,1:19,0,3,http://www.ufcstats.com/fighter-details/866fd7b1a6c90e7f
Thiago Moises,69,70,19,9,27,155.0,1,1,22,4,0,5:31,1,23,0,0,0:02,0,2,http://www.ufcstats.com/fighter-details/d945aae53e3e54e6
Thiago Moises,69,70,19,9,28,155.0,2,0,24,1,0,0:14,1,101,5,0,5:20,0,2,http://www.ufcstats.com/fighter-details/d945aae53e3e54e6
Thiago Moises,69,70,19,9,28,155.0,3,1,25,2,1,6:36,1,16,0,0,0:21,0,3,http://www.ufcstats.com/fighter-details/d945aae53e3e54e6
Thiago Moises,69,70,19,9,29,155.0,4,0,24,0,0,1:09,1,56,1,2,3:08,0,3,http://www.ufcstats.com/fighter-details/d945aae53e3e54e6
Thiago Moises,69,70,19,9,29,155.0,5,1,55,0,0,7:30,0,59,1,0,0:11,0,3,http://www.ufcstats.com/fighter-details/d945aae53e3e54e6
Thiago Moises,69,70,19,9,30,155.0,6,0,5,0,0,0:00,0,7,1,1,2:36,0,1,http://www.ufcstats.com/fighter-details/d945aae53e3e54e6
Merab Dvalishvili,66,68,20,4,31,135.0,1,1,57,0,0,5:06,0,38,0,0,0:00,0,3,http://www.ufcstats.com/fighter-details/c03520b5c88ed6b4
Merab Dvalishvili,66,68,20,4,32,135.0,2,1,147,11,0,6:53,0,75,1,0,1:50,0,5,http://www.ufcstats.com/fighter-details/c03520b5c88ed6b4
Merab Dvalishvili,66,68,20,4,33,135.0,3,1,74,5,0,4:23,1,29,1,0,2:05,0,3,http://www.ufcstats.com/fighter-details/c03520b5c88ed6b4
Merab Dvalishvili,66,68,20,4,33,135.0,4,1,82,6,0,10:03,0,47,0,0,0:00,0,5,http://www.ufcstats.com/fighter-details/c03520b5c88ed6b4
Merab Dvalishvili,66,68,20,4,34,135.0,5,1,111,7,0,2:22,0,104,2,0,1:37,0,5,http://www.ufcstats.com/fighter-details/c03520b5c88ed6b4
Merab Dvalishvili,66,68,20,4,34,135.0,6,1,52,5,0,6:29,1,31,0,0,0:00,0,3,http://www.ufcstats.com/fighter-details/c03520b5c88ed6b4
Serghei Spivac,75,78,17,6,27,265.0,1,1,33,6,0,6:37,1,8,0,0,0:23,0,2,http://www.ufcstats.com/fighter-details/e2f6b2769aaedd6c
Serghei Spivac,75,78,17,6,28,265.0,2,1,12,6,0,2:32,1,0,0,0,0:00,0,1,http://www.ufcstats.com/fighter-details/e2f6b2769aaedd6c
Serghei Spivac,75,78,17,6,28,265.0,3,0,11,0,0,0:02,0,109,0,0,0:09,0,2,http://www.ufcstats.com/fighter-details/e2f6b2769aaedd6c
Serghei Spivac,75,78,17,6,29,265.0,4,1,3,1,0,0:34,1,0,0,0,0:43,0,1,http://www.ufcstats.com/fighter-details/e2f6b2769aaedd6c
Serghei Spivac,75,78,17,6,29,265.0,5,0,15,1,0,2:08,0,23,1,0,1:48,0,1,http://www.ufcstats.com/fighter-details/e2f6b2769aaedd6c
Serghei Spivac,75,78,17,6,30,265.0,6,0,48,2,0,2:25,0,110,0,0,0:00,0,3,http://www.ufcstats.com/fighter-details/e2f6b2769aaedd6c
Reinier de Ridder,76,78,20,2,34,185.0,1,1,38,5,1,3:29,1,30,0,0,2:53,0,3,http://www.ufcstats.com/fighter-details/d549cefc7c54ab78
Reinier de Ridder,76,78,20,2,34,185.0,2,1,12,2,0,3:25,1,11,0,0,0:00,0,1,http://www.ufcstats.com/fighter-details/d549cefc7c54ab78
Reinier de Ridder,76,78,20,2,34,185.0,3,1,22,0,1,2:09,0,8,1,0,2:24,0,2,http://www.ufcstats.com/fighter-details/d549cefc7c54ab78
Zachary Reese,76,77,9,2,29,185.0,1,1,8,0,0,0:00,1,11,1,0,0:24,0,1,http://www.ufcstats.com/fighter-details/23dec7c47cb418f8
Zachary Reese,76,77,9,2,29,185.0,2,0,4,0,0,0:00,1,9,1,0,1:25,0,1,http://www.ufcstats.com/fighter-details/23dec7c47cb418f8
Zachary Reese,76,77,9,2,30,185.0,3,1,6,0,1,0:03,0,1,0,0,0:00,0,1,http://www.ufcstats.com/fighter-details/23dec7c47cb418f8
Zachary Reese,76,77,9,2,30,185.0,4,1,75,5,0,5:57,1,32,1,0,1:12,0,3,http://www.ufcstats.com/fighter-details/23dec7c47cb418f8
Zachary Reese,76,77,9,2,30,185.0,5,0,13,0,0,0:00,0,21,1,0,2:14,0,1,http://www.ufcstats.com/fighter-details/23dec7c47cb418f8
Zachary Reese,76,77,9,2,31,185.0,6,1,50,2,0,1:19,0,35,4,0,5:30,1,3,http://www.ufcstats.com/fighter-details/23dec7c47cb418f8
Khaos Williams,72,77,15,5,27,170.0,1,1,49,0,1,0:48,0,31,0,0,0:00,5,3,http://www.ufcstats.com/fighter-details/2558ae2e5671e318
Khaos Williams,72,77,15,5,28,170.0,2,0,75,0,1,4:09,0,93,0,0,0:11,0,3,http://www.ufcstats.com/fighter-details/2558ae2e5671e318
Khaos Williams,72,77,15,5,29,170.0,3,1,130,0,0,1:13,0,149,0,0,0:07,0,3,http://www.ufcstats.com/fighter-details/2558ae2e5671e318
Khaos Williams,72,77,15,5,30,170.0,4,1,12,0,1,0:01,0,14,0,0,0:00,0,1,http://www.ufcstats.com/fighter-details/2558ae2e5671e318
Khaos Williams,72,77,15,5,30,170.0,5,0,20,0,0,0:23,0,35,4,0,1:42,2,2,http://www.ufcstats.com/fighter-details/2558ae2e5671e318
Khaos Williams,72,77,15,5,31,170.0,6,0,39,0,0,2:17,0,98,8,0,9:34,0,3,http://www.ufcstats.com/fighter-details/2558ae2e5671e318
Jean Silva,67,69,16,2,26,145.0,1,1,87,1,0,0:09,0,71,0,0,0:11,0,3,http://www.ufcstats.com/fighter-details/52ef95b5860fb28c
Jean Silva,67,69,16,2,27,145.0,2,1,25,1,1,0:08,0,11,0,0,0:04,0,1,http://www.ufcstats.com/fighter-details/52ef95b5860fb28c
Jean Silva,67,69,16,2,27,145.0,3,1,34,0,2,0:09,0,23,3,0,1:17,0,2,http://www.ufcstats.com/fighter-details/52ef95b5860fb28c
Jean Silva,67,69,16,2,27,155.0,4,1,53,0,0,0:00,0,59,0,0,0:30,0,3,http://www.ufcstats.com/fighter-details/52ef95b5860fb28c
Jean Silva,67,69,16,2,28,145.0,5,1,18,0,1,0:06,0,7,0,0,0:00,0,1,http://www.ufcstats.com/fighter-details/52ef95b5860fb28c
Jean Silva,67,69,16,2,28,145.0,6,1,27,0,1,0:19,3,36,1,0,1:43,0,2,http://www.ufcstats.com/fighter-details/52ef95b5860fb28c
JeongYeong Lee,70,73,11,3,26,145.0,1,1,9,0,0,0:00,1,2,1,0,0:20,0,1,http://www.ufcstats.com/fighter-details/d008d785f6347dc2
JeongYeong Lee,70,73,11,3,26,145.0,2,1,5,0,1,0:02,0,4,0,0,0:00,0,1,http://www.ufcstats.com/fighter-details/d008d785f6347dc2
JeongYeong Lee,70,73,11,3,27,145.0,3,1,25,0,0,0:50,0,24,5,0,8:19,0,3,http://www.ufcstats.com/fighter-details/d008d785f6347dc2
JeongYeong Lee,70,73,11,3,28,145.0,4,1,49,2,0,4:29,0,19,0,0,5:18,0,3,http://www.ufcstats.com/fighter-details/d008d785f6347dc2
JeongYeong Lee,70,73,11,3,28,145.0,5,0,4,0,0,0:04,0,42,0,0,0:00,0,1,http://www.ufcstats.com/fighter-details/d008d785f6347dc2
JeongYeong Lee,70,73,11,3,29,145.0,6,0,68,0,0,0:00,0,90,6,0,6:06,0,3,http://www.ufcstats.com/fighter-details/d008d785f6347dc2
Azamat Bekoev,72,72,20,3,29,185.0,1,1,21,1,0,2:14,0,13,0,0,0:00,0,1,http://www.ufcstats.com/fighter-details/3bc3f60b21cddc6a
Azamat Bekoev,72,72,20,3,29,185.0,2,1,23,0,2,1:04,0,13,0,0,0:13,0,1,http://www.ufcstats.com/fighter-details/3bc3f60b21cddc6a
Marco Tulio,72,74,14,1,29,185.0,1,1,48,2,0,6:18,1,33,0,0,1:25,0,3,http://www.ufcstats.com/fighter-details/9384e71bca6c409d
Marco Tulio,72,74,14,1,30,185.0,2,1,52,0,2,1:20,0,30,0,0,0:02,0,2,http://www.ufcstats.com/fighter-details/9384e71bca6c409d
Marco Tulio,72,74,14,1,30,185.0,3,1,29,0,1,0:26,0,6,0,0,0:00,0,1,http://www.ufcstats.com/fighter-details/9384e71bca6c409d
Marco Tulio,72,74,14,1,30,185.0,4,1,127,0,2,0:43,0,17,0,0,0:06,0,2,http://www.ufcstats.com/fighter-details/9384e71bca6c409d
Vince Morales,67,70,16,10,31,135.0,1,1,27,0,1,0:00,0,23,0,0,0:00,0,1,http://www.ufcstats.com/fighter-details/37098a6e6c27fb66
Vince Morales,67,70,16,10,31,135.0,2,0,51,0,0,0:14,0,88,2,0,0:41,0,3,http://www.ufcstats.com/fighter-details/37098a6e6c27fb66
Vince Morales,67,70,16,10,32,135.0,3,0,39,0,0,0:05,0,38,1,0,2:08,0,3,http://www.ufcstats.com/fighter-details/37098a6e6c27fb66
Vince Morales,67,70,16,10,33,135.0,4,0,39,2,0,3:02,0,94,0,0,0:10,0,3,http://www.ufcstats.com/fighter-details/37098a6e6c27fb66
Vince Morales,67,70,16,10,34,135.0,5,0,40,2,0,3:07,3,40,3,0,2:53,1,3,http://www.ufcstats.com/fighter-details/37098a6e6c27fb66
Vince Morales,67,70,16,10,34,135.0,6,0,17,1,0,2:14,2,20,4,0,9:38,0,3,http://www.ufcstats.com/fighter-details/37098a6e6c27fb66
Bruno Lopes,74,74,14,2,30,205.0,1,0,20,0,0,0:15,0,32,0,1,0:04,0,1,http://www.ufcstats.com/fighter-details/0abcf6bc47191219
Bruno Lopes,74,74,14,2,31,205.0,2,1,28,0,0,0:23,0,21,0,1,0:43,0,2,http://www.ufcstats.com/fighter-details/0abcf6bc47191219
Bruno Lopes,74,74,14,2,31,205.0,3,1,33,5,0,9:19,0,31,0,0,0:14,0,3,http://www.ufcstats.com/fighter-details/0abcf6bc47191219
Bruno Lopes,74,74,14,2,32,205.0,4,0,3,0,0,0:00,0,17,0,1,0:30,0,1,http://www.ufcstats.com/fighter-details/0abcf6bc47191219
Chris Padilla,69,74,16,6,28,155.0,1,1,12,3,0,1:20,1,19,0,0,0:00,0,1,http://www.ufcstats.com/fighter-details/06626b6287e1ae1e
Chris Padilla,69,74,16,6,28,155.0,2,1,68,0,0,0:00,0,49,0,0,0:12,0,2,http://www.ufcstats.com/fighter-details/06626b6287e1ae1e
Chris Padilla,69,74,16,6,29,155.0,3,1,39,0,0,3:41,0,38,0,0,0:01,0,3,http://www.ufcstats.com/fighter-details/06626b6287e1ae1e
Sangwook Kim,72,71,12,3,29,155.0,1,1,7,0,0,0:09,1,12,1,0,0:32,0,1,http://www.ufcstats.com/fighter-details/a264d4e9a4d6bfe4
Sangwook Kim,72,71,12,3,29,155.0,2,0,94,2,0,2:29,0,132,0,1,0:04,0,3,http://www.ufcstats.com/fighter-details/a264d4e9a4d6bfe4
Sangwook Kim,72,71,12,3,31,155.0,3,1,40,0,0,2:41,0,15,3,0,3:42,0,2,http://www.ufcstats.com/fighter-details/a264d4e9a4d6bfe4
Connor Matthews,68,71,7,4,30,145.0,1,0,74,0,0,0:07,1,110,6,0,5:49,0,3,http://www.ufcstats.com/fighter-details/36e78278a77006d4
Connor Matthews,68,71,7,4,31,145.0,2,1,80,7,0,4:41,1,57,0,0,0:18,0,3,http://www.ufcstats.com/fighter-details/36e78278a77006d4
Connor Matthews,68,71,7,4,31,145.0,3,0,60,1,0,0:40,0,83,0,1,0:07,0,3,http://www.ufcstats.com/fighter-details/36e78278a77006d4
Connor Matthews,68,71,7,4,32,145.0,4,0,6,2,0,0:47,0,21,0,1,0:08,0,1,http://www.ufcstats.com/fighter-details/36e78278a77006d4
Connor Matthews,68,71,7,4,32,145.0,5,0,3,0,0,0:00,0,9,1,0,1:21,1,1,http://www.ufcstats.com/fighter-details/36e78278a77006d4
Mairon Santos,67,72,17,1,24,145.0,1,1,31,0,1,0:02,0,12,0,0,1:33,0,2,http://www.ufcstats.com/fighter-details/480779d7f9a424d3
Mairon Santos,67,72,17,1,24,145.0,2,1,58,0,0,0:02,0,39,3,0,2:35,0,3,http://www.ufcstats.com/fighter-details/480779d7f9a424d3
Mairon Santos,67,72,17,1,24,155.0,3,1,40,0,0,1:57,0,36,1,0,2:02,0,3,http://www.ufcstats.com/fighter-details/480779d7f9a424d3
Joshua Van,65,65,14,2,22,125.0,1,1,83,1,1,1:14,0,50,2,0,2:02,0,2,http://www.ufcstats.com/fighter-details/17e97649403ba428
Joshua Van,65,65,14,2,22,125.0,2,0,67,1,0,0:15,0,88,0,1,0:34,0,3,http://www.ufcstats.com/fighter-details/17e97649403ba428
Joshua Van,65,65,14,2,22,125.0,3,1,118,3,0,4:26,0,79,0,0,0:27,1,3,http://www.ufcstats.com/fighter-details/17e97649403ba428
Joshua Van,65,65,14,2,23,125.0,4,1,165,0,0,0:20,0,70,2,0,3:14,0,3,http://www.ufcstats.com/fighter-details/17e97649403ba428
Joshua Van,65,65,14,2,23,125.0,5,1,59,0,0,0:50,0,32,4,0,3:49,0,3,http://www.ufcstats.com/fighter-details/17e97649403ba428
Joshua Van,65,65,14,2,23,125.0,6,1,125,0,3,1:01,0,76,1,0,0:09,0,3,http://www.ufcstats.com/fighter-details/17e97649403ba428
Waldo Cortes-Acosta,76,78,14,1,31,265.0,1,0,82,0,0,0:34,0,59,3,0,5:01,0,3,http://www.ufcstats.com/fighter-details/fc08099550072fe4
Waldo Cortes-Acosta,76,78,14,1,31,265.0,2,1,15,0,1,0:01,0,14,0,0,0:00,0,1,http://www.ufcstats.com/fighter-details/fc08099550072fe4
Waldo Cortes-Acosta,76,78,14,1,32,265.0,3,1,49,0,0,0:00,0,58,0,0,0:00,0,3,http://www.ufcstats.com/fighter-details/fc08099550072fe4
Waldo Cortes-Acosta,76,78,14,1,32,265.0,4,1,52,3,0,9:49,1,26,0,0,0:19,0,3,http://www.ufcstats.com/fighter-details/fc08099550072fe4
Waldo Cortes-Acosta,76,78,14,1,33,265.0,5,1,66,0,1,0:57,0,23,0,0,0:05,0,2,http://www.ufcstats.com/fighter-details/fc08099550072fe4
Waldo Cortes-Acosta,76,78,14,1,33,265.0,6,1,110,0,0,0:00,0,48,2,0,2:25,0,3,http://www.ufcstats.com/fighter-details/fc08099550072fe4
Kurt Holobaugh,71,70,22,10,32,155.0,1,0,39,2,0,3:13,0,66,4,0,7:51,1,3,http://www.ufcstats.com/fighter-details/a7151778b3381036
Kurt Holobaugh,71,70,22,10,36,155.0,2,1,61,0,0,1:08,2,44,2,0,2:23,0,2,http://www.ufcstats.com/fighter-details/a7151778b3381036
Kurt Holobaugh,71,70,22,10,37,155.0,3,0,29,0,0,0:10,0,35,3,0,11:09,0,3,http://www.ufcstats.com/fighter-details/a7151778b3381036
Kurt Holobaugh,71,70,22,10,37,155.0,4,1,92,1,0,5:21,0,89,3,0,2:47,2,3,http://www.ufcstats.com/fighter-details/a7151778b3381036
Kurt Holobaugh,71,70,22,10,38,155.0,5,0,71,0,0,0:32,1,59,4,0,6:39,0,3,http://www.ufcstats.com/fighter-details/a7151778b3381036
Kurt Holobaugh,71,70,22,10,38,155.0,6,0,0,0,0,0:00,0,1,3,0,1:27,1,1,http://www.ufcstats.com/fighter-details/a7151778b3381036
Brendson Ribeiro,75,81,17,8,26,205.0,1,1,32,0,1,0:04,0,20,0,0,0:15,0,1,http://www.ufcstats.com/fighter-details/49edd0d90f60fb7d
Brendson Ribeiro,75,81,17,8,27,205.0,2,0,14,0,0,0:00,0,17,0,1,0:02,0,1,http://www.ufcstats.com/fighter-details/49edd0d90f60fb7d
Brendson Ribeiro,75,81,17,8,27,205.0,3,0,17,3,0,1:56,1,26,5,0,9:59,0,3,http://www.ufcstats.com/fighter-details/49edd0d90f60fb7d
Brendson Ribeiro,75,81,17,8,28,205.0,4,1,49,0,0,0:00,0,76,0,0,0:02,0,3,http://www.ufcstats.com/fighter-details/49edd0d90f60fb7d
Brendson Ribeiro,75,81,17,8,28,205.0,5,1,28,0,1,0:14,1,17,2,0,0:49,0,2,http://www.ufcstats.com/fighter-details/49edd0d90f60fb7d
Brendson Ribeiro,75,81,17,8,28,205.0,6,0,8,0,0,0:00,0,27,0,1,0:27,0,1,http://www.ufcstats.com/fighter-details/49edd0d90f60fb7d
David Martinez,65,67,12,1,26,135.0,1,1,79,0,0,0:00,0,46,0,0,0:25,0,3,http://www.ufcstats.com/fighter-details/9a97acbfd5a08bfa
David Martinez,65,67,12,1,26,135.0,2,1,27,0,1,0:42,0,7,0,0,0:00,0,1,http://www.ufcstats.com/fighter-details/9a97acbfd5a08bfa
Gauge Young,69,70,9,3,24,155.0,1,0,64,0,0,1:44,0,81,9,0,4:40,1,3,http://www.ufcstats.com/fighter-details/b2a78df161bd67f9
Gauge Young,69,70,9,3,24,155.0,2,0,81,0,0,0:02,0,115,0,0,0:16,0,3,http://www.ufcstats.com/fighter-details/b2a78df161bd67f9
Evan Elder,70,72,10,2,25,170.0,1,0,27,0,0,1:47,0,75,4,0,7:48,5,3,http://www.ufcstats.com/fighter-details/d9a56ecb6e94f02e
Evan Elder,70,72,10,2,25,155.0,2,0,70,1,1,1:33,0,64,1,0,0:19,0,3,http://www.ufcstats.com/fighter-details/d9a56ecb6e94f02e
Evan Elder,70,72,10,2,26,155.0,3,1,96,1,1,0:06,1,64,0,1,0:02,0,3,http://www.ufcstats.com/fighter-details/d9a56ecb6e94f02e
Evan Elder,70,72,10,2,27,170.0,4,1,45,0,0,2:01,1,24,1,0,0:28,0,2,http://www.ufcstats.com/fighter-details/d9a56ecb6e94f02e
Evan Elder,70,72,10,2,28,155.0,5,1,115,0,0,0:16,0,81,0,0,0:02,0,3,http://www.ufcstats.com/fighter-details/d9a56ecb6e94f02e
Quillan Salkilld,72,75,9,1,24,155.0,1,1,81,9,0,4:40,1,64,0,0,1:44,0,3,http://www.ufcstats.com/fighter-details/17734443a833cdf7
Quillan Salkilld,72,75,9,1,25,155.0,2,1,6,0,1,0:01,0,0,0,0,0:00,0,1,http://www.ufcstats.com/fighter-details/17734443a833cdf7
Quillan Salkilld,72,75,9,1,25,155.0,3,1,79,8,0,7:35,0,41,0,0,2:08,0,3,http://www.ufcstats.com/fighter-details/17734443a833cdf7
Cameron Smotherman,69,69,12,6,25,135.0,1,0,4,0,0,0:00,0,13,0,1,0:04,0,1,http://www.ufcstats.com/fighter-details/5c84f673b7bb7c15
Cameron Smotherman,69,69,12,6,27,135.0,2,1,96,0,0,0:00,0,60,1,0,1:53,0,3,http://www.ufcstats.com/fighter-details/5c84f673b7bb7c15
Cameron Smotherman,69,69,12,6,27,135.0,3,0,58,0,0,0:00,0,55,5,0,4:12,1,3,http://www.ufcstats.com/fighter-details/5c84f673b7bb7c15
Cameron Smotherman,69,69,12,6,27,135.0,4,0,29,0,0,0:02,0,34,3,0,9:13,0,3,http://www.ufcstats.com/fighter-details/5c84f673b7bb7c15
Gunnar Nelson,71,72,19,6,30,170.0,1,1,11,2,0,4:42,1,36,0,0,3:06,0,2,http://www.ufcstats.com/fighter-details/fd55393021a8c255
Gunnar Nelson,71,72,19,6,30,170.0,2,0,9,3,0,4:23,0,31,2,1,3:29,0,3,http://www.ufcstats.com/fighter-details/fd55393021a8c255
Gunnar Nelson,71,72,19,6,31,170.0,3,0,20,0,0,4:48,0,30,1,0,1:55,1,3,http://www.ufcstats.com/fighter-details/fd55393021a8c255
Gunnar Nelson,71,72,19,6,33,170.0,4,1,44,3,0,8:09,1,9,0,0,0:00,0,3,http://www.ufcstats.com/fighter-details/fd55393021a8c255
Gunnar Nelson,71,72,19,6,34,170.0,5,1,10,1,0,3:13,1,7,0,0,0:00,0,1,http://www.ufcstats.com/fighter-details/fd55393021a8c255
Gunnar Nelson,71,72,19,6,36,170.0,6,0,15,3,0,9:29,1,55,0,1,1:04,0,3,http://www.ufcstats.com/fighter-details/fd55393021a8c255
Kyle Prepolec,70,70,18,9,29,170.0,1,0,52,0,0,0:00,0,90,0,0,0:03,0,3,http://www.ufcstats.com/fighter-details/873626e5547b5235
Kyle Prepolec,70,70,18,9,30,155.0,2,0,44,0,0,0:48,0,51,3,0,5:42,0,3,http://www.ufcstats.com/fighter-details/873626e5547b5235
Kyle Prepolec,70,70,18,9,35,155.0,3,0,12,0,0,0:07,0,54,3,0,5:32,2,2,http://www.ufcstats.com/fighter-details/873626e5547b5235
Patricio Freire,66,67,36,8,37,145.0,1,0,17,1,0,1:03,1,70,1,1,1:43,0,3,http://www.ufcstats.com/fighter-details/98a58c26c5b1ed17
Thomas Petersen,73,74,10,3,28,265.0,1,1,22,3,0,4:36,1,15,0,0,0:08,0,2,http://www.ufcstats.com/fighter-details/764d39074a352e33
Thomas Petersen,73,74,10,3,28,265.0,2,0,58,1,0,2:47,0,65,0,0,0:04,0,3,http://www.ufcstats.com/fighter-details/764d39074a352e33
Thomas Petersen,73,74,10,3,29,265.0,3,1,76,2,0,1:01,0,63,0,0,0:00,0,3,http://www.ufcstats.com/fighter-details/764d39074a352e33
Thomas Petersen,73,74,10,3,29,265.0,4,0,19,1,0,0:08,0,14,0,1,0:01,0,1,http://www.ufcstats.com/fighter-details/764d39074a352e33
Thomas Petersen,73,74,10,3,30,265.0,5,1,28,9,0,13:49,1,3,0,0,0:00,0,3,http://www.ufcstats.com/fighter-details/764d39074a352e33
MarQuel Mederos,70,69,11,1,26,155.0,1,1,24,0,1,0:01,0,8,0,0,1:36,0,1,http://www.ufcstats.com/fighter-details/e2be0c1a9b886d92
MarQuel Mederos,70,69,11,1,27,155.0,2,1,60,0,0,4:13,0,55,1,0,2:04,0,3,http://www.ufcstats.com/fighter-details/e2be0c1a9b886d92
MarQuel Mederos,70,69,11,1,28,155.0,3,1,44,0,0,1:33,0,26,2,0,7:34,1,3,http://www.ufcstats.com/fighter-details/e2be0c1a9b886d92
MarQuel Mederos,70,69,11,1,28,155.0,4,1,110,0,1,0:38,0,58,2,0,4:39,0,3,http://www.ufcstats.com/fighter-details/e2be0c1a9b886d92
Kaue Fernandes,69,73,10,2,28,155.0,1,0,23,1,0,1:27,0,13,3,0,8:38,0,3,http://www.ufcstats.com/fighter-details/ec13c393d029297d
Kaue Fernandes,69,73,10,2,29,155.0,2,1,37,0,1,0:09,0,4,0,0,0:00,0,1,http://www.ufcstats.com/fighter-details/ec13c393d029297d
Kaue Fernandes,69,73,10,2,30,155.0,3,1,79,2,2,1:43,0,29,0,0,0:05,0,3,http://www.ufcstats.com/fighter-details/ec13c393d029297d
HyunSung Park,67,66,10,0,26,125.0,1,1,29,1,0,0:31,0,11,0,0,0:19,0,1,http://www.ufcstats.com/fighter-details/b671bdf981ad527d
HyunSung Park,67,66,10,0,26,125.0,2,1,4,1,0,0:43,2,22,0,1,0:11,0,1,http://www.ufcstats.com/fighter-details/b671bdf981ad527d
HyunSung Park,67,66,10,0,27,125.0,3,1,38,1,0,1:47,3,20,0,1,2:38,0,3,http://www.ufcstats.com/fighter-details/b671bdf981ad527d
HyunSung Park,67,66,10,0,28,125.0,4,1,50,0,2,3:21,0,47,0,0,0:00,0,2,http://www.ufcstats.com/fighter-details/b671bdf981ad527d
HyunSung Park,67,66,10,0,29,125.0,5,1,14,1,0,0:33,1,4,0,0,0:00,0,1,http://www.ufcstats.com/fighter-details/b671bdf981ad527d
Patchy Mix,71,70,20,2,31,135.0,1,0,122,0,0,0:00,0,173,0,0,0:00,0,3,http://www.ufcstats.com/fighter-details/2cfba6c837c03ed0
Billy Ray Goff,70,72,9,4,24,170.0,1,1,36,2,1,0:37,0,15,0,1,0:34,0,1,http://www.ufcstats.com/fighter-details/fa07345cc9db5cc9
Billy Ray Goff,70,72,9,4,25,170.0,2,1,40,0,1,0:05,0,17,0,0,0:00,0,1,http://www.ufcstats.com/fighter-details/fa07345cc9db5cc9
Billy Ray Goff,70,72,9,4,25,170.0,3,0,116,1,0,4:06,0,96,0,0,0:00,1,3,http://www.ufcstats.com/fighter-details/fa07345cc9db5cc9
Billy Ray Goff,70,72,9,4,26,170.0,4,0,1,0,0,0:59,0,1,2,0,1:42,1,1,http://www.ufcstats.com/fighter-details/fa07345cc9db5cc9
Luis Gurule,65,64,10,1,30,125.0,1,1,105,0,0,0:09,0,64,10,0,5:33,0,3,http://www.ufcstats.com/fighter-details/29162be25ebef5f0
Luis Gurule,65,64,10,1,31,125.0,2,0,12,1,0,2:17,0,18,0,1,0:07,0,2,http://www.ufcstats.com/fighter-details/29162be25ebef5f0
Bolaji Oki,70,73,10,2,27,155.0,1,1,32,0,1,0:08,0,12,0,0,0:00,0,1,http://www.ufcstats.com/fighter-details/4bdedbdeedff7d1d
Bolaji Oki,70,73,10,2,28,155.0,2,1,60,1,0,1:49,0,33,1,0,1:55,0,3,http://www.ufcstats.com/fighter-details/4bdedbdeedff7d1d
Bolaji Oki,70,73,10,2,28,155.0,3,0,28,2,0,1:11,0,10,0,0,0:00,1,1,http://www.ufcstats.com/fighter-details/4bdedbdeedff7d1d
Bolaji Oki,70,73,10,2,29,155.0,4,1,136,0,0,0:00,0,118,0,0,0:00,0,3,http://www.ufcstats.com/fighter-details/4bdedbdeedff7d1d
Michael Aswell,68,69,10,3,23,145.0,1,0,155,0,0,0:32,0,102,3,0,1:32,0,3,http://www.ufcstats.com/fighter-details/01c9e4013afce141
Michael Aswell,68,69,10,3,24,155.0,2,0,118,0,0,0:00,0,136,0,0,0:00,0,3,http://www.ufcstats.com/fighter-details/01c9e4013afce141
Dylan Salvador,69,69,5,2,30,155.0,1,0,12,0,0,0:00,0,32,0,1,0:08,0,1,http://www.ufcstats.com/fighter-details/a7a3fb5f6c67b122
JooSang Yoo,67,71,9,0,31,145.0,1,1,6,0,1,0:00,0,2,0,0,0:00,0,1,http://www.ufcstats.com/fighter-details/a44020ea2e8cd026
Yadier del Valle,69,69,9,0,28,145.0,1,1,125,2,0,5:46,1,59,1,0,1:32,1,3,http://www.ufcstats.com/fighter-details/70380ccdc81915b8
Yadier del Valle,69,69,9,0,28,145.0,2,1,9,1,0,1:21,1,3,0,0,0:00,0,1,http://www.ufcstats.com/fighter-details/70380ccdc81915b8
Johnny Munoz,69,71,12,4,27,145.0,1,0,49,2,0,9:42,1,21,1,0,1:29,0,3,http://www.ufcstats.com/fighter-details/f6bcbd91b114ff58
Johnny Munoz,69,71,12,4,28,135.0,2,1,14,2,0,2:04,3,7,0,0,0:00,0,2,http://www.ufcstats.com/fighter-details/f6bcbd91b114ff58
Johnny Munoz,69,71,12,4,29,135.0,3,0,2,0,0,0:00,0,5,0,1,0:03,0,1,http://www.ufcstats.com/fighter-details/f6bcbd91b114ff58
Johnny Munoz,69,71,12,4,29,135.0,4,1,78,2,0,2:39,0,56,0,0,1:30,0,3,http://www.ufcstats.com/fighter-details/f6bcbd91b114ff58
Johnny Munoz,69,71,12,4,30,135.0,5,0,18,1,0,1:19,1,50,3,0,10:47,0,3,http://www.ufcstats.com/fighter-details/f6bcbd91b114ff58
Johnny Munoz,69,71,12,4,30,135.0,6,0,7,4,0,4:30,3,44,2,1,5:39,0,3,http://www.ufcstats.com/fighter-details/f6bcbd91b114ff58
SeungGuk Choi,66,64,7,3,25,125.0,1,1,53,0,0,6:18,0,33,1,0,1:05,0,3,http://www.ufcstats.com/fighter-details/adccbc19b22e19af
SeungGuk Choi,66,64,7,3,25,125.0,2,1,26,3,0,3:58,0,37,0,0,0:22,0,3,http://www.ufcstats.com/fighter-details/adccbc19b22e19af
SeungGuk Choi,66,64,7,3,26,125.0,3,0,20,0,1,2:38,0,38,1,0,1:47,3,3,http://www.ufcstats.com/fighter-details/adccbc19b22e19af
SeungGuk Choi,66,64,7,3,26,125.0,4,1,70,2,0,0:34,0,42,6,0,1:33,0,3,http://www.ufcstats.com/fighter-details/adccbc19b22e19af
SeungGuk Choi,66,64,7,3,26,125.0,5,0,28,0,0,0:01,0,47,1,0,0:15,0,3,http://www.ufcstats.com/fighter-details/adccbc19b22e19af
Jeremia Siregar,62,63,6,3,30,125.0,1,0,11,0,0,0:19,0,29,1,0,0:31,0,1,http://www.ufcstats.com/fighter-details/a7ac3b1b0c4146db
Jose Delgado,71,73,9,1,26,145.0,1,1,40,3,1,2:17,0,27,0,0,0:14,0,2,http://www.ufcstats.com/fighter-details/7d6ceff6747f2de2
Jose Delgado,71,73,9,1,26,145.0,2,1,21,0,1,0:08,0,6,2,0,0:47,0,1,http://www.ufcstats.com/fighter-details/7d6ceff6747f2de2
Ernie Juarez,68,70,8,1,26,145.0,1,0,27,0,0,0:14,0,40,3,1,2:17,0,2,http://www.ufcstats.com/fighter-details/410898e8dd6ca9b6
Ryan Loder,74,76,8,2,33,185.0,1,1,42,1,0,4:45,1,1,0,0,1:38,2,2,http://www.ufcstats.com/fighter-details/d5bab53a1a603aac
Ryan Loder,74,76,8,2,33,185.0,2,0,13,0,0,0:13,0,23,0,2,1:04,0,1,http://www.ufcstats.com/fighter-details/d5bab53a1a603aac
Mateo Vogel,68,71,8,3,27,145.0,1,0,67,1,0,4:04,0,43,0,0,0:06,0,3,http://www.ufcstats.com/fighter-details/90b57b19d20e1969
Jimmy Flick,67,68,17,9,30,125.0,1,1,6,0,0,0:00,1,21,2,0,1:21,0,1,http://www.ufcstats.com/fighter-details/09e62c450e754913
Jimmy Flick,67,68,17,9,32,125.0,2,0,7,1,0,0:24,0,34,0,0,1:39,0,1,http://www.ufcstats.com/fighter-details/09e62c450e754913
Jimmy Flick,67,68,17,9,32,125.0,3,0,14,0,0,0:14,0,65,0,1,0:50,0,2,http://www.ufcstats.com/fighter-details/09e62c450e754913
Jimmy Flick,67,68,17,9,33,125.0,4,1,3,1,0,1:07,4,37,1,0,4:13,1,2,http://www.ufcstats.com/fighter-details/09e62c450e754913
Jimmy Flick,67,68,17,9,33,125.0,5,0,37,1,0,2:41,2,89,0,0,4:23,2,3,http://www.ufcstats.com/fighter-details/09e62c450e754913
Jimmy Flick,67,68,17,9,34,125.0,6,0,12,5,0,8:28,1,35,0,0,3:53,3,3,http://www.ufcstats.com/fighter-details/09e62c450e754913
Matthieu Duclos,75,77,6,3,29,185.0,1,0,30,0,0,0:02,0,52,0,2,1:20,0,2,http://www.ufcstats.com/fighter-details/ec322adbabbfa6e7
Yousri Belgaroui,77,79,8,3,31,185.0,1,0,33,0,0,1:25,0,48,2,0,6:18,1,3,http://www.ufcstats.com/fighter-details/7674b836ce0698a0
Yousri Belgaroui,77,79,8,3,32,185.0,2,1,89,0,1,0:31,0,25,0,0,3:03,0,3,http://www.ufcstats.com/fighter-details/7674b836ce0698a0
Michael Chiesa,73,75,19,7,33,170.0,1,0,4,1,0,1:01,2,7,0,0,0:10,1,1,http://www.ufcstats.com/fighter-details/c58f51dedb310998
Michael Chiesa,73,75,19,7,33,170.0,2,0,29,1,0,0:53,0,18,5,0,7:45,0,3,http://www.ufcstats.com/fighter-details/c58f51dedb310998
Michael Chiesa,73,75,19,7,35,170.0,3,0,4,0,0,0:15,0,9,0,0,0:40,1,1,http://www.ufcstats.com/fighter-details/c58f51dedb310998
Michael Chiesa,73,75,19,7,36,170.0,4,1,4,1,0,0:34,1,10,0,0,0:00,0,1,http://www.ufcstats.com/fighter-details/c58f51dedb310998
Michael Chiesa,73,75,19,7,37,170.0,5,1,13,2,0,3:48,1,10,0,0,1:19,0,3,http://www.ufcstats.com/fighter-details/c58f51dedb310998
Michael Chiesa,73,75,19,7,37,170.0,6,1,72,0,0,1:32,0,39,0,0,0:45,0,3,http://www.ufcstats.com/fighter-details/c58f51dedb310998
Kamaru Usman,72,76,21,4,33,170.0,1,1,21,2,1,1:42,0,31,0,0,0:00,0,2,http://www.ufcstats.com/fighter-details/f1b2aa7853d1ed6e
Kamaru Usman,72,76,21,4,34,170.0,2,1,123,1,2,1:16,0,107,0,0,1:54,0,5,http://www.ufcstats.com/fighter-details/f1b2aa7853d1ed6e
Kamaru Usman,72,76,21,4,35,170.0,3,0,83,5,0,10:36,0,55,1,1,2:55,1,5,http://www.ufcstats.com/fighter-details/f1b2aa7853d1ed6e
Kamaru Usman,72,76,21,4,35,170.0,4,0,87,4,0,5:03,0,120,0,0,0:00,0,5,http://www.ufcstats.com/fighter-details/f1b2aa7853d1ed6e
Kamaru Usman,72,76,21,4,36,185.0,5,0,36,0,0,0:04,0,38,4,0,7:16,1,3,http://www.ufcstats.com/fighter-details/f1b2aa7853d1ed6e
Kamaru Usman,72,76,21,4,38,170.0,6,1,41,4,0,12:57,0,44,0,0,0:00,0,5,http://www.ufcstats.com/fighter-details/f1b2aa7853d1ed6e
Cody Garbrandt,68,65,14,7,29,135.0,1,0,63,3,0,3:02,0,176,2,0,1:13,0,5,http://www.ufcstats.com/fighter-details/d8c7c61b176e3994
Cody Garbrandt,68,65,14,7,30,125.0,2,0,9,0,0,0:06,0,23,0,2,0:06,0,1,http://www.ufcstats.com/fighter-details/d8c7c61b176e3994
Cody Garbrandt,68,65,14,7,31,135.0,3,1,26,2,0,2:32,0,20,1,0,1:39,1,3,http://www.ufcstats.com/fighter-details/d8c7c61b176e3994
Cody Garbrandt,68,65,14,7,32,135.0,4,1,20,0,1,0:21,0,17,0,0,0:36,0,1,http://www.ufcstats.com/fighter-details/d8c7c61b176e3994
Cody Garbrandt,68,65,14,7,32,135.0,5,0,16,0,0,0:02,0,13,1,0,3:43,2,2,http://www.ufcstats.com/fighter-details/d8c7c61b176e3994
Cody Garbrandt,68,65,14,7,33,135.0,6,0,28,0,0,0:46,0,37,1,0,2:26,0,3,http://www.ufcstats.com/fighter-details/d8c7c61b176e3994
Phil Rowe,75,80,11,5,31,170.0,1,1,46,0,1,0:12,0,22,2,0,6:34,0,2,http://www.ufcstats.com/fighter-details/8e382b585a92affe
Phil Rowe,75,80,11,5,31,170.0,2,1,8,0,1,0:01,0,8,4,0,5:11,0,2,http://www.ufcstats.com/fighter-details/8e382b585a92affe
Phil Rowe,75,80,11,5,32,170.0,3,1,63,1,0,1:29,2,110,0,0,1:29,0,3,http://www.ufcstats.com/fighter-details/8e382b585a92affe
Phil Rowe,75,80,11,5,32,170.0,4,0,34,1,0,4:38,0,29,0,0,4:31,0,3,http://www.ufcstats.com/fighter-details/8e382b585a92affe
Phil Rowe,75,80,11,5,33,170.0,5,0,34,0,0,1:50,0,66,1,0,3:04,0,3,http://www.ufcstats.com/fighter-details/8e382b585a92affe
Phil Rowe,75,80,11,5,34,170.0,6,1,85,0,1,0:10,0,65,3,1,6:13,0,3,http://www.ufcstats.com/fighter-details/8e382b585a92affe
Cody Durden,67,67,17,8,32,125.0,1,1,38,4,0,7:25,1,26,0,0,2:04,3,3,http://www.ufcstats.com/fighter-details/7f6ed67d3ed3c036
Cody Durden,67,67,17,8,32,125.0,2,0,32,0,0,0:36,0,24,2,1,6:03,5,2,http://www.ufcstats.com/fighter-details/7f6ed67d3ed3c036
Cody Durden,67,67,17,8,33,125.0,3,0,28,1,0,2:35,3,42,0,1,0:23,0,2,http://www.ufcstats.com/fighter-details/7f6ed67d3ed3c036
Cody Durden,67,67,17,8,33,135.0,4,1,34,0,0,0:10,1,40,0,0,0:00,0,2,http://www.ufcstats.com/fighter-details/7f6ed67d3ed3c036
Cody Durden,67,67,17,8,33,125.0,5,0,70,2,0,3:14,0,165,0,0,0:20,0,3,http://www.ufcstats.com/fighter-details/7f6ed67d3ed3c036
Cody Durden,67,67,17,8,34,125.0,6,0,9,2,0,1:42,0,30,0,1,0:13,0,2,http://www.ufcstats.com/fighter-details/7f6ed67d3ed3c036
Court McGee,71,75,23,14,37,170.0,1,1,54,5,1,10:57,1,32,1,0,0:30,1,3,http://www.ufcstats.com/fighter-details/523fa774700d7d3f
Court McGee,71,75,23,14,37,170.0,2,0,3,0,0,0:00,0,7,0,1,0:02,0,1,http://www.ufcstats.com/fighter-details/523fa774700d7d3f
Court McGee,71,75,23,14,38,170.0,3,0,8,1,0,1:57,0,11,0,1,0:02,0,1,http://www.ufcstats.com/fighter-details/523fa774700d7d3f
Court McGee,71,75,23,14,39,170.0,4,0,60,1,0,3:20,0,38,0,0,0:00,1,3,http://www.ufcstats.com/fighter-details/523fa774700d7d3f
Court McGee,71,75,23,14,39,170.0,5,1,14,1,0,1:58,1,5,0,0,0:00,0,1,http://www.ufcstats.com/fighter-details/523fa774700d7d3f
Court McGee,71,75,23,14,40,170.0,6,0,39,0,0,0:45,0,72,0,0,1:32,0,3,http://www.ufcstats.com/fighter-details/523fa774700d7d3f
Oumar Sy,76,83,11,1,28,205.0,1,1,0,2,0,3:30,1,3,0,0,0:00,0,1,http://www.ufcstats.com/fighter-details/46e2011d92463b7e
Oumar Sy,76,83,11,1,28,205.0,2,1,90,2,0,3:02,0,29,0,0,0:09,0,3,http://www.ufcstats.com/fighter-details/46e2011d92463b7e
Oumar Sy,76,83,11,1,29,205.0,3,0,34,1,0,4:13,0,29,0,0,0:00,0,3,http://www.ufcstats.com/fighter-details/46e2011d92463b7e
Ange Loosa,70,74,10,5,28,170.0,1,0,64,1,0,2:23,1,108,0,0,1:08,0,3,http://www.ufcstats.com/fighter-details/1497e735d9f2560a
Ange Loosa,70,74,10,5,29,170.0,2,0,88,0,0,0:08,0,141,0,0,1:02,0,3,http://www.ufcstats.com/fighter-details/1497e735d9f2560a
Ange Loosa,70,74,10,5,29,170.0,3,1,129,2,0,5:26,0,87,0,0,0:36,0,3,http://www.ufcstats.com/fighter-details/1497e735d9f2560a
Ange Loosa,70,74,10,5,30,170.0,4,1,98,6,0,6:07,0,77,0,0,0:05,0,3,http://www.ufcstats.com/fighter-details/1497e735d9f2560a
Ange Loosa,70,74,10,5,31,170.0,5,0,52,4,0,2:35,0,101,1,0,0:10,0,3,http://www.ufcstats.com/fighter-details/1497e735d9f2560a
Ange Loosa,70,74,10,5,32,170.0,6,0,65,3,1,6:13,0,85,0,1,0:10,0,3,http://www.ufcstats.com/fighter-details/1497e735d9f2560a
Kris Moutinho,67,68,14,7,28,135.0,1,0,70,0,0,0:09,0,230,0,1,0:04,0,3,http://www.ufcstats.com/fighter-details/9c27f3217891f3f0
Kris Moutinho,67,68,14,7,29,135.0,2,0,11,0,0,0:00,0,28,0,0,0:01,0,1,http://www.ufcstats.com/fighter-details/9c27f3217891f3f0
Kris Moutinho,67,68,14,7,32,135.0,3,0,6,0,0,0:00,0,25,0,1,0:08,0,1,http://www.ufcstats.com/fighter-details/9c27f3217891f3f0
Ricky Simon,66,69,22,6,29,135.0,1,1,25,2,1,4:06,1,19,0,0,0:13,0,2,http://www.ufcstats.com/fighter-details/5987b2458f4b5290
Ricky Simon,66,69,22,6,30,135.0,2,0,60,2,0,0:51,0,105,0,2,0:27,0,5,http://www.ufcstats.com/fighter-details/5987b2458f4b5290
Ricky Simon,66,69,22,6,31,135.0,3,0,45,2,0,3:00,0,112,0,0,0:14,0,3,http://www.ufcstats.com/fighter-details/5987b2458f4b5290
Ricky Simon,66,69,22,6,31,135.0,4,0,42,2,0,0:31,0,96,1,0,0:16,0,3,http://www.ufcstats.com/fighter-details/5987b2458f4b5290
Ricky Simon,66,69,22,6,32,135.0,5,1,11,1,1,1:16,0,20,0,0,0:01,0,1,http://www.ufcstats.com/fighter-details/5987b2458f4b5290
Ricky Simon,66,69,22,6,32,135.0,6,1,34,3,0,9:13,0,29,0,0,0:02,0,3,http://www.ufcstats.com/fighter-details/5987b2458f4b5290
Mansur Abdul-Malik,74,80,9,0,26,185.0,1,1,48,0,0,2:41,0,46,2,0,1:18,0,2,http://www.ufcstats.com/fighter-details/841695e02c99a521
Mansur Abdul-Malik,74,80,9,0,27,185.0,2,1,29,0,1,1:27,0,3,0,0,0:03,0,1,http://www.ufcstats.com/fighter-details/841695e02c99a521
Mansur Abdul-Malik,74,80,9,0,27,185.0,3,1,29,1,0,0:35,0,28,1,0,3:01,0,2,http://www.ufcstats.com/fighter-details/841695e02c99a521
Mansur Abdul-Malik,74,80,9,0,27,185.0,4,1,25,0,0,0:07,0,30,0,0,0:01,0,3,http://www.ufcstats.com/fighter-details/841695e02c99a521
Raoni Barcelos,67,67,20,5,35,135.0,1,1,73,2,1,7:07,0,11,0,0,0:00,0,3,http://www.ufcstats.com/fighter-details/b9f28e7045fdfce7
Raoni Barcelos,67,67,20,5,35,135.0,2,0,13,0,0,0:00,0,36,0,1,0:02,0,1,http://www.ufcstats.com/fighter-details/b9f28e7045fdfce7
Raoni Barcelos,67,67,20,5,36,135.0,3,0,46,3,0,1:42,0,72,1,1,0:47,0,3,http://www.ufcstats.com/fighter-details/b9f28e7045fdfce7
Raoni Barcelos,67,67,20,5,36,135.0,4,1,43,2,0,1:02,2,29,2,0,3:13,0,3,http://www.ufcstats.com/fighter-details/b9f28e7045fdfce7
Raoni Barcelos,67,67,20,5,37,135.0,5,1,62,8,0,9:43,2,49,1,0,1:25,0,3,http://www.ufcstats.com/fighter-details/b9f28e7045fdfce7
Raoni Barcelos,67,67,20,5,38,135.0,6,1,37,1,0,2:26,0,28,0,0,0:46,0,3,http://www.ufcstats.com/fighter-details/b9f28e7045fdfce7
Andre Petroski,72,73,13,5,32,185.0,1,0,0,0,0,0:00,0,6,0,1,0:04,0,1,http://www.ufcstats.com/fighter-details/5f61780fe5e9b6d0
Andre Petroski,72,73,13,5,32,185.0,2,0,13,1,0,0:13,0,20,0,0,0:32,0,2,http://www.ufcstats.com/fighter-details/5f61780fe5e9b6d0
Andre Petroski,72,73,13,5,33,185.0,3,1,12,3,0,12:50,1,16,0,0,0:13,0,3,http://www.ufcstats.com/fighter-details/5f61780fe5e9b6d0
Andre Petroski,72,73,13,5,33,185.0,4,1,23,3,0,9:20,0,17,0,0,0:00,0,3,http://www.ufcstats.com/fighter-details/5f61780fe5e9b6d0
Andre Petroski,72,73,13,5,33,185.0,5,1,55,0,0,0:05,0,58,1,0,1:50,0,3,http://www.ufcstats.com/fighter-details/5f61780fe5e9b6d0
Andre Petroski,72,73,13,5,34,185.0,6,0,34,2,0,0:23,0,53,0,1,0:15,0,3,http://www.ufcstats.com/fighter-details/5f61780fe5e9b6d0
Edmen Shahbazyan,74,75,15,5,25,185.0,1,1,54,0,0,1:08,0,23,0,0,0:15,0,2,http://www.ufcstats.com/fighter-details/4144798612ef96e5
Edmen Shahbazyan,74,75,15,5,25,185.0,2,0,30,1,0,0:41,1,63,6,0,7:11,4,3,http://www.ufcstats.com/fighter-details/4144798612ef96e5
Edmen Shahbazyan,74,75,15,5,26,185.0,3,1,27,1,1,0:49,0,15,0,0,1:15,0,1,http://www.ufcstats.com/fighter-details/4144798612ef96e5
Edmen Shahbazyan,74,75,15,5,26,185.0,4,0,48,0,0,2:21,0,21,1,0,0:21,1,2,http://www.ufcstats.com/fighter-details/4144798612ef96e5
Edmen Shahbazyan,74,75,15,5,27,185.0,5,1,7,0,1,0:03,0,1,0,0,0:00,0,1,http://www.ufcstats.com/fighter-details/4144798612ef96e5
Edmen Shahbazyan,74,75,15,5,27,185.0,6,1,53,0,1,0:15,0,34,2,0,0:23,0,3,http://www.ufcstats.com/fighter-details/4144798612ef96e5
Cody Brundage,72,72,11,7,29,185.0,1,0,3,2,0,1:53,1,17,0,0,11:08,0,3,http://www.ufcstats.com/fighter-details/f14f644d41ade29f
Cody Brundage,72,72,11,7,29,185.0,2,1,2,1,0,0:26,0,28,1,0,3:39,0,1,http://www.ufcstats.com/fighter-details/f14f644d41ade29f
Cody Brundage,72,72,11,7,29,185.0,3,1,9,1,0,1:25,0,4,0,0,0:00,1,1,http://www.ufcstats.com/fighter-details/f14f644d41ade29f
Cody Brundage,72,72,11,7,29,185.0,4,0,4,0,0,0:03,0,8,3,0,7:25,2,2,http://www.ufcstats.com/fighter-details/f14f644d41ade29f
Cody Brundage,72,72,11,7,30,185.0,5,1,44,0,1,0:48,0,37,0,0,0:30,1,1,http://www.ufcstats.com/fighter-details/f14f644d41ade29f
Cody Brundage,72,72,11,7,31,185.0,6,0,30,0,0,0:01,0,25,0,0,0:07,0,3,http://www.ufcstats.com/fighter-details/f14f644d41ade29f
Alonzo Menifield,72,76,17,5,35,205.0,1,1,21,0,0,1:45,1,26,1,0,1:12,0,2,http://www.ufcstats.com/fighter-details/a495f599e787614f
Alonzo Menifield,72,76,17,5,36,205.0,2,1,68,1,1,2:03,0,93,0,0,2:08,0,3,http://www.ufcstats.com/fighter-details/a495f599e787614f
Alonzo Menifield,72,76,17,5,36,205.0,3,0,1,0,0,0:00,0,7,0,1,0:02,0,1,http://www.ufcstats.com/fighter-details/a495f599e787614f
Alonzo Menifield,72,76,17,5,36,205.0,4,0,15,0,0,0:51,0,45,0,1,0:44,0,2,http://www.ufcstats.com/fighter-details/a495f599e787614f
Alonzo Menifield,72,76,17,5,37,205.0,5,1,87,0,0,0:43,0,86,1,0,5:31,0,3,http://www.ufcstats.com/fighter-details/a495f599e787614f
Alonzo Menifield,72,76,17,5,37,205.0,6,1,29,0,0,0:00,0,34,1,0,4:13,0,3,http://www.ufcstats.com/fighter-details/a495f599e787614f
Malcolm Wellmaker,70,71,10,0,30,135,1,1,20,0,1,0:06,0,19,0,0,0:00,0,1,http://www.ufcstats.com/fighter-details/2e45d08b3f2f02c8
Malcolm Wellmaker,70,71,10,0,30,135,2,1,6,0,1,0:01,0,9,0,0,0:00,0,1,http://www.ufcstats.com/fighter-details/2e45d08b3f2f02c8
Malcolm Wellmaker,70,71,10,0,31,135,3,1,25,0,1,0:08,0,6,0,0,0:00,0,1,http://www.ufcstats.com/fighter-details/2e45d08b3f2f02c8
Joaquin Buckley,70,76,21,7,29,170,1,1,68,2,0,2:21,0,40,1,0,0:13,0,3,http://www.ufcstats.com/fighter-details/b9437600497350f3
Joaquin Buckley,70,76,21,7,29,170,2,1,55,0,0,0:49,0,21,0,0,0:09,0,2,http://www.ufcstats.com/fighter-details/b9437600497350f3
Joaquin Buckley,70,76,21,7,30,170,3,1,86,4,1,5:30,0,31,0,0,0:34,0,3,http://www.ufcstats.com/fighter-details/b9437600497350f3
Joaquin Buckley,70,76,21,7,30,170,4,1,34,4,1,4:13,0,49,0,0,0:03,0,3,http://www.ufcstats.com/fighter-details/b9437600497350f3
Joaquin Buckley,70,76,21,7,30,170,5,1,75,0,0,1:18,1,37,1,0,3:40,0,3,http://www.ufcstats.com/fighter-details/b9437600497350f3
Joaquin Buckley,70,76,21,7,31,170,6,0,44,0,0,0:00,0,41,4,0,12:57,0,5,http://www.ufcstats.com/fighter-details/b9437600497350f3
Hamdy Abdelwahab,74,72,6,1,32,265,1,1,44,1,0,0:57,0,69,0,0,0:00,0,3,http://www.ufcstats.com/fighter-details/3329d692aea4dc28
Hamdy Abdelwahab,74,72,6,1,32,265,2,0,55,0,0,0:02,0,86,0,0,0:00,0,3,http://www.ufcstats.com/fighter-details/3329d692aea4dc28
Tofiq Musayev,69,69,22,6,35,155,1,0,2,0,0,0:12,0,2,3,0,3:40,1,1,http://www.ufcstats.com/fighter-details/ae81a3ac7b260411
